"Variable_Name","DX_CODE","DX_DESC","matched_terms_llm_context"
"A1C","E0800","DIABETES MELLITUS DUE TO UNDERLYING CONDITION WITH HYPEROSMOLARITY WITHOUT NONKETOTIC HYPERGLYCEMIC-HYPEROSMOLAR COMA (NKHHC)","DIABETES"
"A1C","E0801","DIABETES MELLITUS DUE TO UNDERLYING CONDITION WITH HYPEROSMOLARITY WITH COMA","DIABETES"
"A1C","E0810","DIABETES MELLITUS DUE TO UNDERLYING CONDITION WITH KETOACIDOSIS WITHOUT COMA","DIABETES"
"A1C","E0811","DIABETES MELLITUS DUE TO UNDERLYING CONDITION WITH KETOACIDOSIS WITH COMA","DIABETES"
"A1C","E0821","DIABETES MELLITUS DUE TO UNDERLYING CONDITION WITH DIABETIC NEPHROPATHY","DIABETES"
"A1C","E0822","DIABETES MELLITUS DUE TO UNDERLYING CONDITION WITH DIABETIC CHRONIC KIDNEY DISEASE","DIABETES"
"A1C","E0829","DIABETES MELLITUS DUE TO UNDERLYING CONDITION WITH OTHER DIABETIC KIDNEY COMPLICATION","DIABETES"
"A1C","E08311","DIABETES MELLITUS DUE TO UNDERLYING CONDITION WITH UNSPECIFIED DIABETIC RETINOPATHY WITH MACULAR EDEMA","DIABETES"
"A1C","E08319","DIABETES MELLITUS DUE TO UNDERLYING CONDITION WITH UNSPECIFIED DIABETIC RETINOPATHY WITHOUT MACULAR EDEMA","DIABETES"
"A1C","E083211","DIABETES MELLITUS DUE TO UNDERLYING CONDITION WITH MILD NONPROLIFERATIVE DIABETIC RETINOPATHY WITH MACULAR EDEMA, RIGHT EYE","DIABETES"
"A1C","E083212","DIABETES MELLITUS DUE TO UNDERLYING CONDITION WITH MILD NONPROLIFERATIVE DIABETIC RETINOPATHY WITH MACULAR EDEMA, LEFT EYE","DIABETES"
"A1C","E083213","DIABETES MELLITUS DUE TO UNDERLYING CONDITION WITH MILD NONPROLIFERATIVE DIABETIC RETINOPATHY WITH MACULAR EDEMA, BILATERAL","DIABETES"
"A1C","E083219","DIABETES MELLITUS DUE TO UNDERLYING CONDITION WITH MILD NONPROLIFERATIVE DIABETIC RETINOPATHY WITH MACULAR EDEMA, UNSPECIFIED EYE","DIABETES"
"A1C","E083291","DIABETES MELLITUS DUE TO UNDERLYING CONDITION WITH MILD NONPROLIFERATIVE DIABETIC RETINOPATHY WITHOUT MACULAR EDEMA, RIGHT EYE","DIABETES"
"A1C","E083292","DIABETES MELLITUS DUE TO UNDERLYING CONDITION WITH MILD NONPROLIFERATIVE DIABETIC RETINOPATHY WITHOUT MACULAR EDEMA, LEFT EYE","DIABETES"
"A1C","E083293","DIABETES MELLITUS DUE TO UNDERLYING CONDITION WITH MILD NONPROLIFERATIVE DIABETIC RETINOPATHY WITHOUT MACULAR EDEMA, BILATERAL","DIABETES"
"A1C","E083299","DIABETES MELLITUS DUE TO UNDERLYING CONDITION WITH MILD NONPROLIFERATIVE DIABETIC RETINOPATHY WITHOUT MACULAR EDEMA, UNSPECIFIED EYE","DIABETES"
"A1C","E083311","DIABETES MELLITUS DUE TO UNDERLYING CONDITION WITH MODERATE NONPROLIFERATIVE DIABETIC RETINOPATHY WITH MACULAR EDEMA, RIGHT EYE","DIABETES"
"A1C","E083312","DIABETES MELLITUS DUE TO UNDERLYING CONDITION WITH MODERATE NONPROLIFERATIVE DIABETIC RETINOPATHY WITH MACULAR EDEMA, LEFT EYE","DIABETES"
"A1C","E083313","DIABETES MELLITUS DUE TO UNDERLYING CONDITION WITH MODERATE NONPROLIFERATIVE DIABETIC RETINOPATHY WITH MACULAR EDEMA, BILATERAL","DIABETES"
"A1C","E083319","DIABETES MELLITUS DUE TO UNDERLYING CONDITION WITH MODERATE NONPROLIFERATIVE DIABETIC RETINOPATHY WITH MACULAR EDEMA, UNSPECIFIED EYE","DIABETES"
"A1C","E083391","DIABETES MELLITUS DUE TO UNDERLYING CONDITION WITH MODERATE NONPROLIFERATIVE DIABETIC RETINOPATHY WITHOUT MACULAR EDEMA, RIGHT EYE","DIABETES"
"A1C","E083392","DIABETES MELLITUS DUE TO UNDERLYING CONDITION WITH MODERATE NONPROLIFERATIVE DIABETIC RETINOPATHY WITHOUT MACULAR EDEMA, LEFT EYE","DIABETES"
"A1C","E083393","DIABETES MELLITUS DUE TO UNDERLYING CONDITION WITH MODERATE NONPROLIFERATIVE DIABETIC RETINOPATHY WITHOUT MACULAR EDEMA, BILATERAL","DIABETES"
"A1C","E083399","DIABETES MELLITUS DUE TO UNDERLYING CONDITION WITH MODERATE NONPROLIFERATIVE DIABETIC RETINOPATHY WITHOUT MACULAR EDEMA, UNSPECIFIED EYE","DIABETES"
"A1C","E083411","DIABETES MELLITUS DUE TO UNDERLYING CONDITION WITH SEVERE NONPROLIFERATIVE DIABETIC RETINOPATHY WITH MACULAR EDEMA, RIGHT EYE","DIABETES"
"A1C","E083412","DIABETES MELLITUS DUE TO UNDERLYING CONDITION WITH SEVERE NONPROLIFERATIVE DIABETIC RETINOPATHY WITH MACULAR EDEMA, LEFT EYE","DIABETES"
"A1C","E083413","DIABETES MELLITUS DUE TO UNDERLYING CONDITION WITH SEVERE NONPROLIFERATIVE DIABETIC RETINOPATHY WITH MACULAR EDEMA, BILATERAL","DIABETES"
"A1C","E083419","DIABETES MELLITUS DUE TO UNDERLYING CONDITION WITH SEVERE NONPROLIFERATIVE DIABETIC RETINOPATHY WITH MACULAR EDEMA, UNSPECIFIED EYE","DIABETES"
"A1C","E083491","DIABETES MELLITUS DUE TO UNDERLYING CONDITION WITH SEVERE NONPROLIFERATIVE DIABETIC RETINOPATHY WITHOUT MACULAR EDEMA, RIGHT EYE","DIABETES"
"A1C","E083492","DIABETES MELLITUS DUE TO UNDERLYING CONDITION WITH SEVERE NONPROLIFERATIVE DIABETIC RETINOPATHY WITHOUT MACULAR EDEMA, LEFT EYE","DIABETES"
"A1C","E083493","DIABETES MELLITUS DUE TO UNDERLYING CONDITION WITH SEVERE NONPROLIFERATIVE DIABETIC RETINOPATHY WITHOUT MACULAR EDEMA, BILATERAL","DIABETES"
"A1C","E083499","DIABETES MELLITUS DUE TO UNDERLYING CONDITION WITH SEVERE NONPROLIFERATIVE DIABETIC RETINOPATHY WITHOUT MACULAR EDEMA, UNSPECIFIED EYE","DIABETES"
"A1C","E083511","DIABETES MELLITUS DUE TO UNDERLYING CONDITION WITH PROLIFERATIVE DIABETIC RETINOPATHY WITH MACULAR EDEMA, RIGHT EYE","DIABETES"
"A1C","E083512","DIABETES MELLITUS DUE TO UNDERLYING CONDITION WITH PROLIFERATIVE DIABETIC RETINOPATHY WITH MACULAR EDEMA, LEFT EYE","DIABETES"
"A1C","E083513","DIABETES MELLITUS DUE TO UNDERLYING CONDITION WITH PROLIFERATIVE DIABETIC RETINOPATHY WITH MACULAR EDEMA, BILATERAL","DIABETES"
"A1C","E083519","DIABETES MELLITUS DUE TO UNDERLYING CONDITION WITH PROLIFERATIVE DIABETIC RETINOPATHY WITH MACULAR EDEMA, UNSPECIFIED EYE","DIABETES"
"A1C","E083521","DIABETES MELLITUS DUE TO UNDERLYING CONDITION WITH PROLIFERATIVE DIABETIC RETINOPATHY WITH TRACTION RETINAL DETACHMENT INVOLVING THE MACULA, RIGHT EYE","DIABETES"
"A1C","E083522","DIABETES MELLITUS DUE TO UNDERLYING CONDITION WITH PROLIFERATIVE DIABETIC RETINOPATHY WITH TRACTION RETINAL DETACHMENT INVOLVING THE MACULA, LEFT EYE","DIABETES"
"A1C","E083523","DIABETES MELLITUS DUE TO UNDERLYING CONDITION WITH PROLIFERATIVE DIABETIC RETINOPATHY WITH TRACTION RETINAL DETACHMENT INVOLVING THE MACULA, BILATERAL","DIABETES"
"A1C","E083529","DIABETES MELLITUS DUE TO UNDERLYING CONDITION WITH PROLIFERATIVE DIABETIC RETINOPATHY WITH TRACTION RETINAL DETACHMENT INVOLVING THE MACULA, UNSPECIFIED EYE","DIABETES"
"A1C","E083531","DIABETES MELLITUS DUE TO UNDERLYING CONDITION WITH PROLIFERATIVE DIABETIC RETINOPATHY WITH TRACTION RETINAL DETACHMENT NOT INVOLVING THE MACULA, RIGHT EYE","DIABETES"
"A1C","E083532","DIABETES MELLITUS DUE TO UNDERLYING CONDITION WITH PROLIFERATIVE DIABETIC RETINOPATHY WITH TRACTION RETINAL DETACHMENT NOT INVOLVING THE MACULA, LEFT EYE","DIABETES"
"A1C","E083533","DIABETES MELLITUS DUE TO UNDERLYING CONDITION WITH PROLIFERATIVE DIABETIC RETINOPATHY WITH TRACTION RETINAL DETACHMENT NOT INVOLVING THE MACULA, BILATERAL","DIABETES"
"A1C","E083539","DIABETES MELLITUS DUE TO UNDERLYING CONDITION WITH PROLIFERATIVE DIABETIC RETINOPATHY WITH TRACTION RETINAL DETACHMENT NOT INVOLVING THE MACULA, UNSPECIFIED EYE","DIABETES"
"A1C","E083541","DIABETES MELLITUS DUE TO UNDERLYING CONDITION WITH PROLIFERATIVE DIABETIC RETINOPATHY WITH COMBINED TRACTION RETINAL DETACHMENT AND RHEGMATOGENOUS RETINAL DETACHMENT, RIGHT EYE","DIABETES"
"A1C","E083542","DIABETES MELLITUS DUE TO UNDERLYING CONDITION WITH PROLIFERATIVE DIABETIC RETINOPATHY WITH COMBINED TRACTION RETINAL DETACHMENT AND RHEGMATOGENOUS RETINAL DETACHMENT, LEFT EYE","DIABETES"
"A1C","E083543","DIABETES MELLITUS DUE TO UNDERLYING CONDITION WITH PROLIFERATIVE DIABETIC RETINOPATHY WITH COMBINED TRACTION RETINAL DETACHMENT AND RHEGMATOGENOUS RETINAL DETACHMENT, BILATERAL","DIABETES"
"A1C","E083549","DIABETES MELLITUS DUE TO UNDERLYING CONDITION WITH PROLIFERATIVE DIABETIC RETINOPATHY WITH COMBINED TRACTION RETINAL DETACHMENT AND RHEGMATOGENOUS RETINAL DETACHMENT, UNSPECIFIED EYE","DIABETES"
"A1C","E083551","DIABETES MELLITUS DUE TO UNDERLYING CONDITION WITH STABLE PROLIFERATIVE DIABETIC RETINOPATHY, RIGHT EYE","DIABETES"
"A1C","E083552","DIABETES MELLITUS DUE TO UNDERLYING CONDITION WITH STABLE PROLIFERATIVE DIABETIC RETINOPATHY, LEFT EYE","DIABETES"
"A1C","E083553","DIABETES MELLITUS DUE TO UNDERLYING CONDITION WITH STABLE PROLIFERATIVE DIABETIC RETINOPATHY, BILATERAL","DIABETES"
"A1C","E083559","DIABETES MELLITUS DUE TO UNDERLYING CONDITION WITH STABLE PROLIFERATIVE DIABETIC RETINOPATHY, UNSPECIFIED EYE","DIABETES"
"A1C","E083591","DIABETES MELLITUS DUE TO UNDERLYING CONDITION WITH PROLIFERATIVE DIABETIC RETINOPATHY WITHOUT MACULAR EDEMA, RIGHT EYE","DIABETES"
"A1C","E083592","DIABETES MELLITUS DUE TO UNDERLYING CONDITION WITH PROLIFERATIVE DIABETIC RETINOPATHY WITHOUT MACULAR EDEMA, LEFT EYE","DIABETES"
"A1C","E083593","DIABETES MELLITUS DUE TO UNDERLYING CONDITION WITH PROLIFERATIVE DIABETIC RETINOPATHY WITHOUT MACULAR EDEMA, BILATERAL","DIABETES"
"A1C","E083599","DIABETES MELLITUS DUE TO UNDERLYING CONDITION WITH PROLIFERATIVE DIABETIC RETINOPATHY WITHOUT MACULAR EDEMA, UNSPECIFIED EYE","DIABETES"
"A1C","E0836","DIABETES MELLITUS DUE TO UNDERLYING CONDITION WITH DIABETIC CATARACT","DIABETES"
"A1C","E0837X1","DIABETES MELLITUS DUE TO UNDERLYING CONDITION WITH DIABETIC MACULAR EDEMA, RESOLVED FOLLOWING TREATMENT, RIGHT EYE","DIABETES"
"A1C","E0837X2","DIABETES MELLITUS DUE TO UNDERLYING CONDITION WITH DIABETIC MACULAR EDEMA, RESOLVED FOLLOWING TREATMENT, LEFT EYE","DIABETES"
"A1C","E0837X3","DIABETES MELLITUS DUE TO UNDERLYING CONDITION WITH DIABETIC MACULAR EDEMA, RESOLVED FOLLOWING TREATMENT, BILATERAL","DIABETES"
"A1C","E0837X9","DIABETES MELLITUS DUE TO UNDERLYING CONDITION WITH DIABETIC MACULAR EDEMA, RESOLVED FOLLOWING TREATMENT, UNSPECIFIED EYE","DIABETES"
"A1C","E0839","DIABETES MELLITUS DUE TO UNDERLYING CONDITION WITH OTHER DIABETIC OPHTHALMIC COMPLICATION","DIABETES"
"A1C","E0840","DIABETES MELLITUS DUE TO UNDERLYING CONDITION WITH DIABETIC NEUROPATHY, UNSPECIFIED","DIABETES"
"A1C","E0841","DIABETES MELLITUS DUE TO UNDERLYING CONDITION WITH DIABETIC MONONEUROPATHY","DIABETES"
"A1C","E0842","DIABETES MELLITUS DUE TO UNDERLYING CONDITION WITH DIABETIC POLYNEUROPATHY","DIABETES"
"A1C","E0843","DIABETES MELLITUS DUE TO UNDERLYING CONDITION WITH DIABETIC AUTONOMIC (POLY)NEUROPATHY","DIABETES"
"A1C","E0844","DIABETES MELLITUS DUE TO UNDERLYING CONDITION WITH DIABETIC AMYOTROPHY","DIABETES"
"A1C","E0849","DIABETES MELLITUS DUE TO UNDERLYING CONDITION WITH OTHER DIABETIC NEUROLOGICAL COMPLICATION","DIABETES"
"A1C","E0851","DIABETES MELLITUS DUE TO UNDERLYING CONDITION WITH DIABETIC PERIPHERAL ANGIOPATHY WITHOUT GANGRENE","DIABETES"
"A1C","E0852","DIABETES MELLITUS DUE TO UNDERLYING CONDITION WITH DIABETIC PERIPHERAL ANGIOPATHY WITH GANGRENE","DIABETES"
"A1C","E0859","DIABETES MELLITUS DUE TO UNDERLYING CONDITION WITH OTHER CIRCULATORY COMPLICATIONS","DIABETES"
"A1C","E08610","DIABETES MELLITUS DUE TO UNDERLYING CONDITION WITH DIABETIC NEUROPATHIC ARTHROPATHY","DIABETES"
"A1C","E08618","DIABETES MELLITUS DUE TO UNDERLYING CONDITION WITH OTHER DIABETIC ARTHROPATHY","DIABETES"
"A1C","E08620","DIABETES MELLITUS DUE TO UNDERLYING CONDITION WITH DIABETIC DERMATITIS","DIABETES"
"A1C","E08621","DIABETES MELLITUS DUE TO UNDERLYING CONDITION WITH FOOT ULCER","DIABETES"
"A1C","E08622","DIABETES MELLITUS DUE TO UNDERLYING CONDITION WITH OTHER SKIN ULCER","DIABETES"
"A1C","E08628","DIABETES MELLITUS DUE TO UNDERLYING CONDITION WITH OTHER SKIN COMPLICATIONS","DIABETES"
"A1C","E08630","DIABETES MELLITUS DUE TO UNDERLYING CONDITION WITH PERIODONTAL DISEASE","DIABETES"
"A1C","E08638","DIABETES MELLITUS DUE TO UNDERLYING CONDITION WITH OTHER ORAL COMPLICATIONS","DIABETES"
"A1C","E08641","DIABETES MELLITUS DUE TO UNDERLYING CONDITION WITH HYPOGLYCEMIA WITH COMA","DIABETES"
"A1C","E08649","DIABETES MELLITUS DUE TO UNDERLYING CONDITION WITH HYPOGLYCEMIA WITHOUT COMA","DIABETES"
"A1C","E0865","DIABETES MELLITUS DUE TO UNDERLYING CONDITION WITH HYPERGLYCEMIA","DIABETES; HYPERGLYCEMIA"
"A1C","E0869","DIABETES MELLITUS DUE TO UNDERLYING CONDITION WITH OTHER SPECIFIED COMPLICATION","DIABETES"
"A1C","E088","DIABETES MELLITUS DUE TO UNDERLYING CONDITION WITH UNSPECIFIED COMPLICATIONS","DIABETES"
"A1C","E089","DIABETES MELLITUS DUE TO UNDERLYING CONDITION WITHOUT COMPLICATIONS","DIABETES"
"A1C","E0900","DRUG OR CHEMICAL INDUCED DIABETES MELLITUS WITH HYPEROSMOLARITY WITHOUT NONKETOTIC HYPERGLYCEMIC-HYPEROSMOLAR COMA (NKHHC)","DIABETES"
"A1C","E0901","DRUG OR CHEMICAL INDUCED DIABETES MELLITUS WITH HYPEROSMOLARITY WITH COMA","DIABETES"
"A1C","E0910","DRUG OR CHEMICAL INDUCED DIABETES MELLITUS WITH KETOACIDOSIS WITHOUT COMA","DIABETES"
"A1C","E0911","DRUG OR CHEMICAL INDUCED DIABETES MELLITUS WITH KETOACIDOSIS WITH COMA","DIABETES"
"A1C","E0921","DRUG OR CHEMICAL INDUCED DIABETES MELLITUS WITH DIABETIC NEPHROPATHY","DIABETES"
"A1C","E0922","DRUG OR CHEMICAL INDUCED DIABETES MELLITUS WITH DIABETIC CHRONIC KIDNEY DISEASE","DIABETES"
"A1C","E0929","DRUG OR CHEMICAL INDUCED DIABETES MELLITUS WITH OTHER DIABETIC KIDNEY COMPLICATION","DIABETES"
"A1C","E09311","DRUG OR CHEMICAL INDUCED DIABETES MELLITUS WITH UNSPECIFIED DIABETIC RETINOPATHY WITH MACULAR EDEMA","DIABETES"
"A1C","E09319","DRUG OR CHEMICAL INDUCED DIABETES MELLITUS WITH UNSPECIFIED DIABETIC RETINOPATHY WITHOUT MACULAR EDEMA","DIABETES"
"A1C","E093211","DRUG OR CHEMICAL INDUCED DIABETES MELLITUS WITH MILD NONPROLIFERATIVE DIABETIC RETINOPATHY WITH MACULAR EDEMA, RIGHT EYE","DIABETES"
"A1C","E093212","DRUG OR CHEMICAL INDUCED DIABETES MELLITUS WITH MILD NONPROLIFERATIVE DIABETIC RETINOPATHY WITH MACULAR EDEMA, LEFT EYE","DIABETES"
"A1C","E093213","DRUG OR CHEMICAL INDUCED DIABETES MELLITUS WITH MILD NONPROLIFERATIVE DIABETIC RETINOPATHY WITH MACULAR EDEMA, BILATERAL","DIABETES"
"A1C","E093219","DRUG OR CHEMICAL INDUCED DIABETES MELLITUS WITH MILD NONPROLIFERATIVE DIABETIC RETINOPATHY WITH MACULAR EDEMA, UNSPECIFIED EYE","DIABETES"
"A1C","E093291","DRUG OR CHEMICAL INDUCED DIABETES MELLITUS WITH MILD NONPROLIFERATIVE DIABETIC RETINOPATHY WITHOUT MACULAR EDEMA, RIGHT EYE","DIABETES"
"A1C","E093292","DRUG OR CHEMICAL INDUCED DIABETES MELLITUS WITH MILD NONPROLIFERATIVE DIABETIC RETINOPATHY WITHOUT MACULAR EDEMA, LEFT EYE","DIABETES"
"A1C","E093293","DRUG OR CHEMICAL INDUCED DIABETES MELLITUS WITH MILD NONPROLIFERATIVE DIABETIC RETINOPATHY WITHOUT MACULAR EDEMA, BILATERAL","DIABETES"
"A1C","E093299","DRUG OR CHEMICAL INDUCED DIABETES MELLITUS WITH MILD NONPROLIFERATIVE DIABETIC RETINOPATHY WITHOUT MACULAR EDEMA, UNSPECIFIED EYE","DIABETES"
"A1C","E093311","DRUG OR CHEMICAL INDUCED DIABETES MELLITUS WITH MODERATE NONPROLIFERATIVE DIABETIC RETINOPATHY WITH MACULAR EDEMA, RIGHT EYE","DIABETES"
"A1C","E093312","DRUG OR CHEMICAL INDUCED DIABETES MELLITUS WITH MODERATE NONPROLIFERATIVE DIABETIC RETINOPATHY WITH MACULAR EDEMA, LEFT EYE","DIABETES"
"A1C","E093313","DRUG OR CHEMICAL INDUCED DIABETES MELLITUS WITH MODERATE NONPROLIFERATIVE DIABETIC RETINOPATHY WITH MACULAR EDEMA, BILATERAL","DIABETES"
"A1C","E093319","DRUG OR CHEMICAL INDUCED DIABETES MELLITUS WITH MODERATE NONPROLIFERATIVE DIABETIC RETINOPATHY WITH MACULAR EDEMA, UNSPECIFIED EYE","DIABETES"
"A1C","E093391","DRUG OR CHEMICAL INDUCED DIABETES MELLITUS WITH MODERATE NONPROLIFERATIVE DIABETIC RETINOPATHY WITHOUT MACULAR EDEMA, RIGHT EYE","DIABETES"
"A1C","E093392","DRUG OR CHEMICAL INDUCED DIABETES MELLITUS WITH MODERATE NONPROLIFERATIVE DIABETIC RETINOPATHY WITHOUT MACULAR EDEMA, LEFT EYE","DIABETES"
"A1C","E093393","DRUG OR CHEMICAL INDUCED DIABETES MELLITUS WITH MODERATE NONPROLIFERATIVE DIABETIC RETINOPATHY WITHOUT MACULAR EDEMA, BILATERAL","DIABETES"
"A1C","E093399","DRUG OR CHEMICAL INDUCED DIABETES MELLITUS WITH MODERATE NONPROLIFERATIVE DIABETIC RETINOPATHY WITHOUT MACULAR EDEMA, UNSPECIFIED EYE","DIABETES"
"A1C","E093411","DRUG OR CHEMICAL INDUCED DIABETES MELLITUS WITH SEVERE NONPROLIFERATIVE DIABETIC RETINOPATHY WITH MACULAR EDEMA, RIGHT EYE","DIABETES"
"A1C","E093412","DRUG OR CHEMICAL INDUCED DIABETES MELLITUS WITH SEVERE NONPROLIFERATIVE DIABETIC RETINOPATHY WITH MACULAR EDEMA, LEFT EYE","DIABETES"
"A1C","E093413","DRUG OR CHEMICAL INDUCED DIABETES MELLITUS WITH SEVERE NONPROLIFERATIVE DIABETIC RETINOPATHY WITH MACULAR EDEMA, BILATERAL","DIABETES"
"A1C","E093419","DRUG OR CHEMICAL INDUCED DIABETES MELLITUS WITH SEVERE NONPROLIFERATIVE DIABETIC RETINOPATHY WITH MACULAR EDEMA, UNSPECIFIED EYE","DIABETES"
"A1C","E093491","DRUG OR CHEMICAL INDUCED DIABETES MELLITUS WITH SEVERE NONPROLIFERATIVE DIABETIC RETINOPATHY WITHOUT MACULAR EDEMA, RIGHT EYE","DIABETES"
"A1C","E093492","DRUG OR CHEMICAL INDUCED DIABETES MELLITUS WITH SEVERE NONPROLIFERATIVE DIABETIC RETINOPATHY WITHOUT MACULAR EDEMA, LEFT EYE","DIABETES"
"A1C","E093493","DRUG OR CHEMICAL INDUCED DIABETES MELLITUS WITH SEVERE NONPROLIFERATIVE DIABETIC RETINOPATHY WITHOUT MACULAR EDEMA, BILATERAL","DIABETES"
"A1C","E093499","DRUG OR CHEMICAL INDUCED DIABETES MELLITUS WITH SEVERE NONPROLIFERATIVE DIABETIC RETINOPATHY WITHOUT MACULAR EDEMA, UNSPECIFIED EYE","DIABETES"
"A1C","E093511","DRUG OR CHEMICAL INDUCED DIABETES MELLITUS WITH PROLIFERATIVE DIABETIC RETINOPATHY WITH MACULAR EDEMA, RIGHT EYE","DIABETES"
"A1C","E093512","DRUG OR CHEMICAL INDUCED DIABETES MELLITUS WITH PROLIFERATIVE DIABETIC RETINOPATHY WITH MACULAR EDEMA, LEFT EYE","DIABETES"
"A1C","E093513","DRUG OR CHEMICAL INDUCED DIABETES MELLITUS WITH PROLIFERATIVE DIABETIC RETINOPATHY WITH MACULAR EDEMA, BILATERAL","DIABETES"
"A1C","E093519","DRUG OR CHEMICAL INDUCED DIABETES MELLITUS WITH PROLIFERATIVE DIABETIC RETINOPATHY WITH MACULAR EDEMA, UNSPECIFIED EYE","DIABETES"
"A1C","E093521","DRUG OR CHEMICAL INDUCED DIABETES MELLITUS WITH PROLIFERATIVE DIABETIC RETINOPATHY WITH TRACTION RETINAL DETACHMENT INVOLVING THE MACULA, RIGHT EYE","DIABETES"
"A1C","E093522","DRUG OR CHEMICAL INDUCED DIABETES MELLITUS WITH PROLIFERATIVE DIABETIC RETINOPATHY WITH TRACTION RETINAL DETACHMENT INVOLVING THE MACULA, LEFT EYE","DIABETES"
"A1C","E093523","DRUG OR CHEMICAL INDUCED DIABETES MELLITUS WITH PROLIFERATIVE DIABETIC RETINOPATHY WITH TRACTION RETINAL DETACHMENT INVOLVING THE MACULA, BILATERAL","DIABETES"
"A1C","E093529","DRUG OR CHEMICAL INDUCED DIABETES MELLITUS WITH PROLIFERATIVE DIABETIC RETINOPATHY WITH TRACTION RETINAL DETACHMENT INVOLVING THE MACULA, UNSPECIFIED EYE","DIABETES"
"A1C","E093531","DRUG OR CHEMICAL INDUCED DIABETES MELLITUS WITH PROLIFERATIVE DIABETIC RETINOPATHY WITH TRACTION RETINAL DETACHMENT NOT INVOLVING THE MACULA, RIGHT EYE","DIABETES"
"A1C","E093532","DRUG OR CHEMICAL INDUCED DIABETES MELLITUS WITH PROLIFERATIVE DIABETIC RETINOPATHY WITH TRACTION RETINAL DETACHMENT NOT INVOLVING THE MACULA, LEFT EYE","DIABETES"
"A1C","E093533","DRUG OR CHEMICAL INDUCED DIABETES MELLITUS WITH PROLIFERATIVE DIABETIC RETINOPATHY WITH TRACTION RETINAL DETACHMENT NOT INVOLVING THE MACULA, BILATERAL","DIABETES"
"A1C","E093539","DRUG OR CHEMICAL INDUCED DIABETES MELLITUS WITH PROLIFERATIVE DIABETIC RETINOPATHY WITH TRACTION RETINAL DETACHMENT NOT INVOLVING THE MACULA, UNSPECIFIED EYE","DIABETES"
"A1C","E093541","DRUG OR CHEMICAL INDUCED DIABETES MELLITUS WITH PROLIFERATIVE DIABETIC RETINOPATHY WITH COMBINED TRACTION RETINAL DETACHMENT AND RHEGMATOGENOUS RETINAL DETACHMENT, RIGHT EYE","DIABETES"
"A1C","E093542","DRUG OR CHEMICAL INDUCED DIABETES MELLITUS WITH PROLIFERATIVE DIABETIC RETINOPATHY WITH COMBINED TRACTION RETINAL DETACHMENT AND RHEGMATOGENOUS RETINAL DETACHMENT, LEFT EYE","DIABETES"
"A1C","E093543","DRUG OR CHEMICAL INDUCED DIABETES MELLITUS WITH PROLIFERATIVE DIABETIC RETINOPATHY WITH COMBINED TRACTION RETINAL DETACHMENT AND RHEGMATOGENOUS RETINAL DETACHMENT, BILATERAL","DIABETES"
"A1C","E093549","DRUG OR CHEMICAL INDUCED DIABETES MELLITUS WITH PROLIFERATIVE DIABETIC RETINOPATHY WITH COMBINED TRACTION RETINAL DETACHMENT AND RHEGMATOGENOUS RETINAL DETACHMENT, UNSPECIFIED EYE","DIABETES"
"A1C","E093551","DRUG OR CHEMICAL INDUCED DIABETES MELLITUS WITH STABLE PROLIFERATIVE DIABETIC RETINOPATHY, RIGHT EYE","DIABETES"
"A1C","E093552","DRUG OR CHEMICAL INDUCED DIABETES MELLITUS WITH STABLE PROLIFERATIVE DIABETIC RETINOPATHY, LEFT EYE","DIABETES"
"A1C","E093553","DRUG OR CHEMICAL INDUCED DIABETES MELLITUS WITH STABLE PROLIFERATIVE DIABETIC RETINOPATHY, BILATERAL","DIABETES"
"A1C","E093559","DRUG OR CHEMICAL INDUCED DIABETES MELLITUS WITH STABLE PROLIFERATIVE DIABETIC RETINOPATHY, UNSPECIFIED EYE","DIABETES"
"A1C","E093591","DRUG OR CHEMICAL INDUCED DIABETES MELLITUS WITH PROLIFERATIVE DIABETIC RETINOPATHY WITHOUT MACULAR EDEMA, RIGHT EYE","DIABETES"
"A1C","E093592","DRUG OR CHEMICAL INDUCED DIABETES MELLITUS WITH PROLIFERATIVE DIABETIC RETINOPATHY WITHOUT MACULAR EDEMA, LEFT EYE","DIABETES"
"A1C","E093593","DRUG OR CHEMICAL INDUCED DIABETES MELLITUS WITH PROLIFERATIVE DIABETIC RETINOPATHY WITHOUT MACULAR EDEMA, BILATERAL","DIABETES"
"A1C","E093599","DRUG OR CHEMICAL INDUCED DIABETES MELLITUS WITH PROLIFERATIVE DIABETIC RETINOPATHY WITHOUT MACULAR EDEMA, UNSPECIFIED EYE","DIABETES"
"A1C","E0936","DRUG OR CHEMICAL INDUCED DIABETES MELLITUS WITH DIABETIC CATARACT","DIABETES"
"A1C","E0937X1","DRUG OR CHEMICAL INDUCED DIABETES MELLITUS WITH DIABETIC MACULAR EDEMA, RESOLVED FOLLOWING TREATMENT, RIGHT EYE","DIABETES"
"A1C","E0937X2","DRUG OR CHEMICAL INDUCED DIABETES MELLITUS WITH DIABETIC MACULAR EDEMA, RESOLVED FOLLOWING TREATMENT, LEFT EYE","DIABETES"
"A1C","E0937X3","DRUG OR CHEMICAL INDUCED DIABETES MELLITUS WITH DIABETIC MACULAR EDEMA, RESOLVED FOLLOWING TREATMENT, BILATERAL","DIABETES"
"A1C","E0937X9","DRUG OR CHEMICAL INDUCED DIABETES MELLITUS WITH DIABETIC MACULAR EDEMA, RESOLVED FOLLOWING TREATMENT, UNSPECIFIED EYE","DIABETES"
"A1C","E0939","DRUG OR CHEMICAL INDUCED DIABETES MELLITUS WITH OTHER DIABETIC OPHTHALMIC COMPLICATION","DIABETES"
"A1C","E0940","DRUG OR CHEMICAL INDUCED DIABETES MELLITUS WITH NEUROLOGICAL COMPLICATIONS WITH DIABETIC NEUROPATHY, UNSPECIFIED","DIABETES"
"A1C","E0941","DRUG OR CHEMICAL INDUCED DIABETES MELLITUS WITH NEUROLOGICAL COMPLICATIONS WITH DIABETIC MONONEUROPATHY","DIABETES"
"A1C","E0942","DRUG OR CHEMICAL INDUCED DIABETES MELLITUS WITH NEUROLOGICAL COMPLICATIONS WITH DIABETIC POLYNEUROPATHY","DIABETES"
"A1C","E0943","DRUG OR CHEMICAL INDUCED DIABETES MELLITUS WITH NEUROLOGICAL COMPLICATIONS WITH DIABETIC AUTONOMIC (POLY)NEUROPATHY","DIABETES"
"A1C","E0944","DRUG OR CHEMICAL INDUCED DIABETES MELLITUS WITH NEUROLOGICAL COMPLICATIONS WITH DIABETIC AMYOTROPHY","DIABETES"
"A1C","E0949","DRUG OR CHEMICAL INDUCED DIABETES MELLITUS WITH NEUROLOGICAL COMPLICATIONS WITH OTHER DIABETIC NEUROLOGICAL COMPLICATION","DIABETES"
"A1C","E0951","DRUG OR CHEMICAL INDUCED DIABETES MELLITUS WITH DIABETIC PERIPHERAL ANGIOPATHY WITHOUT GANGRENE","DIABETES"
"A1C","E0952","DRUG OR CHEMICAL INDUCED DIABETES MELLITUS WITH DIABETIC PERIPHERAL ANGIOPATHY WITH GANGRENE","DIABETES"
"A1C","E0959","DRUG OR CHEMICAL INDUCED DIABETES MELLITUS WITH OTHER CIRCULATORY COMPLICATIONS","DIABETES"
"A1C","E09610","DRUG OR CHEMICAL INDUCED DIABETES MELLITUS WITH DIABETIC NEUROPATHIC ARTHROPATHY","DIABETES"
"A1C","E09618","DRUG OR CHEMICAL INDUCED DIABETES MELLITUS WITH OTHER DIABETIC ARTHROPATHY","DIABETES"
"A1C","E09620","DRUG OR CHEMICAL INDUCED DIABETES MELLITUS WITH DIABETIC DERMATITIS","DIABETES"
"A1C","E09621","DRUG OR CHEMICAL INDUCED DIABETES MELLITUS WITH FOOT ULCER","DIABETES"
"A1C","E09622","DRUG OR CHEMICAL INDUCED DIABETES MELLITUS WITH OTHER SKIN ULCER","DIABETES"
"A1C","E09628","DRUG OR CHEMICAL INDUCED DIABETES MELLITUS WITH OTHER SKIN COMPLICATIONS","DIABETES"
"A1C","E09630","DRUG OR CHEMICAL INDUCED DIABETES MELLITUS WITH PERIODONTAL DISEASE","DIABETES"
"A1C","E09638","DRUG OR CHEMICAL INDUCED DIABETES MELLITUS WITH OTHER ORAL COMPLICATIONS","DIABETES"
"A1C","E09641","DRUG OR CHEMICAL INDUCED DIABETES MELLITUS WITH HYPOGLYCEMIA WITH COMA","DIABETES"
"A1C","E09649","DRUG OR CHEMICAL INDUCED DIABETES MELLITUS WITH HYPOGLYCEMIA WITHOUT COMA","DIABETES"
"A1C","E0965","DRUG OR CHEMICAL INDUCED DIABETES MELLITUS WITH HYPERGLYCEMIA","DIABETES; HYPERGLYCEMIA"
"A1C","E0969","DRUG OR CHEMICAL INDUCED DIABETES MELLITUS WITH OTHER SPECIFIED COMPLICATION","DIABETES"
"A1C","E098","DRUG OR CHEMICAL INDUCED DIABETES MELLITUS WITH UNSPECIFIED COMPLICATIONS","DIABETES"
"A1C","E099","DRUG OR CHEMICAL INDUCED DIABETES MELLITUS WITHOUT COMPLICATIONS","DIABETES"
"A1C","E1010","TYPE 1 DIABETES MELLITUS WITH KETOACIDOSIS WITHOUT COMA","DIABETES; TYPE.*1.*DIABETES"
"A1C","E1011","TYPE 1 DIABETES MELLITUS WITH KETOACIDOSIS WITH COMA","DIABETES; TYPE.*1.*DIABETES"
"A1C","E1021","TYPE 1 DIABETES MELLITUS WITH DIABETIC NEPHROPATHY","DIABETES; TYPE.*1.*DIABETES"
"A1C","E1022","TYPE 1 DIABETES MELLITUS WITH DIABETIC CHRONIC KIDNEY DISEASE","DIABETES; TYPE.*1.*DIABETES"
"A1C","E1029","TYPE 1 DIABETES MELLITUS WITH OTHER DIABETIC KIDNEY COMPLICATION","DIABETES; TYPE.*1.*DIABETES"
"A1C","E10311","TYPE 1 DIABETES MELLITUS WITH UNSPECIFIED DIABETIC RETINOPATHY WITH MACULAR EDEMA","DIABETES; TYPE.*1.*DIABETES"
"A1C","E10319","TYPE 1 DIABETES MELLITUS WITH UNSPECIFIED DIABETIC RETINOPATHY WITHOUT MACULAR EDEMA","DIABETES; TYPE.*1.*DIABETES"
"A1C","E103211","TYPE 1 DIABETES MELLITUS WITH MILD NONPROLIFERATIVE DIABETIC RETINOPATHY WITH MACULAR EDEMA, RIGHT EYE","DIABETES; TYPE.*1.*DIABETES"
"A1C","E103212","TYPE 1 DIABETES MELLITUS WITH MILD NONPROLIFERATIVE DIABETIC RETINOPATHY WITH MACULAR EDEMA, LEFT EYE","DIABETES; TYPE.*1.*DIABETES"
"A1C","E103213","TYPE 1 DIABETES MELLITUS WITH MILD NONPROLIFERATIVE DIABETIC RETINOPATHY WITH MACULAR EDEMA, BILATERAL","DIABETES; TYPE.*1.*DIABETES"
"A1C","E103219","TYPE 1 DIABETES MELLITUS WITH MILD NONPROLIFERATIVE DIABETIC RETINOPATHY WITH MACULAR EDEMA, UNSPECIFIED EYE","DIABETES; TYPE.*1.*DIABETES"
"A1C","E103291","TYPE 1 DIABETES MELLITUS WITH MILD NONPROLIFERATIVE DIABETIC RETINOPATHY WITHOUT MACULAR EDEMA, RIGHT EYE","DIABETES; TYPE.*1.*DIABETES"
"A1C","E103292","TYPE 1 DIABETES MELLITUS WITH MILD NONPROLIFERATIVE DIABETIC RETINOPATHY WITHOUT MACULAR EDEMA, LEFT EYE","DIABETES; TYPE.*1.*DIABETES"
"A1C","E103293","TYPE 1 DIABETES MELLITUS WITH MILD NONPROLIFERATIVE DIABETIC RETINOPATHY WITHOUT MACULAR EDEMA, BILATERAL","DIABETES; TYPE.*1.*DIABETES"
"A1C","E103299","TYPE 1 DIABETES MELLITUS WITH MILD NONPROLIFERATIVE DIABETIC RETINOPATHY WITHOUT MACULAR EDEMA, UNSPECIFIED EYE","DIABETES; TYPE.*1.*DIABETES"
"A1C","E103311","TYPE 1 DIABETES MELLITUS WITH MODERATE NONPROLIFERATIVE DIABETIC RETINOPATHY WITH MACULAR EDEMA, RIGHT EYE","DIABETES; TYPE.*1.*DIABETES"
"A1C","E103312","TYPE 1 DIABETES MELLITUS WITH MODERATE NONPROLIFERATIVE DIABETIC RETINOPATHY WITH MACULAR EDEMA, LEFT EYE","DIABETES; TYPE.*1.*DIABETES"
"A1C","E103313","TYPE 1 DIABETES MELLITUS WITH MODERATE NONPROLIFERATIVE DIABETIC RETINOPATHY WITH MACULAR EDEMA, BILATERAL","DIABETES; TYPE.*1.*DIABETES"
"A1C","E103319","TYPE 1 DIABETES MELLITUS WITH MODERATE NONPROLIFERATIVE DIABETIC RETINOPATHY WITH MACULAR EDEMA, UNSPECIFIED EYE","DIABETES; TYPE.*1.*DIABETES"
"A1C","E103391","TYPE 1 DIABETES MELLITUS WITH MODERATE NONPROLIFERATIVE DIABETIC RETINOPATHY WITHOUT MACULAR EDEMA, RIGHT EYE","DIABETES; TYPE.*1.*DIABETES"
"A1C","E103392","TYPE 1 DIABETES MELLITUS WITH MODERATE NONPROLIFERATIVE DIABETIC RETINOPATHY WITHOUT MACULAR EDEMA, LEFT EYE","DIABETES; TYPE.*1.*DIABETES"
"A1C","E103393","TYPE 1 DIABETES MELLITUS WITH MODERATE NONPROLIFERATIVE DIABETIC RETINOPATHY WITHOUT MACULAR EDEMA, BILATERAL","DIABETES; TYPE.*1.*DIABETES"
"A1C","E103399","TYPE 1 DIABETES MELLITUS WITH MODERATE NONPROLIFERATIVE DIABETIC RETINOPATHY WITHOUT MACULAR EDEMA, UNSPECIFIED EYE","DIABETES; TYPE.*1.*DIABETES"
"A1C","E103411","TYPE 1 DIABETES MELLITUS WITH SEVERE NONPROLIFERATIVE DIABETIC RETINOPATHY WITH MACULAR EDEMA, RIGHT EYE","DIABETES; TYPE.*1.*DIABETES"
"A1C","E103412","TYPE 1 DIABETES MELLITUS WITH SEVERE NONPROLIFERATIVE DIABETIC RETINOPATHY WITH MACULAR EDEMA, LEFT EYE","DIABETES; TYPE.*1.*DIABETES"
"A1C","E103413","TYPE 1 DIABETES MELLITUS WITH SEVERE NONPROLIFERATIVE DIABETIC RETINOPATHY WITH MACULAR EDEMA, BILATERAL","DIABETES; TYPE.*1.*DIABETES"
"A1C","E103419","TYPE 1 DIABETES MELLITUS WITH SEVERE NONPROLIFERATIVE DIABETIC RETINOPATHY WITH MACULAR EDEMA, UNSPECIFIED EYE","DIABETES; TYPE.*1.*DIABETES"
"A1C","E103491","TYPE 1 DIABETES MELLITUS WITH SEVERE NONPROLIFERATIVE DIABETIC RETINOPATHY WITHOUT MACULAR EDEMA, RIGHT EYE","DIABETES; TYPE.*1.*DIABETES"
"A1C","E103492","TYPE 1 DIABETES MELLITUS WITH SEVERE NONPROLIFERATIVE DIABETIC RETINOPATHY WITHOUT MACULAR EDEMA, LEFT EYE","DIABETES; TYPE.*1.*DIABETES"
"A1C","E103493","TYPE 1 DIABETES MELLITUS WITH SEVERE NONPROLIFERATIVE DIABETIC RETINOPATHY WITHOUT MACULAR EDEMA, BILATERAL","DIABETES; TYPE.*1.*DIABETES"
"A1C","E103499","TYPE 1 DIABETES MELLITUS WITH SEVERE NONPROLIFERATIVE DIABETIC RETINOPATHY WITHOUT MACULAR EDEMA, UNSPECIFIED EYE","DIABETES; TYPE.*1.*DIABETES"
"A1C","E103511","TYPE 1 DIABETES MELLITUS WITH PROLIFERATIVE DIABETIC RETINOPATHY WITH MACULAR EDEMA, RIGHT EYE","DIABETES; TYPE.*1.*DIABETES"
"A1C","E103512","TYPE 1 DIABETES MELLITUS WITH PROLIFERATIVE DIABETIC RETINOPATHY WITH MACULAR EDEMA, LEFT EYE","DIABETES; TYPE.*1.*DIABETES"
"A1C","E103513","TYPE 1 DIABETES MELLITUS WITH PROLIFERATIVE DIABETIC RETINOPATHY WITH MACULAR EDEMA, BILATERAL","DIABETES; TYPE.*1.*DIABETES"
"A1C","E103519","TYPE 1 DIABETES MELLITUS WITH PROLIFERATIVE DIABETIC RETINOPATHY WITH MACULAR EDEMA, UNSPECIFIED EYE","DIABETES; TYPE.*1.*DIABETES"
"A1C","E103521","TYPE 1 DIABETES MELLITUS WITH PROLIFERATIVE DIABETIC RETINOPATHY WITH TRACTION RETINAL DETACHMENT INVOLVING THE MACULA, RIGHT EYE","DIABETES; TYPE.*1.*DIABETES"
"A1C","E103522","TYPE 1 DIABETES MELLITUS WITH PROLIFERATIVE DIABETIC RETINOPATHY WITH TRACTION RETINAL DETACHMENT INVOLVING THE MACULA, LEFT EYE","DIABETES; TYPE.*1.*DIABETES"
"A1C","E103523","TYPE 1 DIABETES MELLITUS WITH PROLIFERATIVE DIABETIC RETINOPATHY WITH TRACTION RETINAL DETACHMENT INVOLVING THE MACULA, BILATERAL","DIABETES; TYPE.*1.*DIABETES"
"A1C","E103529","TYPE 1 DIABETES MELLITUS WITH PROLIFERATIVE DIABETIC RETINOPATHY WITH TRACTION RETINAL DETACHMENT INVOLVING THE MACULA, UNSPECIFIED EYE","DIABETES; TYPE.*1.*DIABETES"
"A1C","E103531","TYPE 1 DIABETES MELLITUS WITH PROLIFERATIVE DIABETIC RETINOPATHY WITH TRACTION RETINAL DETACHMENT NOT INVOLVING THE MACULA, RIGHT EYE","DIABETES; TYPE.*1.*DIABETES"
"A1C","E103532","TYPE 1 DIABETES MELLITUS WITH PROLIFERATIVE DIABETIC RETINOPATHY WITH TRACTION RETINAL DETACHMENT NOT INVOLVING THE MACULA, LEFT EYE","DIABETES; TYPE.*1.*DIABETES"
"A1C","E103533","TYPE 1 DIABETES MELLITUS WITH PROLIFERATIVE DIABETIC RETINOPATHY WITH TRACTION RETINAL DETACHMENT NOT INVOLVING THE MACULA, BILATERAL","DIABETES; TYPE.*1.*DIABETES"
"A1C","E103539","TYPE 1 DIABETES MELLITUS WITH PROLIFERATIVE DIABETIC RETINOPATHY WITH TRACTION RETINAL DETACHMENT NOT INVOLVING THE MACULA, UNSPECIFIED EYE","DIABETES; TYPE.*1.*DIABETES"
"A1C","E103541","TYPE 1 DIABETES MELLITUS WITH PROLIFERATIVE DIABETIC RETINOPATHY WITH COMBINED TRACTION RETINAL DETACHMENT AND RHEGMATOGENOUS RETINAL DETACHMENT, RIGHT EYE","DIABETES; TYPE.*1.*DIABETES"
"A1C","E103542","TYPE 1 DIABETES MELLITUS WITH PROLIFERATIVE DIABETIC RETINOPATHY WITH COMBINED TRACTION RETINAL DETACHMENT AND RHEGMATOGENOUS RETINAL DETACHMENT, LEFT EYE","DIABETES; TYPE.*1.*DIABETES"
"A1C","E103543","TYPE 1 DIABETES MELLITUS WITH PROLIFERATIVE DIABETIC RETINOPATHY WITH COMBINED TRACTION RETINAL DETACHMENT AND RHEGMATOGENOUS RETINAL DETACHMENT, BILATERAL","DIABETES; TYPE.*1.*DIABETES"
"A1C","E103549","TYPE 1 DIABETES MELLITUS WITH PROLIFERATIVE DIABETIC RETINOPATHY WITH COMBINED TRACTION RETINAL DETACHMENT AND RHEGMATOGENOUS RETINAL DETACHMENT, UNSPECIFIED EYE","DIABETES; TYPE.*1.*DIABETES"
"A1C","E103551","TYPE 1 DIABETES MELLITUS WITH STABLE PROLIFERATIVE DIABETIC RETINOPATHY, RIGHT EYE","DIABETES; TYPE.*1.*DIABETES"
"A1C","E103552","TYPE 1 DIABETES MELLITUS WITH STABLE PROLIFERATIVE DIABETIC RETINOPATHY, LEFT EYE","DIABETES; TYPE.*1.*DIABETES"
"A1C","E103553","TYPE 1 DIABETES MELLITUS WITH STABLE PROLIFERATIVE DIABETIC RETINOPATHY, BILATERAL","DIABETES; TYPE.*1.*DIABETES"
"A1C","E103559","TYPE 1 DIABETES MELLITUS WITH STABLE PROLIFERATIVE DIABETIC RETINOPATHY, UNSPECIFIED EYE","DIABETES; TYPE.*1.*DIABETES"
"A1C","E103591","TYPE 1 DIABETES MELLITUS WITH PROLIFERATIVE DIABETIC RETINOPATHY WITHOUT MACULAR EDEMA, RIGHT EYE","DIABETES; TYPE.*1.*DIABETES"
"A1C","E103592","TYPE 1 DIABETES MELLITUS WITH PROLIFERATIVE DIABETIC RETINOPATHY WITHOUT MACULAR EDEMA, LEFT EYE","DIABETES; TYPE.*1.*DIABETES"
"A1C","E103593","TYPE 1 DIABETES MELLITUS WITH PROLIFERATIVE DIABETIC RETINOPATHY WITHOUT MACULAR EDEMA, BILATERAL","DIABETES; TYPE.*1.*DIABETES"
"A1C","E103599","TYPE 1 DIABETES MELLITUS WITH PROLIFERATIVE DIABETIC RETINOPATHY WITHOUT MACULAR EDEMA, UNSPECIFIED EYE","DIABETES; TYPE.*1.*DIABETES"
"A1C","E1036","TYPE 1 DIABETES MELLITUS WITH DIABETIC CATARACT","DIABETES; TYPE.*1.*DIABETES"
"A1C","E1037X1","TYPE 1 DIABETES MELLITUS WITH DIABETIC MACULAR EDEMA, RESOLVED FOLLOWING TREATMENT, RIGHT EYE","DIABETES; TYPE.*1.*DIABETES"
"A1C","E1037X2","TYPE 1 DIABETES MELLITUS WITH DIABETIC MACULAR EDEMA, RESOLVED FOLLOWING TREATMENT, LEFT EYE","DIABETES; TYPE.*1.*DIABETES"
"A1C","E1037X3","TYPE 1 DIABETES MELLITUS WITH DIABETIC MACULAR EDEMA, RESOLVED FOLLOWING TREATMENT, BILATERAL","DIABETES; TYPE.*1.*DIABETES"
"A1C","E1037X9","TYPE 1 DIABETES MELLITUS WITH DIABETIC MACULAR EDEMA, RESOLVED FOLLOWING TREATMENT, UNSPECIFIED EYE","DIABETES; TYPE.*1.*DIABETES"
"A1C","E1039","TYPE 1 DIABETES MELLITUS WITH OTHER DIABETIC OPHTHALMIC COMPLICATION","DIABETES; TYPE.*1.*DIABETES"
"A1C","E1040","TYPE 1 DIABETES MELLITUS WITH DIABETIC NEUROPATHY, UNSPECIFIED","DIABETES; TYPE.*1.*DIABETES"
"A1C","E1041","TYPE 1 DIABETES MELLITUS WITH DIABETIC MONONEUROPATHY","DIABETES; TYPE.*1.*DIABETES"
"A1C","E1042","TYPE 1 DIABETES MELLITUS WITH DIABETIC POLYNEUROPATHY","DIABETES; TYPE.*1.*DIABETES"
"A1C","E1043","TYPE 1 DIABETES MELLITUS WITH DIABETIC AUTONOMIC (POLY)NEUROPATHY","DIABETES; TYPE.*1.*DIABETES"
"A1C","E1044","TYPE 1 DIABETES MELLITUS WITH DIABETIC AMYOTROPHY","DIABETES; TYPE.*1.*DIABETES"
"A1C","E1049","TYPE 1 DIABETES MELLITUS WITH OTHER DIABETIC NEUROLOGICAL COMPLICATION","DIABETES; TYPE.*1.*DIABETES"
"A1C","E1051","TYPE 1 DIABETES MELLITUS WITH DIABETIC PERIPHERAL ANGIOPATHY WITHOUT GANGRENE","DIABETES; TYPE.*1.*DIABETES"
"A1C","E1052","TYPE 1 DIABETES MELLITUS WITH DIABETIC PERIPHERAL ANGIOPATHY WITH GANGRENE","DIABETES; TYPE.*1.*DIABETES"
"A1C","E1059","TYPE 1 DIABETES MELLITUS WITH OTHER CIRCULATORY COMPLICATIONS","DIABETES; TYPE.*1.*DIABETES"
"A1C","E10610","TYPE 1 DIABETES MELLITUS WITH DIABETIC NEUROPATHIC ARTHROPATHY","DIABETES; TYPE.*1.*DIABETES"
"A1C","E10618","TYPE 1 DIABETES MELLITUS WITH OTHER DIABETIC ARTHROPATHY","DIABETES; TYPE.*1.*DIABETES"
"A1C","E10620","TYPE 1 DIABETES MELLITUS WITH DIABETIC DERMATITIS","DIABETES; TYPE.*1.*DIABETES"
"A1C","E10621","TYPE 1 DIABETES MELLITUS WITH FOOT ULCER","DIABETES; TYPE.*1.*DIABETES"
"A1C","E10622","TYPE 1 DIABETES MELLITUS WITH OTHER SKIN ULCER","DIABETES; TYPE.*1.*DIABETES"
"A1C","E10628","TYPE 1 DIABETES MELLITUS WITH OTHER SKIN COMPLICATIONS","DIABETES; TYPE.*1.*DIABETES"
"A1C","E10630","TYPE 1 DIABETES MELLITUS WITH PERIODONTAL DISEASE","DIABETES; TYPE.*1.*DIABETES"
"A1C","E10638","TYPE 1 DIABETES MELLITUS WITH OTHER ORAL COMPLICATIONS","DIABETES; TYPE.*1.*DIABETES"
"A1C","E10641","TYPE 1 DIABETES MELLITUS WITH HYPOGLYCEMIA WITH COMA","DIABETES; TYPE.*1.*DIABETES"
"A1C","E10649","TYPE 1 DIABETES MELLITUS WITH HYPOGLYCEMIA WITHOUT COMA","DIABETES; TYPE.*1.*DIABETES"
"A1C","E1065","TYPE 1 DIABETES MELLITUS WITH HYPERGLYCEMIA","DIABETES; TYPE.*1.*DIABETES; HYPERGLYCEMIA"
"A1C","E1069","TYPE 1 DIABETES MELLITUS WITH OTHER SPECIFIED COMPLICATION","DIABETES; TYPE.*1.*DIABETES"
"A1C","E108","TYPE 1 DIABETES MELLITUS WITH UNSPECIFIED COMPLICATIONS","DIABETES; TYPE.*1.*DIABETES"
"A1C","E109","TYPE 1 DIABETES MELLITUS WITHOUT COMPLICATIONS","DIABETES; TYPE.*1.*DIABETES"
"A1C","E10A0","TYPE 1 DIABETES MELLITUS, PRESYMPTOMATIC, UNSPECIFIED","DIABETES; TYPE.*1.*DIABETES"
"A1C","E10A1","TYPE 1 DIABETES MELLITUS, PRESYMPTOMATIC, STAGE 1","DIABETES; TYPE.*1.*DIABETES"
"A1C","E10A2","TYPE 1 DIABETES MELLITUS, PRESYMPTOMATIC, STAGE 2","DIABETES; TYPE.*1.*DIABETES"
"A1C","E1100","TYPE 2 DIABETES MELLITUS WITH HYPEROSMOLARITY WITHOUT NONKETOTIC HYPERGLYCEMIC-HYPEROSMOLAR COMA (NKHHC)","DIABETES; TYPE.*2.*DIABETES"
"A1C","E1101","TYPE 2 DIABETES MELLITUS WITH HYPEROSMOLARITY WITH COMA","DIABETES; TYPE.*2.*DIABETES"
"A1C","E1110","TYPE 2 DIABETES MELLITUS WITH KETOACIDOSIS WITHOUT COMA","DIABETES; TYPE.*2.*DIABETES"
"A1C","E1111","TYPE 2 DIABETES MELLITUS WITH KETOACIDOSIS WITH COMA","DIABETES; TYPE.*2.*DIABETES"
"A1C","E1121","TYPE 2 DIABETES MELLITUS WITH DIABETIC NEPHROPATHY","DIABETES; TYPE.*2.*DIABETES"
"A1C","E1122","TYPE 2 DIABETES MELLITUS WITH DIABETIC CHRONIC KIDNEY DISEASE","DIABETES; TYPE.*2.*DIABETES"
"A1C","E1129","TYPE 2 DIABETES MELLITUS WITH OTHER DIABETIC KIDNEY COMPLICATION","DIABETES; TYPE.*2.*DIABETES"
"A1C","E11311","TYPE 2 DIABETES MELLITUS WITH UNSPECIFIED DIABETIC RETINOPATHY WITH MACULAR EDEMA","DIABETES; TYPE.*2.*DIABETES"
"A1C","E11319","TYPE 2 DIABETES MELLITUS WITH UNSPECIFIED DIABETIC RETINOPATHY WITHOUT MACULAR EDEMA","DIABETES; TYPE.*2.*DIABETES"
"A1C","E113211","TYPE 2 DIABETES MELLITUS WITH MILD NONPROLIFERATIVE DIABETIC RETINOPATHY WITH MACULAR EDEMA, RIGHT EYE","DIABETES; TYPE.*2.*DIABETES"
"A1C","E113212","TYPE 2 DIABETES MELLITUS WITH MILD NONPROLIFERATIVE DIABETIC RETINOPATHY WITH MACULAR EDEMA, LEFT EYE","DIABETES; TYPE.*2.*DIABETES"
"A1C","E113213","TYPE 2 DIABETES MELLITUS WITH MILD NONPROLIFERATIVE DIABETIC RETINOPATHY WITH MACULAR EDEMA, BILATERAL","DIABETES; TYPE.*2.*DIABETES"
"A1C","E113219","TYPE 2 DIABETES MELLITUS WITH MILD NONPROLIFERATIVE DIABETIC RETINOPATHY WITH MACULAR EDEMA, UNSPECIFIED EYE","DIABETES; TYPE.*2.*DIABETES"
"A1C","E113291","TYPE 2 DIABETES MELLITUS WITH MILD NONPROLIFERATIVE DIABETIC RETINOPATHY WITHOUT MACULAR EDEMA, RIGHT EYE","DIABETES; TYPE.*2.*DIABETES"
"A1C","E113292","TYPE 2 DIABETES MELLITUS WITH MILD NONPROLIFERATIVE DIABETIC RETINOPATHY WITHOUT MACULAR EDEMA, LEFT EYE","DIABETES; TYPE.*2.*DIABETES"
"A1C","E113293","TYPE 2 DIABETES MELLITUS WITH MILD NONPROLIFERATIVE DIABETIC RETINOPATHY WITHOUT MACULAR EDEMA, BILATERAL","DIABETES; TYPE.*2.*DIABETES"
"A1C","E113299","TYPE 2 DIABETES MELLITUS WITH MILD NONPROLIFERATIVE DIABETIC RETINOPATHY WITHOUT MACULAR EDEMA, UNSPECIFIED EYE","DIABETES; TYPE.*2.*DIABETES"
"A1C","E113311","TYPE 2 DIABETES MELLITUS WITH MODERATE NONPROLIFERATIVE DIABETIC RETINOPATHY WITH MACULAR EDEMA, RIGHT EYE","DIABETES; TYPE.*2.*DIABETES"
"A1C","E113312","TYPE 2 DIABETES MELLITUS WITH MODERATE NONPROLIFERATIVE DIABETIC RETINOPATHY WITH MACULAR EDEMA, LEFT EYE","DIABETES; TYPE.*2.*DIABETES"
"A1C","E113313","TYPE 2 DIABETES MELLITUS WITH MODERATE NONPROLIFERATIVE DIABETIC RETINOPATHY WITH MACULAR EDEMA, BILATERAL","DIABETES; TYPE.*2.*DIABETES"
"A1C","E113319","TYPE 2 DIABETES MELLITUS WITH MODERATE NONPROLIFERATIVE DIABETIC RETINOPATHY WITH MACULAR EDEMA, UNSPECIFIED EYE","DIABETES; TYPE.*2.*DIABETES"
"A1C","E113391","TYPE 2 DIABETES MELLITUS WITH MODERATE NONPROLIFERATIVE DIABETIC RETINOPATHY WITHOUT MACULAR EDEMA, RIGHT EYE","DIABETES; TYPE.*2.*DIABETES"
"A1C","E113392","TYPE 2 DIABETES MELLITUS WITH MODERATE NONPROLIFERATIVE DIABETIC RETINOPATHY WITHOUT MACULAR EDEMA, LEFT EYE","DIABETES; TYPE.*2.*DIABETES"
"A1C","E113393","TYPE 2 DIABETES MELLITUS WITH MODERATE NONPROLIFERATIVE DIABETIC RETINOPATHY WITHOUT MACULAR EDEMA, BILATERAL","DIABETES; TYPE.*2.*DIABETES"
"A1C","E113399","TYPE 2 DIABETES MELLITUS WITH MODERATE NONPROLIFERATIVE DIABETIC RETINOPATHY WITHOUT MACULAR EDEMA, UNSPECIFIED EYE","DIABETES; TYPE.*2.*DIABETES"
"A1C","E113411","TYPE 2 DIABETES MELLITUS WITH SEVERE NONPROLIFERATIVE DIABETIC RETINOPATHY WITH MACULAR EDEMA, RIGHT EYE","DIABETES; TYPE.*2.*DIABETES"
"A1C","E113412","TYPE 2 DIABETES MELLITUS WITH SEVERE NONPROLIFERATIVE DIABETIC RETINOPATHY WITH MACULAR EDEMA, LEFT EYE","DIABETES; TYPE.*2.*DIABETES"
"A1C","E113413","TYPE 2 DIABETES MELLITUS WITH SEVERE NONPROLIFERATIVE DIABETIC RETINOPATHY WITH MACULAR EDEMA, BILATERAL","DIABETES; TYPE.*2.*DIABETES"
"A1C","E113419","TYPE 2 DIABETES MELLITUS WITH SEVERE NONPROLIFERATIVE DIABETIC RETINOPATHY WITH MACULAR EDEMA, UNSPECIFIED EYE","DIABETES; TYPE.*2.*DIABETES"
"A1C","E113491","TYPE 2 DIABETES MELLITUS WITH SEVERE NONPROLIFERATIVE DIABETIC RETINOPATHY WITHOUT MACULAR EDEMA, RIGHT EYE","DIABETES; TYPE.*2.*DIABETES"
"A1C","E113492","TYPE 2 DIABETES MELLITUS WITH SEVERE NONPROLIFERATIVE DIABETIC RETINOPATHY WITHOUT MACULAR EDEMA, LEFT EYE","DIABETES; TYPE.*2.*DIABETES"
"A1C","E113493","TYPE 2 DIABETES MELLITUS WITH SEVERE NONPROLIFERATIVE DIABETIC RETINOPATHY WITHOUT MACULAR EDEMA, BILATERAL","DIABETES; TYPE.*2.*DIABETES"
"A1C","E113499","TYPE 2 DIABETES MELLITUS WITH SEVERE NONPROLIFERATIVE DIABETIC RETINOPATHY WITHOUT MACULAR EDEMA, UNSPECIFIED EYE","DIABETES; TYPE.*2.*DIABETES"
"A1C","E113511","TYPE 2 DIABETES MELLITUS WITH PROLIFERATIVE DIABETIC RETINOPATHY WITH MACULAR EDEMA, RIGHT EYE","DIABETES; TYPE.*2.*DIABETES"
"A1C","E113512","TYPE 2 DIABETES MELLITUS WITH PROLIFERATIVE DIABETIC RETINOPATHY WITH MACULAR EDEMA, LEFT EYE","DIABETES; TYPE.*2.*DIABETES"
"A1C","E113513","TYPE 2 DIABETES MELLITUS WITH PROLIFERATIVE DIABETIC RETINOPATHY WITH MACULAR EDEMA, BILATERAL","DIABETES; TYPE.*2.*DIABETES"
"A1C","E113519","TYPE 2 DIABETES MELLITUS WITH PROLIFERATIVE DIABETIC RETINOPATHY WITH MACULAR EDEMA, UNSPECIFIED EYE","DIABETES; TYPE.*2.*DIABETES"
"A1C","E113521","TYPE 2 DIABETES MELLITUS WITH PROLIFERATIVE DIABETIC RETINOPATHY WITH TRACTION RETINAL DETACHMENT INVOLVING THE MACULA, RIGHT EYE","DIABETES; TYPE.*2.*DIABETES"
"A1C","E113522","TYPE 2 DIABETES MELLITUS WITH PROLIFERATIVE DIABETIC RETINOPATHY WITH TRACTION RETINAL DETACHMENT INVOLVING THE MACULA, LEFT EYE","DIABETES; TYPE.*2.*DIABETES"
"A1C","E113523","TYPE 2 DIABETES MELLITUS WITH PROLIFERATIVE DIABETIC RETINOPATHY WITH TRACTION RETINAL DETACHMENT INVOLVING THE MACULA, BILATERAL","DIABETES; TYPE.*2.*DIABETES"
"A1C","E113529","TYPE 2 DIABETES MELLITUS WITH PROLIFERATIVE DIABETIC RETINOPATHY WITH TRACTION RETINAL DETACHMENT INVOLVING THE MACULA, UNSPECIFIED EYE","DIABETES; TYPE.*2.*DIABETES"
"A1C","E113531","TYPE 2 DIABETES MELLITUS WITH PROLIFERATIVE DIABETIC RETINOPATHY WITH TRACTION RETINAL DETACHMENT NOT INVOLVING THE MACULA, RIGHT EYE","DIABETES; TYPE.*2.*DIABETES"
"A1C","E113532","TYPE 2 DIABETES MELLITUS WITH PROLIFERATIVE DIABETIC RETINOPATHY WITH TRACTION RETINAL DETACHMENT NOT INVOLVING THE MACULA, LEFT EYE","DIABETES; TYPE.*2.*DIABETES"
"A1C","E113533","TYPE 2 DIABETES MELLITUS WITH PROLIFERATIVE DIABETIC RETINOPATHY WITH TRACTION RETINAL DETACHMENT NOT INVOLVING THE MACULA, BILATERAL","DIABETES; TYPE.*2.*DIABETES"
"A1C","E113539","TYPE 2 DIABETES MELLITUS WITH PROLIFERATIVE DIABETIC RETINOPATHY WITH TRACTION RETINAL DETACHMENT NOT INVOLVING THE MACULA, UNSPECIFIED EYE","DIABETES; TYPE.*2.*DIABETES"
"A1C","E113541","TYPE 2 DIABETES MELLITUS WITH PROLIFERATIVE DIABETIC RETINOPATHY WITH COMBINED TRACTION RETINAL DETACHMENT AND RHEGMATOGENOUS RETINAL DETACHMENT, RIGHT EYE","DIABETES; TYPE.*2.*DIABETES"
"A1C","E113542","TYPE 2 DIABETES MELLITUS WITH PROLIFERATIVE DIABETIC RETINOPATHY WITH COMBINED TRACTION RETINAL DETACHMENT AND RHEGMATOGENOUS RETINAL DETACHMENT, LEFT EYE","DIABETES; TYPE.*2.*DIABETES"
"A1C","E113543","TYPE 2 DIABETES MELLITUS WITH PROLIFERATIVE DIABETIC RETINOPATHY WITH COMBINED TRACTION RETINAL DETACHMENT AND RHEGMATOGENOUS RETINAL DETACHMENT, BILATERAL","DIABETES; TYPE.*2.*DIABETES"
"A1C","E113549","TYPE 2 DIABETES MELLITUS WITH PROLIFERATIVE DIABETIC RETINOPATHY WITH COMBINED TRACTION RETINAL DETACHMENT AND RHEGMATOGENOUS RETINAL DETACHMENT, UNSPECIFIED EYE","DIABETES; TYPE.*2.*DIABETES"
"A1C","E113551","TYPE 2 DIABETES MELLITUS WITH STABLE PROLIFERATIVE DIABETIC RETINOPATHY, RIGHT EYE","DIABETES; TYPE.*2.*DIABETES"
"A1C","E113552","TYPE 2 DIABETES MELLITUS WITH STABLE PROLIFERATIVE DIABETIC RETINOPATHY, LEFT EYE","DIABETES; TYPE.*2.*DIABETES"
"A1C","E113553","TYPE 2 DIABETES MELLITUS WITH STABLE PROLIFERATIVE DIABETIC RETINOPATHY, BILATERAL","DIABETES; TYPE.*2.*DIABETES"
"A1C","E113559","TYPE 2 DIABETES MELLITUS WITH STABLE PROLIFERATIVE DIABETIC RETINOPATHY, UNSPECIFIED EYE","DIABETES; TYPE.*2.*DIABETES"
"A1C","E113591","TYPE 2 DIABETES MELLITUS WITH PROLIFERATIVE DIABETIC RETINOPATHY WITHOUT MACULAR EDEMA, RIGHT EYE","DIABETES; TYPE.*2.*DIABETES"
"A1C","E113592","TYPE 2 DIABETES MELLITUS WITH PROLIFERATIVE DIABETIC RETINOPATHY WITHOUT MACULAR EDEMA, LEFT EYE","DIABETES; TYPE.*2.*DIABETES"
"A1C","E113593","TYPE 2 DIABETES MELLITUS WITH PROLIFERATIVE DIABETIC RETINOPATHY WITHOUT MACULAR EDEMA, BILATERAL","DIABETES; TYPE.*2.*DIABETES"
"A1C","E113599","TYPE 2 DIABETES MELLITUS WITH PROLIFERATIVE DIABETIC RETINOPATHY WITHOUT MACULAR EDEMA, UNSPECIFIED EYE","DIABETES; TYPE.*2.*DIABETES"
"A1C","E1136","TYPE 2 DIABETES MELLITUS WITH DIABETIC CATARACT","DIABETES; TYPE.*2.*DIABETES"
"A1C","E1137X1","TYPE 2 DIABETES MELLITUS WITH DIABETIC MACULAR EDEMA, RESOLVED FOLLOWING TREATMENT, RIGHT EYE","DIABETES; TYPE.*2.*DIABETES"
"A1C","E1137X2","TYPE 2 DIABETES MELLITUS WITH DIABETIC MACULAR EDEMA, RESOLVED FOLLOWING TREATMENT, LEFT EYE","DIABETES; TYPE.*2.*DIABETES"
"A1C","E1137X3","TYPE 2 DIABETES MELLITUS WITH DIABETIC MACULAR EDEMA, RESOLVED FOLLOWING TREATMENT, BILATERAL","DIABETES; TYPE.*2.*DIABETES"
"A1C","E1137X9","TYPE 2 DIABETES MELLITUS WITH DIABETIC MACULAR EDEMA, RESOLVED FOLLOWING TREATMENT, UNSPECIFIED EYE","DIABETES; TYPE.*2.*DIABETES"
"A1C","E1139","TYPE 2 DIABETES MELLITUS WITH OTHER DIABETIC OPHTHALMIC COMPLICATION","DIABETES; TYPE.*2.*DIABETES"
"A1C","E1140","TYPE 2 DIABETES MELLITUS WITH DIABETIC NEUROPATHY, UNSPECIFIED","DIABETES; TYPE.*2.*DIABETES"
"A1C","E1141","TYPE 2 DIABETES MELLITUS WITH DIABETIC MONONEUROPATHY","DIABETES; TYPE.*2.*DIABETES"
"A1C","E1142","TYPE 2 DIABETES MELLITUS WITH DIABETIC POLYNEUROPATHY","DIABETES; TYPE.*2.*DIABETES"
"A1C","E1143","TYPE 2 DIABETES MELLITUS WITH DIABETIC AUTONOMIC (POLY)NEUROPATHY","DIABETES; TYPE.*2.*DIABETES"
"A1C","E1144","TYPE 2 DIABETES MELLITUS WITH DIABETIC AMYOTROPHY","DIABETES; TYPE.*2.*DIABETES"
"A1C","E1149","TYPE 2 DIABETES MELLITUS WITH OTHER DIABETIC NEUROLOGICAL COMPLICATION","DIABETES; TYPE.*2.*DIABETES"
"A1C","E1151","TYPE 2 DIABETES MELLITUS WITH DIABETIC PERIPHERAL ANGIOPATHY WITHOUT GANGRENE","DIABETES; TYPE.*2.*DIABETES"
"A1C","E1152","TYPE 2 DIABETES MELLITUS WITH DIABETIC PERIPHERAL ANGIOPATHY WITH GANGRENE","DIABETES; TYPE.*2.*DIABETES"
"A1C","E1159","TYPE 2 DIABETES MELLITUS WITH OTHER CIRCULATORY COMPLICATIONS","DIABETES; TYPE.*2.*DIABETES"
"A1C","E11610","TYPE 2 DIABETES MELLITUS WITH DIABETIC NEUROPATHIC ARTHROPATHY","DIABETES; TYPE.*2.*DIABETES"
"A1C","E11618","TYPE 2 DIABETES MELLITUS WITH OTHER DIABETIC ARTHROPATHY","DIABETES; TYPE.*2.*DIABETES"
"A1C","E11620","TYPE 2 DIABETES MELLITUS WITH DIABETIC DERMATITIS","DIABETES; TYPE.*2.*DIABETES"
"A1C","E11621","TYPE 2 DIABETES MELLITUS WITH FOOT ULCER","DIABETES; TYPE.*2.*DIABETES"
"A1C","E11622","TYPE 2 DIABETES MELLITUS WITH OTHER SKIN ULCER","DIABETES; TYPE.*2.*DIABETES"
"A1C","E11628","TYPE 2 DIABETES MELLITUS WITH OTHER SKIN COMPLICATIONS","DIABETES; TYPE.*2.*DIABETES"
"A1C","E11630","TYPE 2 DIABETES MELLITUS WITH PERIODONTAL DISEASE","DIABETES; TYPE.*2.*DIABETES"
"A1C","E11638","TYPE 2 DIABETES MELLITUS WITH OTHER ORAL COMPLICATIONS","DIABETES; TYPE.*2.*DIABETES"
"A1C","E11641","TYPE 2 DIABETES MELLITUS WITH HYPOGLYCEMIA WITH COMA","DIABETES; TYPE.*2.*DIABETES"
"A1C","E11649","TYPE 2 DIABETES MELLITUS WITH HYPOGLYCEMIA WITHOUT COMA","DIABETES; TYPE.*2.*DIABETES"
"A1C","E1165","TYPE 2 DIABETES MELLITUS WITH HYPERGLYCEMIA","DIABETES; TYPE.*2.*DIABETES; HYPERGLYCEMIA"
"A1C","E1169","TYPE 2 DIABETES MELLITUS WITH OTHER SPECIFIED COMPLICATION","DIABETES; TYPE.*2.*DIABETES"
"A1C","E118","TYPE 2 DIABETES MELLITUS WITH UNSPECIFIED COMPLICATIONS","DIABETES; TYPE.*2.*DIABETES"
"A1C","E119","TYPE 2 DIABETES MELLITUS WITHOUT COMPLICATIONS","DIABETES; TYPE.*2.*DIABETES"
"A1C","E11A","TYPE 2 DIABETES MELLITUS WITHOUT COMPLICATIONS IN REMISSION","DIABETES; TYPE.*2.*DIABETES"
"A1C","E1300","OTHER SPECIFIED DIABETES MELLITUS WITH HYPEROSMOLARITY WITHOUT NONKETOTIC HYPERGLYCEMIC-HYPEROSMOLAR COMA (NKHHC)","DIABETES; OTHER.*SPECIFIED.*DIABETES.*MELLITUS"
"A1C","E1301","OTHER SPECIFIED DIABETES MELLITUS WITH HYPEROSMOLARITY WITH COMA","DIABETES; OTHER.*SPECIFIED.*DIABETES.*MELLITUS"
"A1C","E1310","OTHER SPECIFIED DIABETES MELLITUS WITH KETOACIDOSIS WITHOUT COMA","DIABETES; OTHER.*SPECIFIED.*DIABETES.*MELLITUS"
"A1C","E1311","OTHER SPECIFIED DIABETES MELLITUS WITH KETOACIDOSIS WITH COMA","DIABETES; OTHER.*SPECIFIED.*DIABETES.*MELLITUS"
"A1C","E1321","OTHER SPECIFIED DIABETES MELLITUS WITH DIABETIC NEPHROPATHY","DIABETES; OTHER.*SPECIFIED.*DIABETES.*MELLITUS"
"A1C","E1322","OTHER SPECIFIED DIABETES MELLITUS WITH DIABETIC CHRONIC KIDNEY DISEASE","DIABETES; OTHER.*SPECIFIED.*DIABETES.*MELLITUS"
"A1C","E1329","OTHER SPECIFIED DIABETES MELLITUS WITH OTHER DIABETIC KIDNEY COMPLICATION","DIABETES; OTHER.*SPECIFIED.*DIABETES.*MELLITUS"
"A1C","E13311","OTHER SPECIFIED DIABETES MELLITUS WITH UNSPECIFIED DIABETIC RETINOPATHY WITH MACULAR EDEMA","DIABETES; OTHER.*SPECIFIED.*DIABETES.*MELLITUS"
"A1C","E13319","OTHER SPECIFIED DIABETES MELLITUS WITH UNSPECIFIED DIABETIC RETINOPATHY WITHOUT MACULAR EDEMA","DIABETES; OTHER.*SPECIFIED.*DIABETES.*MELLITUS"
"A1C","E133211","OTHER SPECIFIED DIABETES MELLITUS WITH MILD NONPROLIFERATIVE DIABETIC RETINOPATHY WITH MACULAR EDEMA, RIGHT EYE","DIABETES; OTHER.*SPECIFIED.*DIABETES.*MELLITUS"
"A1C","E133212","OTHER SPECIFIED DIABETES MELLITUS WITH MILD NONPROLIFERATIVE DIABETIC RETINOPATHY WITH MACULAR EDEMA, LEFT EYE","DIABETES; OTHER.*SPECIFIED.*DIABETES.*MELLITUS"
"A1C","E133213","OTHER SPECIFIED DIABETES MELLITUS WITH MILD NONPROLIFERATIVE DIABETIC RETINOPATHY WITH MACULAR EDEMA, BILATERAL","DIABETES; OTHER.*SPECIFIED.*DIABETES.*MELLITUS"
"A1C","E133219","OTHER SPECIFIED DIABETES MELLITUS WITH MILD NONPROLIFERATIVE DIABETIC RETINOPATHY WITH MACULAR EDEMA, UNSPECIFIED EYE","DIABETES; OTHER.*SPECIFIED.*DIABETES.*MELLITUS"
"A1C","E133291","OTHER SPECIFIED DIABETES MELLITUS WITH MILD NONPROLIFERATIVE DIABETIC RETINOPATHY WITHOUT MACULAR EDEMA, RIGHT EYE","DIABETES; OTHER.*SPECIFIED.*DIABETES.*MELLITUS"
"A1C","E133292","OTHER SPECIFIED DIABETES MELLITUS WITH MILD NONPROLIFERATIVE DIABETIC RETINOPATHY WITHOUT MACULAR EDEMA, LEFT EYE","DIABETES; OTHER.*SPECIFIED.*DIABETES.*MELLITUS"
"A1C","E133293","OTHER SPECIFIED DIABETES MELLITUS WITH MILD NONPROLIFERATIVE DIABETIC RETINOPATHY WITHOUT MACULAR EDEMA, BILATERAL","DIABETES; OTHER.*SPECIFIED.*DIABETES.*MELLITUS"
"A1C","E133299","OTHER SPECIFIED DIABETES MELLITUS WITH MILD NONPROLIFERATIVE DIABETIC RETINOPATHY WITHOUT MACULAR EDEMA, UNSPECIFIED EYE","DIABETES; OTHER.*SPECIFIED.*DIABETES.*MELLITUS"
"A1C","E133311","OTHER SPECIFIED DIABETES MELLITUS WITH MODERATE NONPROLIFERATIVE DIABETIC RETINOPATHY WITH MACULAR EDEMA, RIGHT EYE","DIABETES; OTHER.*SPECIFIED.*DIABETES.*MELLITUS"
"A1C","E133312","OTHER SPECIFIED DIABETES MELLITUS WITH MODERATE NONPROLIFERATIVE DIABETIC RETINOPATHY WITH MACULAR EDEMA, LEFT EYE","DIABETES; OTHER.*SPECIFIED.*DIABETES.*MELLITUS"
"A1C","E133313","OTHER SPECIFIED DIABETES MELLITUS WITH MODERATE NONPROLIFERATIVE DIABETIC RETINOPATHY WITH MACULAR EDEMA, BILATERAL","DIABETES; OTHER.*SPECIFIED.*DIABETES.*MELLITUS"
"A1C","E133319","OTHER SPECIFIED DIABETES MELLITUS WITH MODERATE NONPROLIFERATIVE DIABETIC RETINOPATHY WITH MACULAR EDEMA, UNSPECIFIED EYE","DIABETES; OTHER.*SPECIFIED.*DIABETES.*MELLITUS"
"A1C","E133391","OTHER SPECIFIED DIABETES MELLITUS WITH MODERATE NONPROLIFERATIVE DIABETIC RETINOPATHY WITHOUT MACULAR EDEMA, RIGHT EYE","DIABETES; OTHER.*SPECIFIED.*DIABETES.*MELLITUS"
"A1C","E133392","OTHER SPECIFIED DIABETES MELLITUS WITH MODERATE NONPROLIFERATIVE DIABETIC RETINOPATHY WITHOUT MACULAR EDEMA, LEFT EYE","DIABETES; OTHER.*SPECIFIED.*DIABETES.*MELLITUS"
"A1C","E133393","OTHER SPECIFIED DIABETES MELLITUS WITH MODERATE NONPROLIFERATIVE DIABETIC RETINOPATHY WITHOUT MACULAR EDEMA, BILATERAL","DIABETES; OTHER.*SPECIFIED.*DIABETES.*MELLITUS"
"A1C","E133399","OTHER SPECIFIED DIABETES MELLITUS WITH MODERATE NONPROLIFERATIVE DIABETIC RETINOPATHY WITHOUT MACULAR EDEMA, UNSPECIFIED EYE","DIABETES; OTHER.*SPECIFIED.*DIABETES.*MELLITUS"
"A1C","E133411","OTHER SPECIFIED DIABETES MELLITUS WITH SEVERE NONPROLIFERATIVE DIABETIC RETINOPATHY WITH MACULAR EDEMA, RIGHT EYE","DIABETES; OTHER.*SPECIFIED.*DIABETES.*MELLITUS"
"A1C","E133412","OTHER SPECIFIED DIABETES MELLITUS WITH SEVERE NONPROLIFERATIVE DIABETIC RETINOPATHY WITH MACULAR EDEMA, LEFT EYE","DIABETES; OTHER.*SPECIFIED.*DIABETES.*MELLITUS"
"A1C","E133413","OTHER SPECIFIED DIABETES MELLITUS WITH SEVERE NONPROLIFERATIVE DIABETIC RETINOPATHY WITH MACULAR EDEMA, BILATERAL","DIABETES; OTHER.*SPECIFIED.*DIABETES.*MELLITUS"
"A1C","E133419","OTHER SPECIFIED DIABETES MELLITUS WITH SEVERE NONPROLIFERATIVE DIABETIC RETINOPATHY WITH MACULAR EDEMA, UNSPECIFIED EYE","DIABETES; OTHER.*SPECIFIED.*DIABETES.*MELLITUS"
"A1C","E133491","OTHER SPECIFIED DIABETES MELLITUS WITH SEVERE NONPROLIFERATIVE DIABETIC RETINOPATHY WITHOUT MACULAR EDEMA, RIGHT EYE","DIABETES; OTHER.*SPECIFIED.*DIABETES.*MELLITUS"
"A1C","E133492","OTHER SPECIFIED DIABETES MELLITUS WITH SEVERE NONPROLIFERATIVE DIABETIC RETINOPATHY WITHOUT MACULAR EDEMA, LEFT EYE","DIABETES; OTHER.*SPECIFIED.*DIABETES.*MELLITUS"
"A1C","E133493","OTHER SPECIFIED DIABETES MELLITUS WITH SEVERE NONPROLIFERATIVE DIABETIC RETINOPATHY WITHOUT MACULAR EDEMA, BILATERAL","DIABETES; OTHER.*SPECIFIED.*DIABETES.*MELLITUS"
"A1C","E133499","OTHER SPECIFIED DIABETES MELLITUS WITH SEVERE NONPROLIFERATIVE DIABETIC RETINOPATHY WITHOUT MACULAR EDEMA, UNSPECIFIED EYE","DIABETES; OTHER.*SPECIFIED.*DIABETES.*MELLITUS"
"A1C","E133511","OTHER SPECIFIED DIABETES MELLITUS WITH PROLIFERATIVE DIABETIC RETINOPATHY WITH MACULAR EDEMA, RIGHT EYE","DIABETES; OTHER.*SPECIFIED.*DIABETES.*MELLITUS"
"A1C","E133512","OTHER SPECIFIED DIABETES MELLITUS WITH PROLIFERATIVE DIABETIC RETINOPATHY WITH MACULAR EDEMA, LEFT EYE","DIABETES; OTHER.*SPECIFIED.*DIABETES.*MELLITUS"
"A1C","E133513","OTHER SPECIFIED DIABETES MELLITUS WITH PROLIFERATIVE DIABETIC RETINOPATHY WITH MACULAR EDEMA, BILATERAL","DIABETES; OTHER.*SPECIFIED.*DIABETES.*MELLITUS"
"A1C","E133519","OTHER SPECIFIED DIABETES MELLITUS WITH PROLIFERATIVE DIABETIC RETINOPATHY WITH MACULAR EDEMA, UNSPECIFIED EYE","DIABETES; OTHER.*SPECIFIED.*DIABETES.*MELLITUS"
"A1C","E133521","OTHER SPECIFIED DIABETES MELLITUS WITH PROLIFERATIVE DIABETIC RETINOPATHY WITH TRACTION RETINAL DETACHMENT INVOLVING THE MACULA, RIGHT EYE","DIABETES; OTHER.*SPECIFIED.*DIABETES.*MELLITUS"
"A1C","E133522","OTHER SPECIFIED DIABETES MELLITUS WITH PROLIFERATIVE DIABETIC RETINOPATHY WITH TRACTION RETINAL DETACHMENT INVOLVING THE MACULA, LEFT EYE","DIABETES; OTHER.*SPECIFIED.*DIABETES.*MELLITUS"
"A1C","E133523","OTHER SPECIFIED DIABETES MELLITUS WITH PROLIFERATIVE DIABETIC RETINOPATHY WITH TRACTION RETINAL DETACHMENT INVOLVING THE MACULA, BILATERAL","DIABETES; OTHER.*SPECIFIED.*DIABETES.*MELLITUS"
"A1C","E133529","OTHER SPECIFIED DIABETES MELLITUS WITH PROLIFERATIVE DIABETIC RETINOPATHY WITH TRACTION RETINAL DETACHMENT INVOLVING THE MACULA, UNSPECIFIED EYE","DIABETES; OTHER.*SPECIFIED.*DIABETES.*MELLITUS"
"A1C","E133531","OTHER SPECIFIED DIABETES MELLITUS WITH PROLIFERATIVE DIABETIC RETINOPATHY WITH TRACTION RETINAL DETACHMENT NOT INVOLVING THE MACULA, RIGHT EYE","DIABETES; OTHER.*SPECIFIED.*DIABETES.*MELLITUS"
"A1C","E133532","OTHER SPECIFIED DIABETES MELLITUS WITH PROLIFERATIVE DIABETIC RETINOPATHY WITH TRACTION RETINAL DETACHMENT NOT INVOLVING THE MACULA, LEFT EYE","DIABETES; OTHER.*SPECIFIED.*DIABETES.*MELLITUS"
"A1C","E133533","OTHER SPECIFIED DIABETES MELLITUS WITH PROLIFERATIVE DIABETIC RETINOPATHY WITH TRACTION RETINAL DETACHMENT NOT INVOLVING THE MACULA, BILATERAL","DIABETES; OTHER.*SPECIFIED.*DIABETES.*MELLITUS"
"A1C","E133539","OTHER SPECIFIED DIABETES MELLITUS WITH PROLIFERATIVE DIABETIC RETINOPATHY WITH TRACTION RETINAL DETACHMENT NOT INVOLVING THE MACULA, UNSPECIFIED EYE","DIABETES; OTHER.*SPECIFIED.*DIABETES.*MELLITUS"
"A1C","E133541","OTHER SPECIFIED DIABETES MELLITUS WITH PROLIFERATIVE DIABETIC RETINOPATHY WITH COMBINED TRACTION RETINAL DETACHMENT AND RHEGMATOGENOUS RETINAL DETACHMENT, RIGHT EYE","DIABETES; OTHER.*SPECIFIED.*DIABETES.*MELLITUS"
"A1C","E133542","OTHER SPECIFIED DIABETES MELLITUS WITH PROLIFERATIVE DIABETIC RETINOPATHY WITH COMBINED TRACTION RETINAL DETACHMENT AND RHEGMATOGENOUS RETINAL DETACHMENT, LEFT EYE","DIABETES; OTHER.*SPECIFIED.*DIABETES.*MELLITUS"
"A1C","E133543","OTHER SPECIFIED DIABETES MELLITUS WITH PROLIFERATIVE DIABETIC RETINOPATHY WITH COMBINED TRACTION RETINAL DETACHMENT AND RHEGMATOGENOUS RETINAL DETACHMENT, BILATERAL","DIABETES; OTHER.*SPECIFIED.*DIABETES.*MELLITUS"
"A1C","E133549","OTHER SPECIFIED DIABETES MELLITUS WITH PROLIFERATIVE DIABETIC RETINOPATHY WITH COMBINED TRACTION RETINAL DETACHMENT AND RHEGMATOGENOUS RETINAL DETACHMENT, UNSPECIFIED EYE","DIABETES; OTHER.*SPECIFIED.*DIABETES.*MELLITUS"
"A1C","E133551","OTHER SPECIFIED DIABETES MELLITUS WITH STABLE PROLIFERATIVE DIABETIC RETINOPATHY, RIGHT EYE","DIABETES; OTHER.*SPECIFIED.*DIABETES.*MELLITUS"
"A1C","E133552","OTHER SPECIFIED DIABETES MELLITUS WITH STABLE PROLIFERATIVE DIABETIC RETINOPATHY, LEFT EYE","DIABETES; OTHER.*SPECIFIED.*DIABETES.*MELLITUS"
"A1C","E133553","OTHER SPECIFIED DIABETES MELLITUS WITH STABLE PROLIFERATIVE DIABETIC RETINOPATHY, BILATERAL","DIABETES; OTHER.*SPECIFIED.*DIABETES.*MELLITUS"
"A1C","E133559","OTHER SPECIFIED DIABETES MELLITUS WITH STABLE PROLIFERATIVE DIABETIC RETINOPATHY, UNSPECIFIED EYE","DIABETES; OTHER.*SPECIFIED.*DIABETES.*MELLITUS"
"A1C","E133591","OTHER SPECIFIED DIABETES MELLITUS WITH PROLIFERATIVE DIABETIC RETINOPATHY WITHOUT MACULAR EDEMA, RIGHT EYE","DIABETES; OTHER.*SPECIFIED.*DIABETES.*MELLITUS"
"A1C","E133592","OTHER SPECIFIED DIABETES MELLITUS WITH PROLIFERATIVE DIABETIC RETINOPATHY WITHOUT MACULAR EDEMA, LEFT EYE","DIABETES; OTHER.*SPECIFIED.*DIABETES.*MELLITUS"
"A1C","E133593","OTHER SPECIFIED DIABETES MELLITUS WITH PROLIFERATIVE DIABETIC RETINOPATHY WITHOUT MACULAR EDEMA, BILATERAL","DIABETES; OTHER.*SPECIFIED.*DIABETES.*MELLITUS"
"A1C","E133599","OTHER SPECIFIED DIABETES MELLITUS WITH PROLIFERATIVE DIABETIC RETINOPATHY WITHOUT MACULAR EDEMA, UNSPECIFIED EYE","DIABETES; OTHER.*SPECIFIED.*DIABETES.*MELLITUS"
"A1C","E1336","OTHER SPECIFIED DIABETES MELLITUS WITH DIABETIC CATARACT","DIABETES; OTHER.*SPECIFIED.*DIABETES.*MELLITUS"
"A1C","E1337X1","OTHER SPECIFIED DIABETES MELLITUS WITH DIABETIC MACULAR EDEMA, RESOLVED FOLLOWING TREATMENT, RIGHT EYE","DIABETES; OTHER.*SPECIFIED.*DIABETES.*MELLITUS"
"A1C","E1337X2","OTHER SPECIFIED DIABETES MELLITUS WITH DIABETIC MACULAR EDEMA, RESOLVED FOLLOWING TREATMENT, LEFT EYE","DIABETES; OTHER.*SPECIFIED.*DIABETES.*MELLITUS"
"A1C","E1337X3","OTHER SPECIFIED DIABETES MELLITUS WITH DIABETIC MACULAR EDEMA, RESOLVED FOLLOWING TREATMENT, BILATERAL","DIABETES; OTHER.*SPECIFIED.*DIABETES.*MELLITUS"
"A1C","E1337X9","OTHER SPECIFIED DIABETES MELLITUS WITH DIABETIC MACULAR EDEMA, RESOLVED FOLLOWING TREATMENT, UNSPECIFIED EYE","DIABETES; OTHER.*SPECIFIED.*DIABETES.*MELLITUS"
"A1C","E1339","OTHER SPECIFIED DIABETES MELLITUS WITH OTHER DIABETIC OPHTHALMIC COMPLICATION","DIABETES; OTHER.*SPECIFIED.*DIABETES.*MELLITUS"
"A1C","E1340","OTHER SPECIFIED DIABETES MELLITUS WITH DIABETIC NEUROPATHY, UNSPECIFIED","DIABETES; OTHER.*SPECIFIED.*DIABETES.*MELLITUS"
"A1C","E1341","OTHER SPECIFIED DIABETES MELLITUS WITH DIABETIC MONONEUROPATHY","DIABETES; OTHER.*SPECIFIED.*DIABETES.*MELLITUS"
"A1C","E1342","OTHER SPECIFIED DIABETES MELLITUS WITH DIABETIC POLYNEUROPATHY","DIABETES; OTHER.*SPECIFIED.*DIABETES.*MELLITUS"
"A1C","E1343","OTHER SPECIFIED DIABETES MELLITUS WITH DIABETIC AUTONOMIC (POLY)NEUROPATHY","DIABETES; OTHER.*SPECIFIED.*DIABETES.*MELLITUS"
"A1C","E1344","OTHER SPECIFIED DIABETES MELLITUS WITH DIABETIC AMYOTROPHY","DIABETES; OTHER.*SPECIFIED.*DIABETES.*MELLITUS"
"A1C","E1349","OTHER SPECIFIED DIABETES MELLITUS WITH OTHER DIABETIC NEUROLOGICAL COMPLICATION","DIABETES; OTHER.*SPECIFIED.*DIABETES.*MELLITUS"
"A1C","E1351","OTHER SPECIFIED DIABETES MELLITUS WITH DIABETIC PERIPHERAL ANGIOPATHY WITHOUT GANGRENE","DIABETES; OTHER.*SPECIFIED.*DIABETES.*MELLITUS"
"A1C","E1352","OTHER SPECIFIED DIABETES MELLITUS WITH DIABETIC PERIPHERAL ANGIOPATHY WITH GANGRENE","DIABETES; OTHER.*SPECIFIED.*DIABETES.*MELLITUS"
"A1C","E1359","OTHER SPECIFIED DIABETES MELLITUS WITH OTHER CIRCULATORY COMPLICATIONS","DIABETES; OTHER.*SPECIFIED.*DIABETES.*MELLITUS"
"A1C","E13610","OTHER SPECIFIED DIABETES MELLITUS WITH DIABETIC NEUROPATHIC ARTHROPATHY","DIABETES; OTHER.*SPECIFIED.*DIABETES.*MELLITUS"
"A1C","E13618","OTHER SPECIFIED DIABETES MELLITUS WITH OTHER DIABETIC ARTHROPATHY","DIABETES; OTHER.*SPECIFIED.*DIABETES.*MELLITUS"
"A1C","E13620","OTHER SPECIFIED DIABETES MELLITUS WITH DIABETIC DERMATITIS","DIABETES; OTHER.*SPECIFIED.*DIABETES.*MELLITUS"
"A1C","E13621","OTHER SPECIFIED DIABETES MELLITUS WITH FOOT ULCER","DIABETES; OTHER.*SPECIFIED.*DIABETES.*MELLITUS"
"A1C","E13622","OTHER SPECIFIED DIABETES MELLITUS WITH OTHER SKIN ULCER","DIABETES; OTHER.*SPECIFIED.*DIABETES.*MELLITUS"
"A1C","E13628","OTHER SPECIFIED DIABETES MELLITUS WITH OTHER SKIN COMPLICATIONS","DIABETES; OTHER.*SPECIFIED.*DIABETES.*MELLITUS"
"A1C","E13630","OTHER SPECIFIED DIABETES MELLITUS WITH PERIODONTAL DISEASE","DIABETES; OTHER.*SPECIFIED.*DIABETES.*MELLITUS"
"A1C","E13638","OTHER SPECIFIED DIABETES MELLITUS WITH OTHER ORAL COMPLICATIONS","DIABETES; OTHER.*SPECIFIED.*DIABETES.*MELLITUS"
"A1C","E13641","OTHER SPECIFIED DIABETES MELLITUS WITH HYPOGLYCEMIA WITH COMA","DIABETES; OTHER.*SPECIFIED.*DIABETES.*MELLITUS"
"A1C","E13649","OTHER SPECIFIED DIABETES MELLITUS WITH HYPOGLYCEMIA WITHOUT COMA","DIABETES; OTHER.*SPECIFIED.*DIABETES.*MELLITUS"
"A1C","E1365","OTHER SPECIFIED DIABETES MELLITUS WITH HYPERGLYCEMIA","DIABETES; HYPERGLYCEMIA; OTHER.*SPECIFIED.*DIABETES.*MELLITUS"
"A1C","E1369","OTHER SPECIFIED DIABETES MELLITUS WITH OTHER SPECIFIED COMPLICATION","DIABETES; OTHER.*SPECIFIED.*DIABETES.*MELLITUS"
"A1C","E138","OTHER SPECIFIED DIABETES MELLITUS WITH UNSPECIFIED COMPLICATIONS","DIABETES; OTHER.*SPECIFIED.*DIABETES.*MELLITUS"
"A1C","E139","OTHER SPECIFIED DIABETES MELLITUS WITHOUT COMPLICATIONS","DIABETES; OTHER.*SPECIFIED.*DIABETES.*MELLITUS"
"A1C","E15","NONDIABETIC HYPOGLYCEMIC COMA","DIABETIC.*COMA"
"A1C","E232","DIABETES INSIPIDUS","DIABETES"
"A1C","E34322","INSULIN-LIKE GROWTH FACTOR-1 (IGF-1) RESISTANCE","INSULIN.*RESISTANCE"
"A1C","E88811","INSULIN RESISTANCE SYNDROME, TYPE A","INSULIN.*RESISTANCE"
"A1C","E88818","OTHER INSULIN RESISTANCE","INSULIN.*RESISTANCE"
"A1C","E88819","INSULIN RESISTANCE, UNSPECIFIED","INSULIN.*RESISTANCE"
"A1C","N251","NEPHROGENIC DIABETES INSIPIDUS","DIABETES"
"A1C","O24011","PRE-EXISTING TYPE 1 DIABETES MELLITUS, IN PREGNANCY, FIRST TRIMESTER","DIABETES; TYPE.*1.*DIABETES"
"A1C","O24012","PRE-EXISTING TYPE 1 DIABETES MELLITUS, IN PREGNANCY, SECOND TRIMESTER","DIABETES; TYPE.*1.*DIABETES"
"A1C","O24013","PRE-EXISTING TYPE 1 DIABETES MELLITUS, IN PREGNANCY, THIRD TRIMESTER","DIABETES; TYPE.*1.*DIABETES"
"A1C","O24019","PRE-EXISTING TYPE 1 DIABETES MELLITUS, IN PREGNANCY, UNSPECIFIED TRIMESTER","DIABETES; TYPE.*1.*DIABETES"
"A1C","O2402","PRE-EXISTING TYPE 1 DIABETES MELLITUS, IN CHILDBIRTH","DIABETES; TYPE.*1.*DIABETES"
"A1C","O2403","PRE-EXISTING TYPE 1 DIABETES MELLITUS, IN THE PUERPERIUM","DIABETES; TYPE.*1.*DIABETES"
"A1C","O24111","PRE-EXISTING TYPE 2 DIABETES MELLITUS, IN PREGNANCY, FIRST TRIMESTER","DIABETES; TYPE.*2.*DIABETES"
"A1C","O24112","PRE-EXISTING TYPE 2 DIABETES MELLITUS, IN PREGNANCY, SECOND TRIMESTER","DIABETES; TYPE.*2.*DIABETES"
"A1C","O24113","PRE-EXISTING TYPE 2 DIABETES MELLITUS, IN PREGNANCY, THIRD TRIMESTER","DIABETES; TYPE.*2.*DIABETES"
"A1C","O24119","PRE-EXISTING TYPE 2 DIABETES MELLITUS, IN PREGNANCY, UNSPECIFIED TRIMESTER","DIABETES; TYPE.*2.*DIABETES"
"A1C","O2412","PRE-EXISTING TYPE 2 DIABETES MELLITUS, IN CHILDBIRTH","DIABETES; TYPE.*2.*DIABETES"
"A1C","O2413","PRE-EXISTING TYPE 2 DIABETES MELLITUS, IN THE PUERPERIUM","DIABETES; TYPE.*2.*DIABETES"
"A1C","O24311","UNSPECIFIED PRE-EXISTING DIABETES MELLITUS IN PREGNANCY, FIRST TRIMESTER","DIABETES; UNSPECIFIED.*DIABETES.*MELLITUS"
"A1C","O24312","UNSPECIFIED PRE-EXISTING DIABETES MELLITUS IN PREGNANCY, SECOND TRIMESTER","DIABETES; UNSPECIFIED.*DIABETES.*MELLITUS"
"A1C","O24313","UNSPECIFIED PRE-EXISTING DIABETES MELLITUS IN PREGNANCY, THIRD TRIMESTER","DIABETES; UNSPECIFIED.*DIABETES.*MELLITUS"
"A1C","O24319","UNSPECIFIED PRE-EXISTING DIABETES MELLITUS IN PREGNANCY, UNSPECIFIED TRIMESTER","DIABETES; UNSPECIFIED.*DIABETES.*MELLITUS"
"A1C","O2432","UNSPECIFIED PRE-EXISTING DIABETES MELLITUS IN CHILDBIRTH","DIABETES; UNSPECIFIED.*DIABETES.*MELLITUS"
"A1C","O2433","UNSPECIFIED PRE-EXISTING DIABETES MELLITUS IN THE PUERPERIUM","DIABETES; UNSPECIFIED.*DIABETES.*MELLITUS"
"A1C","O24410","GESTATIONAL DIABETES MELLITUS IN PREGNANCY, DIET CONTROLLED","DIABETES; GESTATIONAL.*DIABETES"
"A1C","O24414","GESTATIONAL DIABETES MELLITUS IN PREGNANCY, INSULIN CONTROLLED","DIABETES; GESTATIONAL.*DIABETES"
"A1C","O24415","GESTATIONAL DIABETES MELLITUS IN PREGNANCY, CONTROLLED BY ORAL HYPOGLYCEMIC DRUGS","DIABETES; GESTATIONAL.*DIABETES"
"A1C","O24419","GESTATIONAL DIABETES MELLITUS IN PREGNANCY, UNSPECIFIED CONTROL","DIABETES; GESTATIONAL.*DIABETES"
"A1C","O24420","GESTATIONAL DIABETES MELLITUS IN CHILDBIRTH, DIET CONTROLLED","DIABETES; GESTATIONAL.*DIABETES"
"A1C","O24424","GESTATIONAL DIABETES MELLITUS IN CHILDBIRTH, INSULIN CONTROLLED","DIABETES; GESTATIONAL.*DIABETES"
"A1C","O24425","GESTATIONAL DIABETES MELLITUS IN CHILDBIRTH, CONTROLLED BY ORAL HYPOGLYCEMIC DRUGS","DIABETES; GESTATIONAL.*DIABETES"
"A1C","O24429","GESTATIONAL DIABETES MELLITUS IN CHILDBIRTH, UNSPECIFIED CONTROL","DIABETES; GESTATIONAL.*DIABETES"
"A1C","O24430","GESTATIONAL DIABETES MELLITUS IN THE PUERPERIUM, DIET CONTROLLED","DIABETES; GESTATIONAL.*DIABETES"
"A1C","O24434","GESTATIONAL DIABETES MELLITUS IN THE PUERPERIUM, INSULIN CONTROLLED","DIABETES; GESTATIONAL.*DIABETES"
"A1C","O24435","GESTATIONAL DIABETES MELLITUS IN PUERPERIUM, CONTROLLED BY ORAL HYPOGLYCEMIC DRUGS","DIABETES; GESTATIONAL.*DIABETES"
"A1C","O24439","GESTATIONAL DIABETES MELLITUS IN THE PUERPERIUM, UNSPECIFIED CONTROL","DIABETES; GESTATIONAL.*DIABETES"
"A1C","O24811","OTHER PRE-EXISTING DIABETES MELLITUS IN PREGNANCY, FIRST TRIMESTER","DIABETES"
"A1C","O24812","OTHER PRE-EXISTING DIABETES MELLITUS IN PREGNANCY, SECOND TRIMESTER","DIABETES"
"A1C","O24813","OTHER PRE-EXISTING DIABETES MELLITUS IN PREGNANCY, THIRD TRIMESTER","DIABETES"
"A1C","O24819","OTHER PRE-EXISTING DIABETES MELLITUS IN PREGNANCY, UNSPECIFIED TRIMESTER","DIABETES"
"A1C","O2482","OTHER PRE-EXISTING DIABETES MELLITUS IN CHILDBIRTH","DIABETES"
"A1C","O2483","OTHER PRE-EXISTING DIABETES MELLITUS IN THE PUERPERIUM","DIABETES"
"A1C","O24911","UNSPECIFIED DIABETES MELLITUS IN PREGNANCY, FIRST TRIMESTER","DIABETES; UNSPECIFIED.*DIABETES.*MELLITUS"
"A1C","O24912","UNSPECIFIED DIABETES MELLITUS IN PREGNANCY, SECOND TRIMESTER","DIABETES; UNSPECIFIED.*DIABETES.*MELLITUS"
"A1C","O24913","UNSPECIFIED DIABETES MELLITUS IN PREGNANCY, THIRD TRIMESTER","DIABETES; UNSPECIFIED.*DIABETES.*MELLITUS"
"A1C","O24919","UNSPECIFIED DIABETES MELLITUS IN PREGNANCY, UNSPECIFIED TRIMESTER","DIABETES; UNSPECIFIED.*DIABETES.*MELLITUS"
"A1C","O2492","UNSPECIFIED DIABETES MELLITUS IN CHILDBIRTH","DIABETES; UNSPECIFIED.*DIABETES.*MELLITUS"
"A1C","O2493","UNSPECIFIED DIABETES MELLITUS IN THE PUERPERIUM","DIABETES; UNSPECIFIED.*DIABETES.*MELLITUS"
"A1C","P700","SYNDROME OF INFANT OF MOTHER WITH GESTATIONAL DIABETES","DIABETES; GESTATIONAL.*DIABETES"
"A1C","P702","NEONATAL DIABETES MELLITUS","DIABETES"
"A1C","R7303","PREDIABETES","DIABETES; PREDIABETES"
"A1C","R739","HYPERGLYCEMIA, UNSPECIFIED","HYPERGLYCEMIA"
"A1C","Z131","ENCOUNTER FOR SCREENING FOR DIABETES MELLITUS","DIABETES"
"A1C","Z833","FAMILY HISTORY OF DIABETES MELLITUS","DIABETES"
"A1C","Z8632","PERSONAL HISTORY OF GESTATIONAL DIABETES","DIABETES; GESTATIONAL.*DIABETES"
"ALB","A021","SALMONELLA SEPSIS","SEPSIS"
"ALB","A1817","TUBERCULOUS FEMALE PELVIC INFLAMMATORY DISEASE","INFLAMMATORY.*DISEASE"
"ALB","A227","ANTHRAX SEPSIS","SEPSIS"
"ALB","A267","ERYSIPELOTHRIX SEPSIS","SEPSIS"
"ALB","A327","LISTERIAL SEPSIS","SEPSIS"
"ALB","A400","SEPSIS DUE TO STREPTOCOCCUS, GROUP A","SEPSIS"
"ALB","A401","SEPSIS DUE TO STREPTOCOCCUS, GROUP B","SEPSIS"
"ALB","A403","SEPSIS DUE TO STREPTOCOCCUS PNEUMONIAE","SEPSIS"
"ALB","A408","OTHER STREPTOCOCCAL SEPSIS","SEPSIS"
"ALB","A409","STREPTOCOCCAL SEPSIS, UNSPECIFIED","SEPSIS"
"ALB","A4101","SEPSIS DUE TO METHICILLIN SUSCEPTIBLE STAPHYLOCOCCUS AUREUS","SEPSIS"
"ALB","A4102","SEPSIS DUE TO METHICILLIN RESISTANT STAPHYLOCOCCUS AUREUS","SEPSIS"
"ALB","A411","SEPSIS DUE TO OTHER SPECIFIED STAPHYLOCOCCUS","SEPSIS"
"ALB","A412","SEPSIS DUE TO UNSPECIFIED STAPHYLOCOCCUS","SEPSIS"
"ALB","A413","SEPSIS DUE TO HEMOPHILUS INFLUENZAE","SEPSIS"
"ALB","A414","SEPSIS DUE TO ANAEROBES","SEPSIS"
"ALB","A4150","GRAM-NEGATIVE SEPSIS, UNSPECIFIED","SEPSIS"
"ALB","A4151","SEPSIS DUE TO ESCHERICHIA COLI [E. COLI]","SEPSIS"
"ALB","A4152","SEPSIS DUE TO PSEUDOMONAS","SEPSIS"
"ALB","A4153","SEPSIS DUE TO SERRATIA","SEPSIS"
"ALB","A4154","SEPSIS DUE TO ACINETOBACTER BAUMANNII","SEPSIS"
"ALB","A4159","OTHER GRAM-NEGATIVE SEPSIS","SEPSIS"
"ALB","A4181","SEPSIS DUE TO ENTEROCOCCUS","SEPSIS"
"ALB","A4189","OTHER SPECIFIED SEPSIS","SEPSIS"
"ALB","A419","SEPSIS, UNSPECIFIED ORGANISM","SEPSIS"
"ALB","A427","ACTINOMYCOTIC SEPSIS","SEPSIS"
"ALB","A5424","GONOCOCCAL FEMALE PELVIC INFLAMMATORY DISEASE","INFLAMMATORY.*DISEASE"
"ALB","A5486","GONOCOCCAL SEPSIS","SEPSIS"
"ALB","A5611","CHLAMYDIAL FEMALE PELVIC INFLAMMATORY DISEASE","INFLAMMATORY.*DISEASE"
"ALB","B377","CANDIDAL SEPSIS","SEPSIS"
"ALB","D472","MONOCLONAL GAMMOPATHY","MONOCLONAL.*GAMMOPATHY"
"ALB","E43","UNSPECIFIED SEVERE PROTEIN-CALORIE MALNUTRITION","SEVERE.*MALNUTRITION; MALNUTRITION"
"ALB","E440","MODERATE PROTEIN-CALORIE MALNUTRITION","MALNUTRITION"
"ALB","E441","MILD PROTEIN-CALORIE MALNUTRITION","MALNUTRITION"
"ALB","E45","RETARDED DEVELOPMENT FOLLOWING PROTEIN-CALORIE MALNUTRITION","MALNUTRITION"
"ALB","E46","UNSPECIFIED PROTEIN-CALORIE MALNUTRITION","MALNUTRITION"
"ALB","E640","SEQUELAE OF PROTEIN-CALORIE MALNUTRITION","MALNUTRITION"
"ALB","E790","HYPERURICEMIA WITHOUT SIGNS OF INFLAMMATORY ARTHRITIS AND TOPHACEOUS DISEASE","INFLAMMATORY.*DISEASE"
"ALB","E860","DEHYDRATION","DEHYDRATION"
"ALB","E861","HYPOVOLEMIA","HYPOVOLEMIA"
"ALB","E869","VOLUME DEPLETION, UNSPECIFIED","VOLUME.*DEPLETION"
"ALB","G09","SEQUELAE OF INFLAMMATORY DISEASES OF CENTRAL NERVOUS SYSTEM","INFLAMMATORY.*DISEASE"
"ALB","I27840","FONTAN-ASSOCIATED LIVER DISEASE [FALD]","LIVER.*DISEASE"
"ALB","K709","ALCOHOLIC LIVER DISEASE, UNSPECIFIED","LIVER.*DISEASE"
"ALB","K710","TOXIC LIVER DISEASE WITH CHOLESTASIS","LIVER.*DISEASE"
"ALB","K7110","TOXIC LIVER DISEASE WITH HEPATIC NECROSIS, WITHOUT COMA","LIVER.*DISEASE"
"ALB","K7111","TOXIC LIVER DISEASE WITH HEPATIC NECROSIS, WITH COMA","LIVER.*DISEASE"
"ALB","K712","TOXIC LIVER DISEASE WITH ACUTE HEPATITIS","LIVER.*DISEASE"
"ALB","K713","TOXIC LIVER DISEASE WITH CHRONIC PERSISTENT HEPATITIS","LIVER.*DISEASE"
"ALB","K714","TOXIC LIVER DISEASE WITH CHRONIC LOBULAR HEPATITIS","LIVER.*DISEASE"
"ALB","K7150","TOXIC LIVER DISEASE WITH CHRONIC ACTIVE HEPATITIS WITHOUT ASCITES","LIVER.*DISEASE"
"ALB","K7151","TOXIC LIVER DISEASE WITH CHRONIC ACTIVE HEPATITIS WITH ASCITES","LIVER.*DISEASE"
"ALB","K716","TOXIC LIVER DISEASE WITH HEPATITIS, NOT ELSEWHERE CLASSIFIED","LIVER.*DISEASE"
"ALB","K717","TOXIC LIVER DISEASE WITH FIBROSIS AND CIRRHOSIS OF LIVER","LIVER.*DISEASE"
"ALB","K718","TOXIC LIVER DISEASE WITH OTHER DISORDERS OF LIVER","LIVER.*DISEASE"
"ALB","K719","TOXIC LIVER DISEASE, UNSPECIFIED","LIVER.*DISEASE"
"ALB","K7589","OTHER SPECIFIED INFLAMMATORY LIVER DISEASES","LIVER.*DISEASE; INFLAMMATORY.*DISEASE"
"ALB","K759","INFLAMMATORY LIVER DISEASE, UNSPECIFIED","LIVER.*DISEASE; INFLAMMATORY.*DISEASE"
"ALB","K769","LIVER DISEASE, UNSPECIFIED","LIVER.*DISEASE"
"ALB","K77","LIVER DISORDERS IN DISEASES CLASSIFIED ELSEWHERE","LIVER.*DISEASE"
"ALB","M0510","RHEUMATOID LUNG DISEASE WITH RHEUMATOID ARTHRITIS OF UNSPECIFIED SITE","RHEUMATOID.*ARTHRITIS"
"ALB","M05111","RHEUMATOID LUNG DISEASE WITH RHEUMATOID ARTHRITIS OF RIGHT SHOULDER","RHEUMATOID.*ARTHRITIS"
"ALB","M05112","RHEUMATOID LUNG DISEASE WITH RHEUMATOID ARTHRITIS OF LEFT SHOULDER","RHEUMATOID.*ARTHRITIS"
"ALB","M05119","RHEUMATOID LUNG DISEASE WITH RHEUMATOID ARTHRITIS OF UNSPECIFIED SHOULDER","RHEUMATOID.*ARTHRITIS"
"ALB","M05121","RHEUMATOID LUNG DISEASE WITH RHEUMATOID ARTHRITIS OF RIGHT ELBOW","RHEUMATOID.*ARTHRITIS"
"ALB","M05122","RHEUMATOID LUNG DISEASE WITH RHEUMATOID ARTHRITIS OF LEFT ELBOW","RHEUMATOID.*ARTHRITIS"
"ALB","M05129","RHEUMATOID LUNG DISEASE WITH RHEUMATOID ARTHRITIS OF UNSPECIFIED ELBOW","RHEUMATOID.*ARTHRITIS"
"ALB","M05131","RHEUMATOID LUNG DISEASE WITH RHEUMATOID ARTHRITIS OF RIGHT WRIST","RHEUMATOID.*ARTHRITIS"
"ALB","M05132","RHEUMATOID LUNG DISEASE WITH RHEUMATOID ARTHRITIS OF LEFT WRIST","RHEUMATOID.*ARTHRITIS"
"ALB","M05139","RHEUMATOID LUNG DISEASE WITH RHEUMATOID ARTHRITIS OF UNSPECIFIED WRIST","RHEUMATOID.*ARTHRITIS"
"ALB","M05141","RHEUMATOID LUNG DISEASE WITH RHEUMATOID ARTHRITIS OF RIGHT HAND","RHEUMATOID.*ARTHRITIS"
"ALB","M05142","RHEUMATOID LUNG DISEASE WITH RHEUMATOID ARTHRITIS OF LEFT HAND","RHEUMATOID.*ARTHRITIS"
"ALB","M05149","RHEUMATOID LUNG DISEASE WITH RHEUMATOID ARTHRITIS OF UNSPECIFIED HAND","RHEUMATOID.*ARTHRITIS"
"ALB","M05151","RHEUMATOID LUNG DISEASE WITH RHEUMATOID ARTHRITIS OF RIGHT HIP","RHEUMATOID.*ARTHRITIS"
"ALB","M05152","RHEUMATOID LUNG DISEASE WITH RHEUMATOID ARTHRITIS OF LEFT HIP","RHEUMATOID.*ARTHRITIS"
"ALB","M05159","RHEUMATOID LUNG DISEASE WITH RHEUMATOID ARTHRITIS OF UNSPECIFIED HIP","RHEUMATOID.*ARTHRITIS"
"ALB","M05161","RHEUMATOID LUNG DISEASE WITH RHEUMATOID ARTHRITIS OF RIGHT KNEE","RHEUMATOID.*ARTHRITIS"
"ALB","M05162","RHEUMATOID LUNG DISEASE WITH RHEUMATOID ARTHRITIS OF LEFT KNEE","RHEUMATOID.*ARTHRITIS"
"ALB","M05169","RHEUMATOID LUNG DISEASE WITH RHEUMATOID ARTHRITIS OF UNSPECIFIED KNEE","RHEUMATOID.*ARTHRITIS"
"ALB","M05171","RHEUMATOID LUNG DISEASE WITH RHEUMATOID ARTHRITIS OF RIGHT ANKLE AND FOOT","RHEUMATOID.*ARTHRITIS"
"ALB","M05172","RHEUMATOID LUNG DISEASE WITH RHEUMATOID ARTHRITIS OF LEFT ANKLE AND FOOT","RHEUMATOID.*ARTHRITIS"
"ALB","M05179","RHEUMATOID LUNG DISEASE WITH RHEUMATOID ARTHRITIS OF UNSPECIFIED ANKLE AND FOOT","RHEUMATOID.*ARTHRITIS"
"ALB","M0519","RHEUMATOID LUNG DISEASE WITH RHEUMATOID ARTHRITIS OF MULTIPLE SITES","RHEUMATOID.*ARTHRITIS"
"ALB","M0520","RHEUMATOID VASCULITIS WITH RHEUMATOID ARTHRITIS OF UNSPECIFIED SITE","RHEUMATOID.*ARTHRITIS"
"ALB","M05211","RHEUMATOID VASCULITIS WITH RHEUMATOID ARTHRITIS OF RIGHT SHOULDER","RHEUMATOID.*ARTHRITIS"
"ALB","M05212","RHEUMATOID VASCULITIS WITH RHEUMATOID ARTHRITIS OF LEFT SHOULDER","RHEUMATOID.*ARTHRITIS"
"ALB","M05219","RHEUMATOID VASCULITIS WITH RHEUMATOID ARTHRITIS OF UNSPECIFIED SHOULDER","RHEUMATOID.*ARTHRITIS"
"ALB","M05221","RHEUMATOID VASCULITIS WITH RHEUMATOID ARTHRITIS OF RIGHT ELBOW","RHEUMATOID.*ARTHRITIS"
"ALB","M05222","RHEUMATOID VASCULITIS WITH RHEUMATOID ARTHRITIS OF LEFT ELBOW","RHEUMATOID.*ARTHRITIS"
"ALB","M05229","RHEUMATOID VASCULITIS WITH RHEUMATOID ARTHRITIS OF UNSPECIFIED ELBOW","RHEUMATOID.*ARTHRITIS"
"ALB","M05231","RHEUMATOID VASCULITIS WITH RHEUMATOID ARTHRITIS OF RIGHT WRIST","RHEUMATOID.*ARTHRITIS"
"ALB","M05232","RHEUMATOID VASCULITIS WITH RHEUMATOID ARTHRITIS OF LEFT WRIST","RHEUMATOID.*ARTHRITIS"
"ALB","M05239","RHEUMATOID VASCULITIS WITH RHEUMATOID ARTHRITIS OF UNSPECIFIED WRIST","RHEUMATOID.*ARTHRITIS"
"ALB","M05241","RHEUMATOID VASCULITIS WITH RHEUMATOID ARTHRITIS OF RIGHT HAND","RHEUMATOID.*ARTHRITIS"
"ALB","M05242","RHEUMATOID VASCULITIS WITH RHEUMATOID ARTHRITIS OF LEFT HAND","RHEUMATOID.*ARTHRITIS"
"ALB","M05249","RHEUMATOID VASCULITIS WITH RHEUMATOID ARTHRITIS OF UNSPECIFIED HAND","RHEUMATOID.*ARTHRITIS"
"ALB","M05251","RHEUMATOID VASCULITIS WITH RHEUMATOID ARTHRITIS OF RIGHT HIP","RHEUMATOID.*ARTHRITIS"
"ALB","M05252","RHEUMATOID VASCULITIS WITH RHEUMATOID ARTHRITIS OF LEFT HIP","RHEUMATOID.*ARTHRITIS"
"ALB","M05259","RHEUMATOID VASCULITIS WITH RHEUMATOID ARTHRITIS OF UNSPECIFIED HIP","RHEUMATOID.*ARTHRITIS"
"ALB","M05261","RHEUMATOID VASCULITIS WITH RHEUMATOID ARTHRITIS OF RIGHT KNEE","RHEUMATOID.*ARTHRITIS"
"ALB","M05262","RHEUMATOID VASCULITIS WITH RHEUMATOID ARTHRITIS OF LEFT KNEE","RHEUMATOID.*ARTHRITIS"
"ALB","M05269","RHEUMATOID VASCULITIS WITH RHEUMATOID ARTHRITIS OF UNSPECIFIED KNEE","RHEUMATOID.*ARTHRITIS"
"ALB","M05271","RHEUMATOID VASCULITIS WITH RHEUMATOID ARTHRITIS OF RIGHT ANKLE AND FOOT","RHEUMATOID.*ARTHRITIS"
"ALB","M05272","RHEUMATOID VASCULITIS WITH RHEUMATOID ARTHRITIS OF LEFT ANKLE AND FOOT","RHEUMATOID.*ARTHRITIS"
"ALB","M05279","RHEUMATOID VASCULITIS WITH RHEUMATOID ARTHRITIS OF UNSPECIFIED ANKLE AND FOOT","RHEUMATOID.*ARTHRITIS"
"ALB","M0529","RHEUMATOID VASCULITIS WITH RHEUMATOID ARTHRITIS OF MULTIPLE SITES","RHEUMATOID.*ARTHRITIS"
"ALB","M0530","RHEUMATOID HEART DISEASE WITH RHEUMATOID ARTHRITIS OF UNSPECIFIED SITE","RHEUMATOID.*ARTHRITIS"
"ALB","M05311","RHEUMATOID HEART DISEASE WITH RHEUMATOID ARTHRITIS OF RIGHT SHOULDER","RHEUMATOID.*ARTHRITIS"
"ALB","M05312","RHEUMATOID HEART DISEASE WITH RHEUMATOID ARTHRITIS OF LEFT SHOULDER","RHEUMATOID.*ARTHRITIS"
"ALB","M05319","RHEUMATOID HEART DISEASE WITH RHEUMATOID ARTHRITIS OF UNSPECIFIED SHOULDER","RHEUMATOID.*ARTHRITIS"
"ALB","M05321","RHEUMATOID HEART DISEASE WITH RHEUMATOID ARTHRITIS OF RIGHT ELBOW","RHEUMATOID.*ARTHRITIS"
"ALB","M05322","RHEUMATOID HEART DISEASE WITH RHEUMATOID ARTHRITIS OF LEFT ELBOW","RHEUMATOID.*ARTHRITIS"
"ALB","M05329","RHEUMATOID HEART DISEASE WITH RHEUMATOID ARTHRITIS OF UNSPECIFIED ELBOW","RHEUMATOID.*ARTHRITIS"
"ALB","M05331","RHEUMATOID HEART DISEASE WITH RHEUMATOID ARTHRITIS OF RIGHT WRIST","RHEUMATOID.*ARTHRITIS"
"ALB","M05332","RHEUMATOID HEART DISEASE WITH RHEUMATOID ARTHRITIS OF LEFT WRIST","RHEUMATOID.*ARTHRITIS"
"ALB","M05339","RHEUMATOID HEART DISEASE WITH RHEUMATOID ARTHRITIS OF UNSPECIFIED WRIST","RHEUMATOID.*ARTHRITIS"
"ALB","M05341","RHEUMATOID HEART DISEASE WITH RHEUMATOID ARTHRITIS OF RIGHT HAND","RHEUMATOID.*ARTHRITIS"
"ALB","M05342","RHEUMATOID HEART DISEASE WITH RHEUMATOID ARTHRITIS OF LEFT HAND","RHEUMATOID.*ARTHRITIS"
"ALB","M05349","RHEUMATOID HEART DISEASE WITH RHEUMATOID ARTHRITIS OF UNSPECIFIED HAND","RHEUMATOID.*ARTHRITIS"
"ALB","M05351","RHEUMATOID HEART DISEASE WITH RHEUMATOID ARTHRITIS OF RIGHT HIP","RHEUMATOID.*ARTHRITIS"
"ALB","M05352","RHEUMATOID HEART DISEASE WITH RHEUMATOID ARTHRITIS OF LEFT HIP","RHEUMATOID.*ARTHRITIS"
"ALB","M05359","RHEUMATOID HEART DISEASE WITH RHEUMATOID ARTHRITIS OF UNSPECIFIED HIP","RHEUMATOID.*ARTHRITIS"
"ALB","M05361","RHEUMATOID HEART DISEASE WITH RHEUMATOID ARTHRITIS OF RIGHT KNEE","RHEUMATOID.*ARTHRITIS"
"ALB","M05362","RHEUMATOID HEART DISEASE WITH RHEUMATOID ARTHRITIS OF LEFT KNEE","RHEUMATOID.*ARTHRITIS"
"ALB","M05369","RHEUMATOID HEART DISEASE WITH RHEUMATOID ARTHRITIS OF UNSPECIFIED KNEE","RHEUMATOID.*ARTHRITIS"
"ALB","M05371","RHEUMATOID HEART DISEASE WITH RHEUMATOID ARTHRITIS OF RIGHT ANKLE AND FOOT","RHEUMATOID.*ARTHRITIS"
"ALB","M05372","RHEUMATOID HEART DISEASE WITH RHEUMATOID ARTHRITIS OF LEFT ANKLE AND FOOT","RHEUMATOID.*ARTHRITIS"
"ALB","M05379","RHEUMATOID HEART DISEASE WITH RHEUMATOID ARTHRITIS OF UNSPECIFIED ANKLE AND FOOT","RHEUMATOID.*ARTHRITIS"
"ALB","M0539","RHEUMATOID HEART DISEASE WITH RHEUMATOID ARTHRITIS OF MULTIPLE SITES","RHEUMATOID.*ARTHRITIS"
"ALB","M0540","RHEUMATOID MYOPATHY WITH RHEUMATOID ARTHRITIS OF UNSPECIFIED SITE","RHEUMATOID.*ARTHRITIS"
"ALB","M05411","RHEUMATOID MYOPATHY WITH RHEUMATOID ARTHRITIS OF RIGHT SHOULDER","RHEUMATOID.*ARTHRITIS"
"ALB","M05412","RHEUMATOID MYOPATHY WITH RHEUMATOID ARTHRITIS OF LEFT SHOULDER","RHEUMATOID.*ARTHRITIS"
"ALB","M05419","RHEUMATOID MYOPATHY WITH RHEUMATOID ARTHRITIS OF UNSPECIFIED SHOULDER","RHEUMATOID.*ARTHRITIS"
"ALB","M05421","RHEUMATOID MYOPATHY WITH RHEUMATOID ARTHRITIS OF RIGHT ELBOW","RHEUMATOID.*ARTHRITIS"
"ALB","M05422","RHEUMATOID MYOPATHY WITH RHEUMATOID ARTHRITIS OF LEFT ELBOW","RHEUMATOID.*ARTHRITIS"
"ALB","M05429","RHEUMATOID MYOPATHY WITH RHEUMATOID ARTHRITIS OF UNSPECIFIED ELBOW","RHEUMATOID.*ARTHRITIS"
"ALB","M05431","RHEUMATOID MYOPATHY WITH RHEUMATOID ARTHRITIS OF RIGHT WRIST","RHEUMATOID.*ARTHRITIS"
"ALB","M05432","RHEUMATOID MYOPATHY WITH RHEUMATOID ARTHRITIS OF LEFT WRIST","RHEUMATOID.*ARTHRITIS"
"ALB","M05439","RHEUMATOID MYOPATHY WITH RHEUMATOID ARTHRITIS OF UNSPECIFIED WRIST","RHEUMATOID.*ARTHRITIS"
"ALB","M05441","RHEUMATOID MYOPATHY WITH RHEUMATOID ARTHRITIS OF RIGHT HAND","RHEUMATOID.*ARTHRITIS"
"ALB","M05442","RHEUMATOID MYOPATHY WITH RHEUMATOID ARTHRITIS OF LEFT HAND","RHEUMATOID.*ARTHRITIS"
"ALB","M05449","RHEUMATOID MYOPATHY WITH RHEUMATOID ARTHRITIS OF UNSPECIFIED HAND","RHEUMATOID.*ARTHRITIS"
"ALB","M05451","RHEUMATOID MYOPATHY WITH RHEUMATOID ARTHRITIS OF RIGHT HIP","RHEUMATOID.*ARTHRITIS"
"ALB","M05452","RHEUMATOID MYOPATHY WITH RHEUMATOID ARTHRITIS OF LEFT HIP","RHEUMATOID.*ARTHRITIS"
"ALB","M05459","RHEUMATOID MYOPATHY WITH RHEUMATOID ARTHRITIS OF UNSPECIFIED HIP","RHEUMATOID.*ARTHRITIS"
"ALB","M05461","RHEUMATOID MYOPATHY WITH RHEUMATOID ARTHRITIS OF RIGHT KNEE","RHEUMATOID.*ARTHRITIS"
"ALB","M05462","RHEUMATOID MYOPATHY WITH RHEUMATOID ARTHRITIS OF LEFT KNEE","RHEUMATOID.*ARTHRITIS"
"ALB","M05469","RHEUMATOID MYOPATHY WITH RHEUMATOID ARTHRITIS OF UNSPECIFIED KNEE","RHEUMATOID.*ARTHRITIS"
"ALB","M05471","RHEUMATOID MYOPATHY WITH RHEUMATOID ARTHRITIS OF RIGHT ANKLE AND FOOT","RHEUMATOID.*ARTHRITIS"
"ALB","M05472","RHEUMATOID MYOPATHY WITH RHEUMATOID ARTHRITIS OF LEFT ANKLE AND FOOT","RHEUMATOID.*ARTHRITIS"
"ALB","M05479","RHEUMATOID MYOPATHY WITH RHEUMATOID ARTHRITIS OF UNSPECIFIED ANKLE AND FOOT","RHEUMATOID.*ARTHRITIS"
"ALB","M0549","RHEUMATOID MYOPATHY WITH RHEUMATOID ARTHRITIS OF MULTIPLE SITES","RHEUMATOID.*ARTHRITIS"
"ALB","M0550","RHEUMATOID POLYNEUROPATHY WITH RHEUMATOID ARTHRITIS OF UNSPECIFIED SITE","RHEUMATOID.*ARTHRITIS"
"ALB","M05511","RHEUMATOID POLYNEUROPATHY WITH RHEUMATOID ARTHRITIS OF RIGHT SHOULDER","RHEUMATOID.*ARTHRITIS"
"ALB","M05512","RHEUMATOID POLYNEUROPATHY WITH RHEUMATOID ARTHRITIS OF LEFT SHOULDER","RHEUMATOID.*ARTHRITIS"
"ALB","M05519","RHEUMATOID POLYNEUROPATHY WITH RHEUMATOID ARTHRITIS OF UNSPECIFIED SHOULDER","RHEUMATOID.*ARTHRITIS"
"ALB","M05521","RHEUMATOID POLYNEUROPATHY WITH RHEUMATOID ARTHRITIS OF RIGHT ELBOW","RHEUMATOID.*ARTHRITIS"
"ALB","M05522","RHEUMATOID POLYNEUROPATHY WITH RHEUMATOID ARTHRITIS OF LEFT ELBOW","RHEUMATOID.*ARTHRITIS"
"ALB","M05529","RHEUMATOID POLYNEUROPATHY WITH RHEUMATOID ARTHRITIS OF UNSPECIFIED ELBOW","RHEUMATOID.*ARTHRITIS"
"ALB","M05531","RHEUMATOID POLYNEUROPATHY WITH RHEUMATOID ARTHRITIS OF RIGHT WRIST","RHEUMATOID.*ARTHRITIS"
"ALB","M05532","RHEUMATOID POLYNEUROPATHY WITH RHEUMATOID ARTHRITIS OF LEFT WRIST","RHEUMATOID.*ARTHRITIS"
"ALB","M05539","RHEUMATOID POLYNEUROPATHY WITH RHEUMATOID ARTHRITIS OF UNSPECIFIED WRIST","RHEUMATOID.*ARTHRITIS"
"ALB","M05541","RHEUMATOID POLYNEUROPATHY WITH RHEUMATOID ARTHRITIS OF RIGHT HAND","RHEUMATOID.*ARTHRITIS"
"ALB","M05542","RHEUMATOID POLYNEUROPATHY WITH RHEUMATOID ARTHRITIS OF LEFT HAND","RHEUMATOID.*ARTHRITIS"
"ALB","M05549","RHEUMATOID POLYNEUROPATHY WITH RHEUMATOID ARTHRITIS OF UNSPECIFIED HAND","RHEUMATOID.*ARTHRITIS"
"ALB","M05551","RHEUMATOID POLYNEUROPATHY WITH RHEUMATOID ARTHRITIS OF RIGHT HIP","RHEUMATOID.*ARTHRITIS"
"ALB","M05552","RHEUMATOID POLYNEUROPATHY WITH RHEUMATOID ARTHRITIS OF LEFT HIP","RHEUMATOID.*ARTHRITIS"
"ALB","M05559","RHEUMATOID POLYNEUROPATHY WITH RHEUMATOID ARTHRITIS OF UNSPECIFIED HIP","RHEUMATOID.*ARTHRITIS"
"ALB","M05561","RHEUMATOID POLYNEUROPATHY WITH RHEUMATOID ARTHRITIS OF RIGHT KNEE","RHEUMATOID.*ARTHRITIS"
"ALB","M05562","RHEUMATOID POLYNEUROPATHY WITH RHEUMATOID ARTHRITIS OF LEFT KNEE","RHEUMATOID.*ARTHRITIS"
"ALB","M05569","RHEUMATOID POLYNEUROPATHY WITH RHEUMATOID ARTHRITIS OF UNSPECIFIED KNEE","RHEUMATOID.*ARTHRITIS"
"ALB","M05571","RHEUMATOID POLYNEUROPATHY WITH RHEUMATOID ARTHRITIS OF RIGHT ANKLE AND FOOT","RHEUMATOID.*ARTHRITIS"
"ALB","M05572","RHEUMATOID POLYNEUROPATHY WITH RHEUMATOID ARTHRITIS OF LEFT ANKLE AND FOOT","RHEUMATOID.*ARTHRITIS"
"ALB","M05579","RHEUMATOID POLYNEUROPATHY WITH RHEUMATOID ARTHRITIS OF UNSPECIFIED ANKLE AND FOOT","RHEUMATOID.*ARTHRITIS"
"ALB","M0559","RHEUMATOID POLYNEUROPATHY WITH RHEUMATOID ARTHRITIS OF MULTIPLE SITES","RHEUMATOID.*ARTHRITIS"
"ALB","M0560","RHEUMATOID ARTHRITIS OF UNSPECIFIED SITE WITH INVOLVEMENT OF OTHER ORGANS AND SYSTEMS","RHEUMATOID.*ARTHRITIS"
"ALB","M05611","RHEUMATOID ARTHRITIS OF RIGHT SHOULDER WITH INVOLVEMENT OF OTHER ORGANS AND SYSTEMS","RHEUMATOID.*ARTHRITIS"
"ALB","M05612","RHEUMATOID ARTHRITIS OF LEFT SHOULDER WITH INVOLVEMENT OF OTHER ORGANS AND SYSTEMS","RHEUMATOID.*ARTHRITIS"
"ALB","M05619","RHEUMATOID ARTHRITIS OF UNSPECIFIED SHOULDER WITH INVOLVEMENT OF OTHER ORGANS AND SYSTEMS","RHEUMATOID.*ARTHRITIS"
"ALB","M05621","RHEUMATOID ARTHRITIS OF RIGHT ELBOW WITH INVOLVEMENT OF OTHER ORGANS AND SYSTEMS","RHEUMATOID.*ARTHRITIS"
"ALB","M05622","RHEUMATOID ARTHRITIS OF LEFT ELBOW WITH INVOLVEMENT OF OTHER ORGANS AND SYSTEMS","RHEUMATOID.*ARTHRITIS"
"ALB","M05629","RHEUMATOID ARTHRITIS OF UNSPECIFIED ELBOW WITH INVOLVEMENT OF OTHER ORGANS AND SYSTEMS","RHEUMATOID.*ARTHRITIS"
"ALB","M05631","RHEUMATOID ARTHRITIS OF RIGHT WRIST WITH INVOLVEMENT OF OTHER ORGANS AND SYSTEMS","RHEUMATOID.*ARTHRITIS"
"ALB","M05632","RHEUMATOID ARTHRITIS OF LEFT WRIST WITH INVOLVEMENT OF OTHER ORGANS AND SYSTEMS","RHEUMATOID.*ARTHRITIS"
"ALB","M05639","RHEUMATOID ARTHRITIS OF UNSPECIFIED WRIST WITH INVOLVEMENT OF OTHER ORGANS AND SYSTEMS","RHEUMATOID.*ARTHRITIS"
"ALB","M05641","RHEUMATOID ARTHRITIS OF RIGHT HAND WITH INVOLVEMENT OF OTHER ORGANS AND SYSTEMS","RHEUMATOID.*ARTHRITIS"
"ALB","M05642","RHEUMATOID ARTHRITIS OF LEFT HAND WITH INVOLVEMENT OF OTHER ORGANS AND SYSTEMS","RHEUMATOID.*ARTHRITIS"
"ALB","M05649","RHEUMATOID ARTHRITIS OF UNSPECIFIED HAND WITH INVOLVEMENT OF OTHER ORGANS AND SYSTEMS","RHEUMATOID.*ARTHRITIS"
"ALB","M05651","RHEUMATOID ARTHRITIS OF RIGHT HIP WITH INVOLVEMENT OF OTHER ORGANS AND SYSTEMS","RHEUMATOID.*ARTHRITIS"
"ALB","M05652","RHEUMATOID ARTHRITIS OF LEFT HIP WITH INVOLVEMENT OF OTHER ORGANS AND SYSTEMS","RHEUMATOID.*ARTHRITIS"
"ALB","M05659","RHEUMATOID ARTHRITIS OF UNSPECIFIED HIP WITH INVOLVEMENT OF OTHER ORGANS AND SYSTEMS","RHEUMATOID.*ARTHRITIS"
"ALB","M05661","RHEUMATOID ARTHRITIS OF RIGHT KNEE WITH INVOLVEMENT OF OTHER ORGANS AND SYSTEMS","RHEUMATOID.*ARTHRITIS"
"ALB","M05662","RHEUMATOID ARTHRITIS OF LEFT KNEE WITH INVOLVEMENT OF OTHER ORGANS AND SYSTEMS","RHEUMATOID.*ARTHRITIS"
"ALB","M05669","RHEUMATOID ARTHRITIS OF UNSPECIFIED KNEE WITH INVOLVEMENT OF OTHER ORGANS AND SYSTEMS","RHEUMATOID.*ARTHRITIS"
"ALB","M05671","RHEUMATOID ARTHRITIS OF RIGHT ANKLE AND FOOT WITH INVOLVEMENT OF OTHER ORGANS AND SYSTEMS","RHEUMATOID.*ARTHRITIS"
"ALB","M05672","RHEUMATOID ARTHRITIS OF LEFT ANKLE AND FOOT WITH INVOLVEMENT OF OTHER ORGANS AND SYSTEMS","RHEUMATOID.*ARTHRITIS"
"ALB","M05679","RHEUMATOID ARTHRITIS OF UNSPECIFIED ANKLE AND FOOT WITH INVOLVEMENT OF OTHER ORGANS AND SYSTEMS","RHEUMATOID.*ARTHRITIS"
"ALB","M0569","RHEUMATOID ARTHRITIS OF MULTIPLE SITES WITH INVOLVEMENT OF OTHER ORGANS AND SYSTEMS","RHEUMATOID.*ARTHRITIS"
"ALB","M0570","RHEUMATOID ARTHRITIS WITH RHEUMATOID FACTOR OF UNSPECIFIED SITE WITHOUT ORGAN OR SYSTEMS INVOLVEMENT","RHEUMATOID.*ARTHRITIS"
"ALB","M05711","RHEUMATOID ARTHRITIS WITH RHEUMATOID FACTOR OF RIGHT SHOULDER WITHOUT ORGAN OR SYSTEMS INVOLVEMENT","RHEUMATOID.*ARTHRITIS"
"ALB","M05712","RHEUMATOID ARTHRITIS WITH RHEUMATOID FACTOR OF LEFT SHOULDER WITHOUT ORGAN OR SYSTEMS INVOLVEMENT","RHEUMATOID.*ARTHRITIS"
"ALB","M05719","RHEUMATOID ARTHRITIS WITH RHEUMATOID FACTOR OF UNSPECIFIED SHOULDER WITHOUT ORGAN OR SYSTEMS INVOLVEMENT","RHEUMATOID.*ARTHRITIS"
"ALB","M05721","RHEUMATOID ARTHRITIS WITH RHEUMATOID FACTOR OF RIGHT ELBOW WITHOUT ORGAN OR SYSTEMS INVOLVEMENT","RHEUMATOID.*ARTHRITIS"
"ALB","M05722","RHEUMATOID ARTHRITIS WITH RHEUMATOID FACTOR OF LEFT ELBOW WITHOUT ORGAN OR SYSTEMS INVOLVEMENT","RHEUMATOID.*ARTHRITIS"
"ALB","M05729","RHEUMATOID ARTHRITIS WITH RHEUMATOID FACTOR OF UNSPECIFIED ELBOW WITHOUT ORGAN OR SYSTEMS INVOLVEMENT","RHEUMATOID.*ARTHRITIS"
"ALB","M05731","RHEUMATOID ARTHRITIS WITH RHEUMATOID FACTOR OF RIGHT WRIST WITHOUT ORGAN OR SYSTEMS INVOLVEMENT","RHEUMATOID.*ARTHRITIS"
"ALB","M05732","RHEUMATOID ARTHRITIS WITH RHEUMATOID FACTOR OF LEFT WRIST WITHOUT ORGAN OR SYSTEMS INVOLVEMENT","RHEUMATOID.*ARTHRITIS"
"ALB","M05739","RHEUMATOID ARTHRITIS WITH RHEUMATOID FACTOR OF UNSPECIFIED WRIST WITHOUT ORGAN OR SYSTEMS INVOLVEMENT","RHEUMATOID.*ARTHRITIS"
"ALB","M05741","RHEUMATOID ARTHRITIS WITH RHEUMATOID FACTOR OF RIGHT HAND WITHOUT ORGAN OR SYSTEMS INVOLVEMENT","RHEUMATOID.*ARTHRITIS"
"ALB","M05742","RHEUMATOID ARTHRITIS WITH RHEUMATOID FACTOR OF LEFT HAND WITHOUT ORGAN OR SYSTEMS INVOLVEMENT","RHEUMATOID.*ARTHRITIS"
"ALB","M05749","RHEUMATOID ARTHRITIS WITH RHEUMATOID FACTOR OF UNSPECIFIED HAND WITHOUT ORGAN OR SYSTEMS INVOLVEMENT","RHEUMATOID.*ARTHRITIS"
"ALB","M05751","RHEUMATOID ARTHRITIS WITH RHEUMATOID FACTOR OF RIGHT HIP WITHOUT ORGAN OR SYSTEMS INVOLVEMENT","RHEUMATOID.*ARTHRITIS"
"ALB","M05752","RHEUMATOID ARTHRITIS WITH RHEUMATOID FACTOR OF LEFT HIP WITHOUT ORGAN OR SYSTEMS INVOLVEMENT","RHEUMATOID.*ARTHRITIS"
"ALB","M05759","RHEUMATOID ARTHRITIS WITH RHEUMATOID FACTOR OF UNSPECIFIED HIP WITHOUT ORGAN OR SYSTEMS INVOLVEMENT","RHEUMATOID.*ARTHRITIS"
"ALB","M05761","RHEUMATOID ARTHRITIS WITH RHEUMATOID FACTOR OF RIGHT KNEE WITHOUT ORGAN OR SYSTEMS INVOLVEMENT","RHEUMATOID.*ARTHRITIS"
"ALB","M05762","RHEUMATOID ARTHRITIS WITH RHEUMATOID FACTOR OF LEFT KNEE WITHOUT ORGAN OR SYSTEMS INVOLVEMENT","RHEUMATOID.*ARTHRITIS"
"ALB","M05769","RHEUMATOID ARTHRITIS WITH RHEUMATOID FACTOR OF UNSPECIFIED KNEE WITHOUT ORGAN OR SYSTEMS INVOLVEMENT","RHEUMATOID.*ARTHRITIS"
"ALB","M05771","RHEUMATOID ARTHRITIS WITH RHEUMATOID FACTOR OF RIGHT ANKLE AND FOOT WITHOUT ORGAN OR SYSTEMS INVOLVEMENT","RHEUMATOID.*ARTHRITIS"
"ALB","M05772","RHEUMATOID ARTHRITIS WITH RHEUMATOID FACTOR OF LEFT ANKLE AND FOOT WITHOUT ORGAN OR SYSTEMS INVOLVEMENT","RHEUMATOID.*ARTHRITIS"
"ALB","M05779","RHEUMATOID ARTHRITIS WITH RHEUMATOID FACTOR OF UNSPECIFIED ANKLE AND FOOT WITHOUT ORGAN OR SYSTEMS INVOLVEMENT","RHEUMATOID.*ARTHRITIS"
"ALB","M0579","RHEUMATOID ARTHRITIS WITH RHEUMATOID FACTOR OF MULTIPLE SITES WITHOUT ORGAN OR SYSTEMS INVOLVEMENT","RHEUMATOID.*ARTHRITIS"
"ALB","M057A","RHEUMATOID ARTHRITIS WITH RHEUMATOID FACTOR OF OTHER SPECIFIED SITE WITHOUT ORGAN OR SYSTEMS INVOLVEMENT","RHEUMATOID.*ARTHRITIS"
"ALB","M0580","OTHER RHEUMATOID ARTHRITIS WITH RHEUMATOID FACTOR OF UNSPECIFIED SITE","RHEUMATOID.*ARTHRITIS"
"ALB","M05811","OTHER RHEUMATOID ARTHRITIS WITH RHEUMATOID FACTOR OF RIGHT SHOULDER","RHEUMATOID.*ARTHRITIS"
"ALB","M05812","OTHER RHEUMATOID ARTHRITIS WITH RHEUMATOID FACTOR OF LEFT SHOULDER","RHEUMATOID.*ARTHRITIS"
"ALB","M05819","OTHER RHEUMATOID ARTHRITIS WITH RHEUMATOID FACTOR OF UNSPECIFIED SHOULDER","RHEUMATOID.*ARTHRITIS"
"ALB","M05821","OTHER RHEUMATOID ARTHRITIS WITH RHEUMATOID FACTOR OF RIGHT ELBOW","RHEUMATOID.*ARTHRITIS"
"ALB","M05822","OTHER RHEUMATOID ARTHRITIS WITH RHEUMATOID FACTOR OF LEFT ELBOW","RHEUMATOID.*ARTHRITIS"
"ALB","M05829","OTHER RHEUMATOID ARTHRITIS WITH RHEUMATOID FACTOR OF UNSPECIFIED ELBOW","RHEUMATOID.*ARTHRITIS"
"ALB","M05831","OTHER RHEUMATOID ARTHRITIS WITH RHEUMATOID FACTOR OF RIGHT WRIST","RHEUMATOID.*ARTHRITIS"
"ALB","M05832","OTHER RHEUMATOID ARTHRITIS WITH RHEUMATOID FACTOR OF LEFT WRIST","RHEUMATOID.*ARTHRITIS"
"ALB","M05839","OTHER RHEUMATOID ARTHRITIS WITH RHEUMATOID FACTOR OF UNSPECIFIED WRIST","RHEUMATOID.*ARTHRITIS"
"ALB","M05841","OTHER RHEUMATOID ARTHRITIS WITH RHEUMATOID FACTOR OF RIGHT HAND","RHEUMATOID.*ARTHRITIS"
"ALB","M05842","OTHER RHEUMATOID ARTHRITIS WITH RHEUMATOID FACTOR OF LEFT HAND","RHEUMATOID.*ARTHRITIS"
"ALB","M05849","OTHER RHEUMATOID ARTHRITIS WITH RHEUMATOID FACTOR OF UNSPECIFIED HAND","RHEUMATOID.*ARTHRITIS"
"ALB","M05851","OTHER RHEUMATOID ARTHRITIS WITH RHEUMATOID FACTOR OF RIGHT HIP","RHEUMATOID.*ARTHRITIS"
"ALB","M05852","OTHER RHEUMATOID ARTHRITIS WITH RHEUMATOID FACTOR OF LEFT HIP","RHEUMATOID.*ARTHRITIS"
"ALB","M05859","OTHER RHEUMATOID ARTHRITIS WITH RHEUMATOID FACTOR OF UNSPECIFIED HIP","RHEUMATOID.*ARTHRITIS"
"ALB","M05861","OTHER RHEUMATOID ARTHRITIS WITH RHEUMATOID FACTOR OF RIGHT KNEE","RHEUMATOID.*ARTHRITIS"
"ALB","M05862","OTHER RHEUMATOID ARTHRITIS WITH RHEUMATOID FACTOR OF LEFT KNEE","RHEUMATOID.*ARTHRITIS"
"ALB","M05869","OTHER RHEUMATOID ARTHRITIS WITH RHEUMATOID FACTOR OF UNSPECIFIED KNEE","RHEUMATOID.*ARTHRITIS"
"ALB","M05871","OTHER RHEUMATOID ARTHRITIS WITH RHEUMATOID FACTOR OF RIGHT ANKLE AND FOOT","RHEUMATOID.*ARTHRITIS"
"ALB","M05872","OTHER RHEUMATOID ARTHRITIS WITH RHEUMATOID FACTOR OF LEFT ANKLE AND FOOT","RHEUMATOID.*ARTHRITIS"
"ALB","M05879","OTHER RHEUMATOID ARTHRITIS WITH RHEUMATOID FACTOR OF UNSPECIFIED ANKLE AND FOOT","RHEUMATOID.*ARTHRITIS"
"ALB","M0589","OTHER RHEUMATOID ARTHRITIS WITH RHEUMATOID FACTOR OF MULTIPLE SITES","RHEUMATOID.*ARTHRITIS"
"ALB","M058A","OTHER RHEUMATOID ARTHRITIS WITH RHEUMATOID FACTOR OF OTHER SPECIFIED SITE","RHEUMATOID.*ARTHRITIS"
"ALB","M059","RHEUMATOID ARTHRITIS WITH RHEUMATOID FACTOR, UNSPECIFIED","RHEUMATOID.*ARTHRITIS"
"ALB","M05A","ABNORMAL RHEUMATOID FACTOR AND ANTI-CITRULLINATED PROTEIN ANTIBODY WITH RHEUMATOID ARTHRITIS","RHEUMATOID.*ARTHRITIS"
"ALB","M0600","RHEUMATOID ARTHRITIS WITHOUT RHEUMATOID FACTOR, UNSPECIFIED SITE","RHEUMATOID.*ARTHRITIS"
"ALB","M06011","RHEUMATOID ARTHRITIS WITHOUT RHEUMATOID FACTOR, RIGHT SHOULDER","RHEUMATOID.*ARTHRITIS"
"ALB","M06012","RHEUMATOID ARTHRITIS WITHOUT RHEUMATOID FACTOR, LEFT SHOULDER","RHEUMATOID.*ARTHRITIS"
"ALB","M06019","RHEUMATOID ARTHRITIS WITHOUT RHEUMATOID FACTOR, UNSPECIFIED SHOULDER","RHEUMATOID.*ARTHRITIS"
"ALB","M06021","RHEUMATOID ARTHRITIS WITHOUT RHEUMATOID FACTOR, RIGHT ELBOW","RHEUMATOID.*ARTHRITIS"
"ALB","M06022","RHEUMATOID ARTHRITIS WITHOUT RHEUMATOID FACTOR, LEFT ELBOW","RHEUMATOID.*ARTHRITIS"
"ALB","M06029","RHEUMATOID ARTHRITIS WITHOUT RHEUMATOID FACTOR, UNSPECIFIED ELBOW","RHEUMATOID.*ARTHRITIS"
"ALB","M06031","RHEUMATOID ARTHRITIS WITHOUT RHEUMATOID FACTOR, RIGHT WRIST","RHEUMATOID.*ARTHRITIS"
"ALB","M06032","RHEUMATOID ARTHRITIS WITHOUT RHEUMATOID FACTOR, LEFT WRIST","RHEUMATOID.*ARTHRITIS"
"ALB","M06039","RHEUMATOID ARTHRITIS WITHOUT RHEUMATOID FACTOR, UNSPECIFIED WRIST","RHEUMATOID.*ARTHRITIS"
"ALB","M06041","RHEUMATOID ARTHRITIS WITHOUT RHEUMATOID FACTOR, RIGHT HAND","RHEUMATOID.*ARTHRITIS"
"ALB","M06042","RHEUMATOID ARTHRITIS WITHOUT RHEUMATOID FACTOR, LEFT HAND","RHEUMATOID.*ARTHRITIS"
"ALB","M06049","RHEUMATOID ARTHRITIS WITHOUT RHEUMATOID FACTOR, UNSPECIFIED HAND","RHEUMATOID.*ARTHRITIS"
"ALB","M06051","RHEUMATOID ARTHRITIS WITHOUT RHEUMATOID FACTOR, RIGHT HIP","RHEUMATOID.*ARTHRITIS"
"ALB","M06052","RHEUMATOID ARTHRITIS WITHOUT RHEUMATOID FACTOR, LEFT HIP","RHEUMATOID.*ARTHRITIS"
"ALB","M06059","RHEUMATOID ARTHRITIS WITHOUT RHEUMATOID FACTOR, UNSPECIFIED HIP","RHEUMATOID.*ARTHRITIS"
"ALB","M06061","RHEUMATOID ARTHRITIS WITHOUT RHEUMATOID FACTOR, RIGHT KNEE","RHEUMATOID.*ARTHRITIS"
"ALB","M06062","RHEUMATOID ARTHRITIS WITHOUT RHEUMATOID FACTOR, LEFT KNEE","RHEUMATOID.*ARTHRITIS"
"ALB","M06069","RHEUMATOID ARTHRITIS WITHOUT RHEUMATOID FACTOR, UNSPECIFIED KNEE","RHEUMATOID.*ARTHRITIS"
"ALB","M06071","RHEUMATOID ARTHRITIS WITHOUT RHEUMATOID FACTOR, RIGHT ANKLE AND FOOT","RHEUMATOID.*ARTHRITIS"
"ALB","M06072","RHEUMATOID ARTHRITIS WITHOUT RHEUMATOID FACTOR, LEFT ANKLE AND FOOT","RHEUMATOID.*ARTHRITIS"
"ALB","M06079","RHEUMATOID ARTHRITIS WITHOUT RHEUMATOID FACTOR, UNSPECIFIED ANKLE AND FOOT","RHEUMATOID.*ARTHRITIS"
"ALB","M0608","RHEUMATOID ARTHRITIS WITHOUT RHEUMATOID FACTOR, VERTEBRAE","RHEUMATOID.*ARTHRITIS"
"ALB","M0609","RHEUMATOID ARTHRITIS WITHOUT RHEUMATOID FACTOR, MULTIPLE SITES","RHEUMATOID.*ARTHRITIS"
"ALB","M060A","RHEUMATOID ARTHRITIS WITHOUT RHEUMATOID FACTOR, OTHER SPECIFIED SITE","RHEUMATOID.*ARTHRITIS"
"ALB","M0680","OTHER SPECIFIED RHEUMATOID ARTHRITIS, UNSPECIFIED SITE","RHEUMATOID.*ARTHRITIS"
"ALB","M06811","OTHER SPECIFIED RHEUMATOID ARTHRITIS, RIGHT SHOULDER","RHEUMATOID.*ARTHRITIS"
"ALB","M06812","OTHER SPECIFIED RHEUMATOID ARTHRITIS, LEFT SHOULDER","RHEUMATOID.*ARTHRITIS"
"ALB","M06819","OTHER SPECIFIED RHEUMATOID ARTHRITIS, UNSPECIFIED SHOULDER","RHEUMATOID.*ARTHRITIS"
"ALB","M06821","OTHER SPECIFIED RHEUMATOID ARTHRITIS, RIGHT ELBOW","RHEUMATOID.*ARTHRITIS"
"ALB","M06822","OTHER SPECIFIED RHEUMATOID ARTHRITIS, LEFT ELBOW","RHEUMATOID.*ARTHRITIS"
"ALB","M06829","OTHER SPECIFIED RHEUMATOID ARTHRITIS, UNSPECIFIED ELBOW","RHEUMATOID.*ARTHRITIS"
"ALB","M06831","OTHER SPECIFIED RHEUMATOID ARTHRITIS, RIGHT WRIST","RHEUMATOID.*ARTHRITIS"
"ALB","M06832","OTHER SPECIFIED RHEUMATOID ARTHRITIS, LEFT WRIST","RHEUMATOID.*ARTHRITIS"
"ALB","M06839","OTHER SPECIFIED RHEUMATOID ARTHRITIS, UNSPECIFIED WRIST","RHEUMATOID.*ARTHRITIS"
"ALB","M06841","OTHER SPECIFIED RHEUMATOID ARTHRITIS, RIGHT HAND","RHEUMATOID.*ARTHRITIS"
"ALB","M06842","OTHER SPECIFIED RHEUMATOID ARTHRITIS, LEFT HAND","RHEUMATOID.*ARTHRITIS"
"ALB","M06849","OTHER SPECIFIED RHEUMATOID ARTHRITIS, UNSPECIFIED HAND","RHEUMATOID.*ARTHRITIS"
"ALB","M06851","OTHER SPECIFIED RHEUMATOID ARTHRITIS, RIGHT HIP","RHEUMATOID.*ARTHRITIS"
"ALB","M06852","OTHER SPECIFIED RHEUMATOID ARTHRITIS, LEFT HIP","RHEUMATOID.*ARTHRITIS"
"ALB","M06859","OTHER SPECIFIED RHEUMATOID ARTHRITIS, UNSPECIFIED HIP","RHEUMATOID.*ARTHRITIS"
"ALB","M06861","OTHER SPECIFIED RHEUMATOID ARTHRITIS, RIGHT KNEE","RHEUMATOID.*ARTHRITIS"
"ALB","M06862","OTHER SPECIFIED RHEUMATOID ARTHRITIS, LEFT KNEE","RHEUMATOID.*ARTHRITIS"
"ALB","M06869","OTHER SPECIFIED RHEUMATOID ARTHRITIS, UNSPECIFIED KNEE","RHEUMATOID.*ARTHRITIS"
"ALB","M06871","OTHER SPECIFIED RHEUMATOID ARTHRITIS, RIGHT ANKLE AND FOOT","RHEUMATOID.*ARTHRITIS"
"ALB","M06872","OTHER SPECIFIED RHEUMATOID ARTHRITIS, LEFT ANKLE AND FOOT","RHEUMATOID.*ARTHRITIS"
"ALB","M06879","OTHER SPECIFIED RHEUMATOID ARTHRITIS, UNSPECIFIED ANKLE AND FOOT","RHEUMATOID.*ARTHRITIS"
"ALB","M0688","OTHER SPECIFIED RHEUMATOID ARTHRITIS, VERTEBRAE","RHEUMATOID.*ARTHRITIS"
"ALB","M0689","OTHER SPECIFIED RHEUMATOID ARTHRITIS, MULTIPLE SITES","RHEUMATOID.*ARTHRITIS"
"ALB","M068A","OTHER SPECIFIED RHEUMATOID ARTHRITIS, OTHER SPECIFIED SITE","RHEUMATOID.*ARTHRITIS"
"ALB","M069","RHEUMATOID ARTHRITIS, UNSPECIFIED","RHEUMATOID.*ARTHRITIS"
"ALB","M0800","UNSPECIFIED JUVENILE RHEUMATOID ARTHRITIS OF UNSPECIFIED SITE","RHEUMATOID.*ARTHRITIS"
"ALB","M08011","UNSPECIFIED JUVENILE RHEUMATOID ARTHRITIS, RIGHT SHOULDER","RHEUMATOID.*ARTHRITIS"
"ALB","M08012","UNSPECIFIED JUVENILE RHEUMATOID ARTHRITIS, LEFT SHOULDER","RHEUMATOID.*ARTHRITIS"
"ALB","M08019","UNSPECIFIED JUVENILE RHEUMATOID ARTHRITIS, UNSPECIFIED SHOULDER","RHEUMATOID.*ARTHRITIS"
"ALB","M08021","UNSPECIFIED JUVENILE RHEUMATOID ARTHRITIS, RIGHT ELBOW","RHEUMATOID.*ARTHRITIS"
"ALB","M08022","UNSPECIFIED JUVENILE RHEUMATOID ARTHRITIS, LEFT ELBOW","RHEUMATOID.*ARTHRITIS"
"ALB","M08029","UNSPECIFIED JUVENILE RHEUMATOID ARTHRITIS, UNSPECIFIED ELBOW","RHEUMATOID.*ARTHRITIS"
"ALB","M08031","UNSPECIFIED JUVENILE RHEUMATOID ARTHRITIS, RIGHT WRIST","RHEUMATOID.*ARTHRITIS"
"ALB","M08032","UNSPECIFIED JUVENILE RHEUMATOID ARTHRITIS, LEFT WRIST","RHEUMATOID.*ARTHRITIS"
"ALB","M08039","UNSPECIFIED JUVENILE RHEUMATOID ARTHRITIS, UNSPECIFIED WRIST","RHEUMATOID.*ARTHRITIS"
"ALB","M08041","UNSPECIFIED JUVENILE RHEUMATOID ARTHRITIS, RIGHT HAND","RHEUMATOID.*ARTHRITIS"
"ALB","M08042","UNSPECIFIED JUVENILE RHEUMATOID ARTHRITIS, LEFT HAND","RHEUMATOID.*ARTHRITIS"
"ALB","M08049","UNSPECIFIED JUVENILE RHEUMATOID ARTHRITIS, UNSPECIFIED HAND","RHEUMATOID.*ARTHRITIS"
"ALB","M08051","UNSPECIFIED JUVENILE RHEUMATOID ARTHRITIS, RIGHT HIP","RHEUMATOID.*ARTHRITIS"
"ALB","M08052","UNSPECIFIED JUVENILE RHEUMATOID ARTHRITIS, LEFT HIP","RHEUMATOID.*ARTHRITIS"
"ALB","M08059","UNSPECIFIED JUVENILE RHEUMATOID ARTHRITIS, UNSPECIFIED HIP","RHEUMATOID.*ARTHRITIS"
"ALB","M08061","UNSPECIFIED JUVENILE RHEUMATOID ARTHRITIS, RIGHT KNEE","RHEUMATOID.*ARTHRITIS"
"ALB","M08062","UNSPECIFIED JUVENILE RHEUMATOID ARTHRITIS, LEFT KNEE","RHEUMATOID.*ARTHRITIS"
"ALB","M08069","UNSPECIFIED JUVENILE RHEUMATOID ARTHRITIS, UNSPECIFIED KNEE","RHEUMATOID.*ARTHRITIS"
"ALB","M08071","UNSPECIFIED JUVENILE RHEUMATOID ARTHRITIS, RIGHT ANKLE AND FOOT","RHEUMATOID.*ARTHRITIS"
"ALB","M08072","UNSPECIFIED JUVENILE RHEUMATOID ARTHRITIS, LEFT ANKLE AND FOOT","RHEUMATOID.*ARTHRITIS"
"ALB","M08079","UNSPECIFIED JUVENILE RHEUMATOID ARTHRITIS, UNSPECIFIED ANKLE AND FOOT","RHEUMATOID.*ARTHRITIS"
"ALB","M0808","UNSPECIFIED JUVENILE RHEUMATOID ARTHRITIS, VERTEBRAE","RHEUMATOID.*ARTHRITIS"
"ALB","M0809","UNSPECIFIED JUVENILE RHEUMATOID ARTHRITIS, MULTIPLE SITES","RHEUMATOID.*ARTHRITIS"
"ALB","M080A","UNSPECIFIED JUVENILE RHEUMATOID ARTHRITIS, OTHER SPECIFIED SITE","RHEUMATOID.*ARTHRITIS"
"ALB","M0820","JUVENILE RHEUMATOID ARTHRITIS WITH SYSTEMIC ONSET, UNSPECIFIED SITE","RHEUMATOID.*ARTHRITIS"
"ALB","M08211","JUVENILE RHEUMATOID ARTHRITIS WITH SYSTEMIC ONSET, RIGHT SHOULDER","RHEUMATOID.*ARTHRITIS"
"ALB","M08212","JUVENILE RHEUMATOID ARTHRITIS WITH SYSTEMIC ONSET, LEFT SHOULDER","RHEUMATOID.*ARTHRITIS"
"ALB","M08219","JUVENILE RHEUMATOID ARTHRITIS WITH SYSTEMIC ONSET, UNSPECIFIED SHOULDER","RHEUMATOID.*ARTHRITIS"
"ALB","M08221","JUVENILE RHEUMATOID ARTHRITIS WITH SYSTEMIC ONSET, RIGHT ELBOW","RHEUMATOID.*ARTHRITIS"
"ALB","M08222","JUVENILE RHEUMATOID ARTHRITIS WITH SYSTEMIC ONSET, LEFT ELBOW","RHEUMATOID.*ARTHRITIS"
"ALB","M08229","JUVENILE RHEUMATOID ARTHRITIS WITH SYSTEMIC ONSET, UNSPECIFIED ELBOW","RHEUMATOID.*ARTHRITIS"
"ALB","M08231","JUVENILE RHEUMATOID ARTHRITIS WITH SYSTEMIC ONSET, RIGHT WRIST","RHEUMATOID.*ARTHRITIS"
"ALB","M08232","JUVENILE RHEUMATOID ARTHRITIS WITH SYSTEMIC ONSET, LEFT WRIST","RHEUMATOID.*ARTHRITIS"
"ALB","M08239","JUVENILE RHEUMATOID ARTHRITIS WITH SYSTEMIC ONSET, UNSPECIFIED WRIST","RHEUMATOID.*ARTHRITIS"
"ALB","M08241","JUVENILE RHEUMATOID ARTHRITIS WITH SYSTEMIC ONSET, RIGHT HAND","RHEUMATOID.*ARTHRITIS"
"ALB","M08242","JUVENILE RHEUMATOID ARTHRITIS WITH SYSTEMIC ONSET, LEFT HAND","RHEUMATOID.*ARTHRITIS"
"ALB","M08249","JUVENILE RHEUMATOID ARTHRITIS WITH SYSTEMIC ONSET, UNSPECIFIED HAND","RHEUMATOID.*ARTHRITIS"
"ALB","M08251","JUVENILE RHEUMATOID ARTHRITIS WITH SYSTEMIC ONSET, RIGHT HIP","RHEUMATOID.*ARTHRITIS"
"ALB","M08252","JUVENILE RHEUMATOID ARTHRITIS WITH SYSTEMIC ONSET, LEFT HIP","RHEUMATOID.*ARTHRITIS"
"ALB","M08259","JUVENILE RHEUMATOID ARTHRITIS WITH SYSTEMIC ONSET, UNSPECIFIED HIP","RHEUMATOID.*ARTHRITIS"
"ALB","M08261","JUVENILE RHEUMATOID ARTHRITIS WITH SYSTEMIC ONSET, RIGHT KNEE","RHEUMATOID.*ARTHRITIS"
"ALB","M08262","JUVENILE RHEUMATOID ARTHRITIS WITH SYSTEMIC ONSET, LEFT KNEE","RHEUMATOID.*ARTHRITIS"
"ALB","M08269","JUVENILE RHEUMATOID ARTHRITIS WITH SYSTEMIC ONSET, UNSPECIFIED KNEE","RHEUMATOID.*ARTHRITIS"
"ALB","M08271","JUVENILE RHEUMATOID ARTHRITIS WITH SYSTEMIC ONSET, RIGHT ANKLE AND FOOT","RHEUMATOID.*ARTHRITIS"
"ALB","M08272","JUVENILE RHEUMATOID ARTHRITIS WITH SYSTEMIC ONSET, LEFT ANKLE AND FOOT","RHEUMATOID.*ARTHRITIS"
"ALB","M08279","JUVENILE RHEUMATOID ARTHRITIS WITH SYSTEMIC ONSET, UNSPECIFIED ANKLE AND FOOT","RHEUMATOID.*ARTHRITIS"
"ALB","M0828","JUVENILE RHEUMATOID ARTHRITIS WITH SYSTEMIC ONSET, VERTEBRAE","RHEUMATOID.*ARTHRITIS"
"ALB","M0829","JUVENILE RHEUMATOID ARTHRITIS WITH SYSTEMIC ONSET, MULTIPLE SITES","RHEUMATOID.*ARTHRITIS"
"ALB","M082A","JUVENILE RHEUMATOID ARTHRITIS WITH SYSTEMIC ONSET, OTHER SPECIFIED SITE","RHEUMATOID.*ARTHRITIS"
"ALB","M083","JUVENILE RHEUMATOID POLYARTHRITIS (SERONEGATIVE)","RHEUMATOID.*ARTHRITIS"
"ALB","M0840","PAUCIARTICULAR JUVENILE RHEUMATOID ARTHRITIS, UNSPECIFIED SITE","RHEUMATOID.*ARTHRITIS"
"ALB","M08411","PAUCIARTICULAR JUVENILE RHEUMATOID ARTHRITIS, RIGHT SHOULDER","RHEUMATOID.*ARTHRITIS"
"ALB","M08412","PAUCIARTICULAR JUVENILE RHEUMATOID ARTHRITIS, LEFT SHOULDER","RHEUMATOID.*ARTHRITIS"
"ALB","M08419","PAUCIARTICULAR JUVENILE RHEUMATOID ARTHRITIS, UNSPECIFIED SHOULDER","RHEUMATOID.*ARTHRITIS"
"ALB","M08421","PAUCIARTICULAR JUVENILE RHEUMATOID ARTHRITIS, RIGHT ELBOW","RHEUMATOID.*ARTHRITIS"
"ALB","M08422","PAUCIARTICULAR JUVENILE RHEUMATOID ARTHRITIS, LEFT ELBOW","RHEUMATOID.*ARTHRITIS"
"ALB","M08429","PAUCIARTICULAR JUVENILE RHEUMATOID ARTHRITIS, UNSPECIFIED ELBOW","RHEUMATOID.*ARTHRITIS"
"ALB","M08431","PAUCIARTICULAR JUVENILE RHEUMATOID ARTHRITIS, RIGHT WRIST","RHEUMATOID.*ARTHRITIS"
"ALB","M08432","PAUCIARTICULAR JUVENILE RHEUMATOID ARTHRITIS, LEFT WRIST","RHEUMATOID.*ARTHRITIS"
"ALB","M08439","PAUCIARTICULAR JUVENILE RHEUMATOID ARTHRITIS, UNSPECIFIED WRIST","RHEUMATOID.*ARTHRITIS"
"ALB","M08441","PAUCIARTICULAR JUVENILE RHEUMATOID ARTHRITIS, RIGHT HAND","RHEUMATOID.*ARTHRITIS"
"ALB","M08442","PAUCIARTICULAR JUVENILE RHEUMATOID ARTHRITIS, LEFT HAND","RHEUMATOID.*ARTHRITIS"
"ALB","M08449","PAUCIARTICULAR JUVENILE RHEUMATOID ARTHRITIS, UNSPECIFIED HAND","RHEUMATOID.*ARTHRITIS"
"ALB","M08451","PAUCIARTICULAR JUVENILE RHEUMATOID ARTHRITIS, RIGHT HIP","RHEUMATOID.*ARTHRITIS"
"ALB","M08452","PAUCIARTICULAR JUVENILE RHEUMATOID ARTHRITIS, LEFT HIP","RHEUMATOID.*ARTHRITIS"
"ALB","M08459","PAUCIARTICULAR JUVENILE RHEUMATOID ARTHRITIS, UNSPECIFIED HIP","RHEUMATOID.*ARTHRITIS"
"ALB","M08461","PAUCIARTICULAR JUVENILE RHEUMATOID ARTHRITIS, RIGHT KNEE","RHEUMATOID.*ARTHRITIS"
"ALB","M08462","PAUCIARTICULAR JUVENILE RHEUMATOID ARTHRITIS, LEFT KNEE","RHEUMATOID.*ARTHRITIS"
"ALB","M08469","PAUCIARTICULAR JUVENILE RHEUMATOID ARTHRITIS, UNSPECIFIED KNEE","RHEUMATOID.*ARTHRITIS"
"ALB","M08471","PAUCIARTICULAR JUVENILE RHEUMATOID ARTHRITIS, RIGHT ANKLE AND FOOT","RHEUMATOID.*ARTHRITIS"
"ALB","M08472","PAUCIARTICULAR JUVENILE RHEUMATOID ARTHRITIS, LEFT ANKLE AND FOOT","RHEUMATOID.*ARTHRITIS"
"ALB","M08479","PAUCIARTICULAR JUVENILE RHEUMATOID ARTHRITIS, UNSPECIFIED ANKLE AND FOOT","RHEUMATOID.*ARTHRITIS"
"ALB","M0848","PAUCIARTICULAR JUVENILE RHEUMATOID ARTHRITIS, VERTEBRAE","RHEUMATOID.*ARTHRITIS"
"ALB","M084A","PAUCIARTICULAR JUVENILE RHEUMATOID ARTHRITIS, OTHER SPECIFIED SITE","RHEUMATOID.*ARTHRITIS"
"ALB","M320","DRUG-INDUCED SYSTEMIC LUPUS ERYTHEMATOSUS","SYSTEMIC.*LUPUS.*ERYTHEMATOSUS"
"ALB","M3210","SYSTEMIC LUPUS ERYTHEMATOSUS, ORGAN OR SYSTEM INVOLVEMENT UNSPECIFIED","SYSTEMIC.*LUPUS.*ERYTHEMATOSUS"
"ALB","M3211","ENDOCARDITIS IN SYSTEMIC LUPUS ERYTHEMATOSUS","SYSTEMIC.*LUPUS.*ERYTHEMATOSUS"
"ALB","M3212","PERICARDITIS IN SYSTEMIC LUPUS ERYTHEMATOSUS","SYSTEMIC.*LUPUS.*ERYTHEMATOSUS"
"ALB","M3213","LUNG INVOLVEMENT IN SYSTEMIC LUPUS ERYTHEMATOSUS","SYSTEMIC.*LUPUS.*ERYTHEMATOSUS"
"ALB","M3214","GLOMERULAR DISEASE IN SYSTEMIC LUPUS ERYTHEMATOSUS","SYSTEMIC.*LUPUS.*ERYTHEMATOSUS"
"ALB","M3215","TUBULO-INTERSTITIAL NEPHROPATHY IN SYSTEMIC LUPUS ERYTHEMATOSUS","SYSTEMIC.*LUPUS.*ERYTHEMATOSUS"
"ALB","M3219","OTHER ORGAN OR SYSTEM INVOLVEMENT IN SYSTEMIC LUPUS ERYTHEMATOSUS","SYSTEMIC.*LUPUS.*ERYTHEMATOSUS"
"ALB","M328","OTHER FORMS OF SYSTEMIC LUPUS ERYTHEMATOSUS","SYSTEMIC.*LUPUS.*ERYTHEMATOSUS"
"ALB","M329","SYSTEMIC LUPUS ERYTHEMATOSUS, UNSPECIFIED","SYSTEMIC.*LUPUS.*ERYTHEMATOSUS"
"ALB","M833","ADULT OSTEOMALACIA DUE TO MALNUTRITION","MALNUTRITION"
"ALB","N040","NEPHROTIC SYNDROME WITH MINOR GLOMERULAR ABNORMALITY","NEPHROTIC.*SYNDROME"
"ALB","N041","NEPHROTIC SYNDROME WITH FOCAL AND SEGMENTAL GLOMERULAR LESIONS","NEPHROTIC.*SYNDROME"
"ALB","N0420","NEPHROTIC SYNDROME WITH DIFFUSE MEMBRANOUS GLOMERULONEPHRITIS, UNSPECIFIED","NEPHROTIC.*SYNDROME"
"ALB","N0421","PRIMARY MEMBRANOUS NEPHROPATHY WITH NEPHROTIC SYNDROME","NEPHROTIC.*SYNDROME"
"ALB","N0422","SECONDARY MEMBRANOUS NEPHROPATHY WITH NEPHROTIC SYNDROME","NEPHROTIC.*SYNDROME"
"ALB","N0429","OTHER NEPHROTIC SYNDROME WITH DIFFUSE MEMBRANOUS GLOMERULONEPHRITIS","NEPHROTIC.*SYNDROME"
"ALB","N043","NEPHROTIC SYNDROME WITH DIFFUSE MESANGIAL PROLIFERATIVE GLOMERULONEPHRITIS","NEPHROTIC.*SYNDROME"
"ALB","N044","NEPHROTIC SYNDROME WITH DIFFUSE ENDOCAPILLARY PROLIFERATIVE GLOMERULONEPHRITIS","NEPHROTIC.*SYNDROME"
"ALB","N045","NEPHROTIC SYNDROME WITH DIFFUSE MESANGIOCAPILLARY GLOMERULONEPHRITIS","NEPHROTIC.*SYNDROME"
"ALB","N046","NEPHROTIC SYNDROME WITH DENSE DEPOSIT DISEASE","NEPHROTIC.*SYNDROME"
"ALB","N047","NEPHROTIC SYNDROME WITH DIFFUSE CRESCENTIC GLOMERULONEPHRITIS","NEPHROTIC.*SYNDROME"
"ALB","N048","NEPHROTIC SYNDROME WITH OTHER MORPHOLOGIC CHANGES","NEPHROTIC.*SYNDROME"
"ALB","N049","NEPHROTIC SYNDROME WITH UNSPECIFIED MORPHOLOGIC CHANGES","NEPHROTIC.*SYNDROME"
"ALB","N04A","NEPHROTIC SYNDROME WITH C3 GLOMERULONEPHRITIS","NEPHROTIC.*SYNDROME"
"ALB","N04B1","NEPHROTIC SYNDROME WITH IDIOPATHIC IMMUNE COMPLEX MEMBRANOPROLIFERATIVE GLOMERULONEPHRITIS (IC-MPGN)","NEPHROTIC.*SYNDROME"
"ALB","N04B2","NEPHROTIC SYNDROME WITH SECONDARY IMMUNE COMPLEX MEMBRANOPROLIFERATIVE GLOMERULONEPHRITIS (IC-MPGN)","NEPHROTIC.*SYNDROME"
"ALB","N418","OTHER INFLAMMATORY DISEASES OF PROSTATE","INFLAMMATORY.*DISEASE"
"ALB","N419","INFLAMMATORY DISEASE OF PROSTATE, UNSPECIFIED","INFLAMMATORY.*DISEASE"
"ALB","N477","OTHER INFLAMMATORY DISEASES OF PREPUCE","INFLAMMATORY.*DISEASE"
"ALB","N710","ACUTE INFLAMMATORY DISEASE OF UTERUS","INFLAMMATORY.*DISEASE"
"ALB","N711","CHRONIC INFLAMMATORY DISEASE OF UTERUS","INFLAMMATORY.*DISEASE"
"ALB","N719","INFLAMMATORY DISEASE OF UTERUS, UNSPECIFIED","INFLAMMATORY.*DISEASE"
"ALB","N72","INFLAMMATORY DISEASE OF CERVIX UTERI","INFLAMMATORY.*DISEASE"
"ALB","N738","OTHER SPECIFIED FEMALE PELVIC INFLAMMATORY DISEASES","INFLAMMATORY.*DISEASE"
"ALB","N739","FEMALE PELVIC INFLAMMATORY DISEASE, UNSPECIFIED","INFLAMMATORY.*DISEASE"
"ALB","N74","FEMALE PELVIC INFLAMMATORY DISORDERS IN DISEASES CLASSIFIED ELSEWHERE","INFLAMMATORY.*DISEASE"
"ALB","O0337","SEPSIS FOLLOWING INCOMPLETE SPONTANEOUS ABORTION","SEPSIS"
"ALB","O0387","SEPSIS FOLLOWING COMPLETE OR UNSPECIFIED SPONTANEOUS ABORTION","SEPSIS"
"ALB","O0487","SEPSIS FOLLOWING (INDUCED) TERMINATION OF PREGNANCY","SEPSIS"
"ALB","O0737","SEPSIS FOLLOWING FAILED ATTEMPTED TERMINATION OF PREGNANCY","SEPSIS"
"ALB","O0882","SEPSIS FOLLOWING ECTOPIC AND MOLAR PREGNANCY","SEPSIS"
"ALB","O2510","MALNUTRITION IN PREGNANCY, UNSPECIFIED TRIMESTER","MALNUTRITION"
"ALB","O2511","MALNUTRITION IN PREGNANCY, FIRST TRIMESTER","MALNUTRITION"
"ALB","O2512","MALNUTRITION IN PREGNANCY, SECOND TRIMESTER","MALNUTRITION"
"ALB","O2513","MALNUTRITION IN PREGNANCY, THIRD TRIMESTER","MALNUTRITION"
"ALB","O252","MALNUTRITION IN CHILDBIRTH","MALNUTRITION"
"ALB","O253","MALNUTRITION IN THE PUERPERIUM","MALNUTRITION"
"ALB","O85","PUERPERAL SEPSIS","SEPSIS"
"ALB","O8604","SEPSIS FOLLOWING AN OBSTETRICAL PROCEDURE","SEPSIS"
"ALB","P052","NEWBORN AFFECTED BY FETAL (INTRAUTERINE) MALNUTRITION NOT LIGHT OR SMALL FOR GESTATIONAL AGE","MALNUTRITION"
"ALB","P360","SEPSIS OF NEWBORN DUE TO STREPTOCOCCUS, GROUP B","SEPSIS"
"ALB","P3610","SEPSIS OF NEWBORN DUE TO UNSPECIFIED STREPTOCOCCI","SEPSIS"
"ALB","P3619","SEPSIS OF NEWBORN DUE TO OTHER STREPTOCOCCI","SEPSIS"
"ALB","P362","SEPSIS OF NEWBORN DUE TO STAPHYLOCOCCUS AUREUS","SEPSIS"
"ALB","P3630","SEPSIS OF NEWBORN DUE TO UNSPECIFIED STAPHYLOCOCCI","SEPSIS"
"ALB","P3639","SEPSIS OF NEWBORN DUE TO OTHER STAPHYLOCOCCI","SEPSIS"
"ALB","P364","SEPSIS OF NEWBORN DUE TO ESCHERICHIA COLI","SEPSIS"
"ALB","P365","SEPSIS OF NEWBORN DUE TO ANAEROBES","SEPSIS"
"ALB","P368","OTHER BACTERIAL SEPSIS OF NEWBORN","SEPSIS"
"ALB","P369","BACTERIAL SEPSIS OF NEWBORN, UNSPECIFIED","SEPSIS"
"ALB","P741","DEHYDRATION OF NEWBORN","DEHYDRATION"
"ALB","P7884","GESTATIONAL ALLOIMMUNE LIVER DISEASE","LIVER.*DISEASE"
"ALB","R6520","SEVERE SEPSIS WITHOUT SEPTIC SHOCK","SEPSIS"
"ALB","R6521","SEVERE SEPSIS WITH SEPTIC SHOCK","SEPSIS"
"ALB","R7681","ABNORMAL RHEUMATOID FACTOR AND ANTI-CITRULLINATED PROTEIN ANTIBODY WITHOUT RHEUMATOID ARTHRITIS","RHEUMATOID.*ARTHRITIS"
"ALB","T8144XA","SEPSIS FOLLOWING A PROCEDURE, INITIAL ENCOUNTER","SEPSIS"
"ALB","T8144XD","SEPSIS FOLLOWING A PROCEDURE, SUBSEQUENT ENCOUNTER","SEPSIS"
"ALB","T8144XS","SEPSIS FOLLOWING A PROCEDURE, SEQUELA","SEPSIS"
"ALB","Z51A","ENCOUNTER FOR SEPSIS AFTERCARE","SEPSIS"
"ALB","Z87441","PERSONAL HISTORY OF NEPHROTIC SYNDROME","NEPHROTIC.*SYNDROME"
"BMI","E65","LOCALIZED ADIPOSITY","ADIPOSITY"
"BMI","E6601","MORBID (SEVERE) OBESITY DUE TO EXCESS CALORIES","OBESITY; MORBID.*OBESITY; SEVERE.*OBESITY; OBESITY.*DUE.*TO.*EXCESS.*CALORIES"
"BMI","E6609","OTHER OBESITY DUE TO EXCESS CALORIES","OBESITY; OBESITY.*DUE.*TO.*EXCESS.*CALORIES"
"BMI","E661","DRUG-INDUCED OBESITY","OBESITY"
"BMI","E662","MORBID (SEVERE) OBESITY WITH ALVEOLAR HYPOVENTILATION","OBESITY; MORBID.*OBESITY; SEVERE.*OBESITY"
"BMI","E663","OVERWEIGHT","OVERWEIGHT"
"BMI","E66811","OBESITY, CLASS 1","OBESITY; OBESITY.*CLASS.*1"
"BMI","E66812","OBESITY, CLASS 2","OBESITY; OBESITY.*CLASS.*2"
"BMI","E66813","OBESITY, CLASS 3","OBESITY; OBESITY.*CLASS.*3"
"BMI","E6689","OTHER OBESITY NOT ELSEWHERE CLASSIFIED","OBESITY"
"BMI","E669","OBESITY, UNSPECIFIED","OBESITY"
"BMI","E8882","OBESITY DUE TO DISRUPTION OF MC4R PATHWAY","OBESITY"
"BMI","O2600","EXCESSIVE WEIGHT GAIN IN PREGNANCY, UNSPECIFIED TRIMESTER","EXCESSIVE.*WEIGHT.*GAIN; EXCESSIVE.*WEIGHT"
"BMI","O2601","EXCESSIVE WEIGHT GAIN IN PREGNANCY, FIRST TRIMESTER","EXCESSIVE.*WEIGHT.*GAIN; EXCESSIVE.*WEIGHT"
"BMI","O2602","EXCESSIVE WEIGHT GAIN IN PREGNANCY, SECOND TRIMESTER","EXCESSIVE.*WEIGHT.*GAIN; EXCESSIVE.*WEIGHT"
"BMI","O2603","EXCESSIVE WEIGHT GAIN IN PREGNANCY, THIRD TRIMESTER","EXCESSIVE.*WEIGHT.*GAIN; EXCESSIVE.*WEIGHT"
"BMI","O99210","OBESITY COMPLICATING PREGNANCY, UNSPECIFIED TRIMESTER","OBESITY"
"BMI","O99211","OBESITY COMPLICATING PREGNANCY, FIRST TRIMESTER","OBESITY"
"BMI","O99212","OBESITY COMPLICATING PREGNANCY, SECOND TRIMESTER","OBESITY"
"BMI","O99213","OBESITY COMPLICATING PREGNANCY, THIRD TRIMESTER","OBESITY"
"BMI","O99214","OBESITY COMPLICATING CHILDBIRTH","OBESITY"
"BMI","O99215","OBESITY COMPLICATING THE PUERPERIUM","OBESITY"
"BMI","Z152","GENETIC SUSCEPTIBILITY TO OBESITY","OBESITY"
"BP_DIASTOLIC","G932","BENIGN INTRACRANIAL HYPERTENSION","HYPERTENSION; BENIGN.*HYPERTENSION"
"BP_DIASTOLIC","H40051","OCULAR HYPERTENSION, RIGHT EYE","HYPERTENSION"
"BP_DIASTOLIC","H40052","OCULAR HYPERTENSION, LEFT EYE","HYPERTENSION"
"BP_DIASTOLIC","H40053","OCULAR HYPERTENSION, BILATERAL","HYPERTENSION"
"BP_DIASTOLIC","H40059","OCULAR HYPERTENSION, UNSPECIFIED EYE","HYPERTENSION"
"BP_DIASTOLIC","I10","ESSENTIAL (PRIMARY) HYPERTENSION","HYPERTENSION; ESSENTIAL.*HYPERTENSION; PRIMARY.*HYPERTENSION"
"BP_DIASTOLIC","I110","HYPERTENSIVE HEART DISEASE WITH HEART FAILURE","HYPERTENSIVE.*HEART.*DISEASE"
"BP_DIASTOLIC","I119","HYPERTENSIVE HEART DISEASE WITHOUT HEART FAILURE","HYPERTENSIVE.*HEART.*DISEASE"
"BP_DIASTOLIC","I120","HYPERTENSIVE CHRONIC KIDNEY DISEASE WITH STAGE 5 CHRONIC KIDNEY DISEASE OR END STAGE RENAL DISEASE","HYPERTENSIVE.*RENAL.*DISEASE; HYPERTENSIVE.*KIDNEY.*DISEASE"
"BP_DIASTOLIC","I129","HYPERTENSIVE CHRONIC KIDNEY DISEASE WITH STAGE 1 THROUGH STAGE 4 CHRONIC KIDNEY DISEASE, OR UNSPECIFIED CHRONIC KIDNEY DISEASE","HYPERTENSIVE.*KIDNEY.*DISEASE"
"BP_DIASTOLIC","I130","HYPERTENSIVE HEART AND CHRONIC KIDNEY DISEASE WITH HEART FAILURE AND STAGE 1 THROUGH STAGE 4 CHRONIC KIDNEY DISEASE, OR UNSPECIFIED CHRONIC KIDNEY DISEASE","HYPERTENSIVE.*HEART.*DISEASE; HYPERTENSIVE.*KIDNEY.*DISEASE"
"BP_DIASTOLIC","I1310","HYPERTENSIVE HEART AND CHRONIC KIDNEY DISEASE WITHOUT HEART FAILURE, WITH STAGE 1 THROUGH STAGE 4 CHRONIC KIDNEY DISEASE, OR UNSPECIFIED CHRONIC KIDNEY DISEASE","HYPERTENSIVE.*HEART.*DISEASE; HYPERTENSIVE.*KIDNEY.*DISEASE"
"BP_DIASTOLIC","I1311","HYPERTENSIVE HEART AND CHRONIC KIDNEY DISEASE WITHOUT HEART FAILURE, WITH STAGE 5 CHRONIC KIDNEY DISEASE, OR END STAGE RENAL DISEASE","HYPERTENSIVE.*HEART.*DISEASE; HYPERTENSIVE.*RENAL.*DISEASE; HYPERTENSIVE.*KIDNEY.*DISEASE"
"BP_DIASTOLIC","I132","HYPERTENSIVE HEART AND CHRONIC KIDNEY DISEASE WITH HEART FAILURE AND WITH STAGE 5 CHRONIC KIDNEY DISEASE, OR END STAGE RENAL DISEASE","HYPERTENSIVE.*HEART.*DISEASE; HYPERTENSIVE.*RENAL.*DISEASE; HYPERTENSIVE.*KIDNEY.*DISEASE"
"BP_DIASTOLIC","I150","RENOVASCULAR HYPERTENSION","HYPERTENSION"
"BP_DIASTOLIC","I151","HYPERTENSION SECONDARY TO OTHER RENAL DISORDERS","HYPERTENSION"
"BP_DIASTOLIC","I152","HYPERTENSION SECONDARY TO ENDOCRINE DISORDERS","HYPERTENSION"
"BP_DIASTOLIC","I158","OTHER SECONDARY HYPERTENSION","HYPERTENSION; SECONDARY.*HYPERTENSION"
"BP_DIASTOLIC","I159","SECONDARY HYPERTENSION, UNSPECIFIED","HYPERTENSION; SECONDARY.*HYPERTENSION"
"BP_DIASTOLIC","I160","HYPERTENSIVE URGENCY","HYPERTENSIVE.*URGENCY"
"BP_DIASTOLIC","I161","HYPERTENSIVE EMERGENCY","HYPERTENSIVE.*EMERGENCY"
"BP_DIASTOLIC","I169","HYPERTENSIVE CRISIS, UNSPECIFIED","HYPERTENSIVE.*CRISIS"
"BP_DIASTOLIC","I1A0","RESISTANT HYPERTENSION","HYPERTENSION"
"BP_DIASTOLIC","I270","PRIMARY PULMONARY HYPERTENSION","HYPERTENSION; PRIMARY.*HYPERTENSION"
"BP_DIASTOLIC","I2720","PULMONARY HYPERTENSION, UNSPECIFIED","HYPERTENSION"
"BP_DIASTOLIC","I2721","SECONDARY PULMONARY ARTERIAL HYPERTENSION","HYPERTENSION; SECONDARY.*HYPERTENSION"
"BP_DIASTOLIC","I2722","PULMONARY HYPERTENSION DUE TO LEFT HEART DISEASE","HYPERTENSION"
"BP_DIASTOLIC","I2723","PULMONARY HYPERTENSION DUE TO LUNG DISEASES AND HYPOXIA","HYPERTENSION"
"BP_DIASTOLIC","I2724","CHRONIC THROMBOEMBOLIC PULMONARY HYPERTENSION","HYPERTENSION"
"BP_DIASTOLIC","I2729","OTHER SECONDARY PULMONARY HYPERTENSION","HYPERTENSION; SECONDARY.*HYPERTENSION"
"BP_DIASTOLIC","I87301","CHRONIC VENOUS HYPERTENSION (IDIOPATHIC) WITHOUT COMPLICATIONS OF RIGHT LOWER EXTREMITY","HYPERTENSION"
"BP_DIASTOLIC","I87302","CHRONIC VENOUS HYPERTENSION (IDIOPATHIC) WITHOUT COMPLICATIONS OF LEFT LOWER EXTREMITY","HYPERTENSION"
"BP_DIASTOLIC","I87303","CHRONIC VENOUS HYPERTENSION (IDIOPATHIC) WITHOUT COMPLICATIONS OF BILATERAL LOWER EXTREMITY","HYPERTENSION"
"BP_DIASTOLIC","I87309","CHRONIC VENOUS HYPERTENSION (IDIOPATHIC) WITHOUT COMPLICATIONS OF UNSPECIFIED LOWER EXTREMITY","HYPERTENSION"
"BP_DIASTOLIC","I87311","CHRONIC VENOUS HYPERTENSION (IDIOPATHIC) WITH ULCER OF RIGHT LOWER EXTREMITY","HYPERTENSION"
"BP_DIASTOLIC","I87312","CHRONIC VENOUS HYPERTENSION (IDIOPATHIC) WITH ULCER OF LEFT LOWER EXTREMITY","HYPERTENSION"
"BP_DIASTOLIC","I87313","CHRONIC VENOUS HYPERTENSION (IDIOPATHIC) WITH ULCER OF BILATERAL LOWER EXTREMITY","HYPERTENSION"
"BP_DIASTOLIC","I87319","CHRONIC VENOUS HYPERTENSION (IDIOPATHIC) WITH ULCER OF UNSPECIFIED LOWER EXTREMITY","HYPERTENSION"
"BP_DIASTOLIC","I87321","CHRONIC VENOUS HYPERTENSION (IDIOPATHIC) WITH INFLAMMATION OF RIGHT LOWER EXTREMITY","HYPERTENSION"
"BP_DIASTOLIC","I87322","CHRONIC VENOUS HYPERTENSION (IDIOPATHIC) WITH INFLAMMATION OF LEFT LOWER EXTREMITY","HYPERTENSION"
"BP_DIASTOLIC","I87323","CHRONIC VENOUS HYPERTENSION (IDIOPATHIC) WITH INFLAMMATION OF BILATERAL LOWER EXTREMITY","HYPERTENSION"
"BP_DIASTOLIC","I87329","CHRONIC VENOUS HYPERTENSION (IDIOPATHIC) WITH INFLAMMATION OF UNSPECIFIED LOWER EXTREMITY","HYPERTENSION"
"BP_DIASTOLIC","I87331","CHRONIC VENOUS HYPERTENSION (IDIOPATHIC) WITH ULCER AND INFLAMMATION OF RIGHT LOWER EXTREMITY","HYPERTENSION"
"BP_DIASTOLIC","I87332","CHRONIC VENOUS HYPERTENSION (IDIOPATHIC) WITH ULCER AND INFLAMMATION OF LEFT LOWER EXTREMITY","HYPERTENSION"
"BP_DIASTOLIC","I87333","CHRONIC VENOUS HYPERTENSION (IDIOPATHIC) WITH ULCER AND INFLAMMATION OF BILATERAL LOWER EXTREMITY","HYPERTENSION"
"BP_DIASTOLIC","I87339","CHRONIC VENOUS HYPERTENSION (IDIOPATHIC) WITH ULCER AND INFLAMMATION OF UNSPECIFIED LOWER EXTREMITY","HYPERTENSION"
"BP_DIASTOLIC","I87391","CHRONIC VENOUS HYPERTENSION (IDIOPATHIC) WITH OTHER COMPLICATIONS OF RIGHT LOWER EXTREMITY","HYPERTENSION"
"BP_DIASTOLIC","I87392","CHRONIC VENOUS HYPERTENSION (IDIOPATHIC) WITH OTHER COMPLICATIONS OF LEFT LOWER EXTREMITY","HYPERTENSION"
"BP_DIASTOLIC","I87393","CHRONIC VENOUS HYPERTENSION (IDIOPATHIC) WITH OTHER COMPLICATIONS OF BILATERAL LOWER EXTREMITY","HYPERTENSION"
"BP_DIASTOLIC","I87399","CHRONIC VENOUS HYPERTENSION (IDIOPATHIC) WITH OTHER COMPLICATIONS OF UNSPECIFIED LOWER EXTREMITY","HYPERTENSION"
"BP_DIASTOLIC","I973","POSTPROCEDURAL HYPERTENSION","HYPERTENSION"
"BP_DIASTOLIC","K766","PORTAL HYPERTENSION","HYPERTENSION"
"BP_DIASTOLIC","O10011","PRE-EXISTING ESSENTIAL HYPERTENSION COMPLICATING PREGNANCY, FIRST TRIMESTER","HYPERTENSION; ESSENTIAL.*HYPERTENSION"
"BP_DIASTOLIC","O10012","PRE-EXISTING ESSENTIAL HYPERTENSION COMPLICATING PREGNANCY, SECOND TRIMESTER","HYPERTENSION; ESSENTIAL.*HYPERTENSION"
"BP_DIASTOLIC","O10013","PRE-EXISTING ESSENTIAL HYPERTENSION COMPLICATING PREGNANCY, THIRD TRIMESTER","HYPERTENSION; ESSENTIAL.*HYPERTENSION"
"BP_DIASTOLIC","O10019","PRE-EXISTING ESSENTIAL HYPERTENSION COMPLICATING PREGNANCY, UNSPECIFIED TRIMESTER","HYPERTENSION; ESSENTIAL.*HYPERTENSION"
"BP_DIASTOLIC","O1002","PRE-EXISTING ESSENTIAL HYPERTENSION COMPLICATING CHILDBIRTH","HYPERTENSION; ESSENTIAL.*HYPERTENSION"
"BP_DIASTOLIC","O1003","PRE-EXISTING ESSENTIAL HYPERTENSION COMPLICATING THE PUERPERIUM","HYPERTENSION; ESSENTIAL.*HYPERTENSION"
"BP_DIASTOLIC","O10111","PRE-EXISTING HYPERTENSIVE HEART DISEASE COMPLICATING PREGNANCY, FIRST TRIMESTER","HYPERTENSIVE.*HEART.*DISEASE"
"BP_DIASTOLIC","O10112","PRE-EXISTING HYPERTENSIVE HEART DISEASE COMPLICATING PREGNANCY, SECOND TRIMESTER","HYPERTENSIVE.*HEART.*DISEASE"
"BP_DIASTOLIC","O10113","PRE-EXISTING HYPERTENSIVE HEART DISEASE COMPLICATING PREGNANCY, THIRD TRIMESTER","HYPERTENSIVE.*HEART.*DISEASE"
"BP_DIASTOLIC","O10119","PRE-EXISTING HYPERTENSIVE HEART DISEASE COMPLICATING PREGNANCY, UNSPECIFIED TRIMESTER","HYPERTENSIVE.*HEART.*DISEASE"
"BP_DIASTOLIC","O1012","PRE-EXISTING HYPERTENSIVE HEART DISEASE COMPLICATING CHILDBIRTH","HYPERTENSIVE.*HEART.*DISEASE"
"BP_DIASTOLIC","O1013","PRE-EXISTING HYPERTENSIVE HEART DISEASE COMPLICATING THE PUERPERIUM","HYPERTENSIVE.*HEART.*DISEASE"
"BP_DIASTOLIC","O10211","PRE-EXISTING HYPERTENSIVE CHRONIC KIDNEY DISEASE COMPLICATING PREGNANCY, FIRST TRIMESTER","HYPERTENSIVE.*KIDNEY.*DISEASE"
"BP_DIASTOLIC","O10212","PRE-EXISTING HYPERTENSIVE CHRONIC KIDNEY DISEASE COMPLICATING PREGNANCY, SECOND TRIMESTER","HYPERTENSIVE.*KIDNEY.*DISEASE"
"BP_DIASTOLIC","O10213","PRE-EXISTING HYPERTENSIVE CHRONIC KIDNEY DISEASE COMPLICATING PREGNANCY, THIRD TRIMESTER","HYPERTENSIVE.*KIDNEY.*DISEASE"
"BP_DIASTOLIC","O10219","PRE-EXISTING HYPERTENSIVE CHRONIC KIDNEY DISEASE COMPLICATING PREGNANCY, UNSPECIFIED TRIMESTER","HYPERTENSIVE.*KIDNEY.*DISEASE"
"BP_DIASTOLIC","O1022","PRE-EXISTING HYPERTENSIVE CHRONIC KIDNEY DISEASE COMPLICATING CHILDBIRTH","HYPERTENSIVE.*KIDNEY.*DISEASE"
"BP_DIASTOLIC","O1023","PRE-EXISTING HYPERTENSIVE CHRONIC KIDNEY DISEASE COMPLICATING THE PUERPERIUM","HYPERTENSIVE.*KIDNEY.*DISEASE"
"BP_DIASTOLIC","O10311","PRE-EXISTING HYPERTENSIVE HEART AND CHRONIC KIDNEY DISEASE COMPLICATING PREGNANCY, FIRST TRIMESTER","HYPERTENSIVE.*HEART.*DISEASE; HYPERTENSIVE.*KIDNEY.*DISEASE"
"BP_DIASTOLIC","O10312","PRE-EXISTING HYPERTENSIVE HEART AND CHRONIC KIDNEY DISEASE COMPLICATING PREGNANCY, SECOND TRIMESTER","HYPERTENSIVE.*HEART.*DISEASE; HYPERTENSIVE.*KIDNEY.*DISEASE"
"BP_DIASTOLIC","O10313","PRE-EXISTING HYPERTENSIVE HEART AND CHRONIC KIDNEY DISEASE COMPLICATING PREGNANCY, THIRD TRIMESTER","HYPERTENSIVE.*HEART.*DISEASE; HYPERTENSIVE.*KIDNEY.*DISEASE"
"BP_DIASTOLIC","O10319","PRE-EXISTING HYPERTENSIVE HEART AND CHRONIC KIDNEY DISEASE COMPLICATING PREGNANCY, UNSPECIFIED TRIMESTER","HYPERTENSIVE.*HEART.*DISEASE; HYPERTENSIVE.*KIDNEY.*DISEASE"
"BP_DIASTOLIC","O1032","PRE-EXISTING HYPERTENSIVE HEART AND CHRONIC KIDNEY DISEASE COMPLICATING CHILDBIRTH","HYPERTENSIVE.*HEART.*DISEASE; HYPERTENSIVE.*KIDNEY.*DISEASE"
"BP_DIASTOLIC","O1033","PRE-EXISTING HYPERTENSIVE HEART AND CHRONIC KIDNEY DISEASE COMPLICATING THE PUERPERIUM","HYPERTENSIVE.*HEART.*DISEASE; HYPERTENSIVE.*KIDNEY.*DISEASE"
"BP_DIASTOLIC","O10411","PRE-EXISTING SECONDARY HYPERTENSION COMPLICATING PREGNANCY, FIRST TRIMESTER","HYPERTENSION; SECONDARY.*HYPERTENSION"
"BP_DIASTOLIC","O10412","PRE-EXISTING SECONDARY HYPERTENSION COMPLICATING PREGNANCY, SECOND TRIMESTER","HYPERTENSION; SECONDARY.*HYPERTENSION"
"BP_DIASTOLIC","O10413","PRE-EXISTING SECONDARY HYPERTENSION COMPLICATING PREGNANCY, THIRD TRIMESTER","HYPERTENSION; SECONDARY.*HYPERTENSION"
"BP_DIASTOLIC","O10419","PRE-EXISTING SECONDARY HYPERTENSION COMPLICATING PREGNANCY, UNSPECIFIED TRIMESTER","HYPERTENSION; SECONDARY.*HYPERTENSION"
"BP_DIASTOLIC","O1042","PRE-EXISTING SECONDARY HYPERTENSION COMPLICATING CHILDBIRTH","HYPERTENSION; SECONDARY.*HYPERTENSION"
"BP_DIASTOLIC","O1043","PRE-EXISTING SECONDARY HYPERTENSION COMPLICATING THE PUERPERIUM","HYPERTENSION; SECONDARY.*HYPERTENSION"
"BP_DIASTOLIC","O10911","UNSPECIFIED PRE-EXISTING HYPERTENSION COMPLICATING PREGNANCY, FIRST TRIMESTER","HYPERTENSION"
"BP_DIASTOLIC","O10912","UNSPECIFIED PRE-EXISTING HYPERTENSION COMPLICATING PREGNANCY, SECOND TRIMESTER","HYPERTENSION"
"BP_DIASTOLIC","O10913","UNSPECIFIED PRE-EXISTING HYPERTENSION COMPLICATING PREGNANCY, THIRD TRIMESTER","HYPERTENSION"
"BP_DIASTOLIC","O10919","UNSPECIFIED PRE-EXISTING HYPERTENSION COMPLICATING PREGNANCY, UNSPECIFIED TRIMESTER","HYPERTENSION"
"BP_DIASTOLIC","O1092","UNSPECIFIED PRE-EXISTING HYPERTENSION COMPLICATING CHILDBIRTH","HYPERTENSION"
"BP_DIASTOLIC","O1093","UNSPECIFIED PRE-EXISTING HYPERTENSION COMPLICATING THE PUERPERIUM","HYPERTENSION"
"BP_DIASTOLIC","O111","PRE-EXISTING HYPERTENSION WITH PRE-ECLAMPSIA, FIRST TRIMESTER","HYPERTENSION"
"BP_DIASTOLIC","O112","PRE-EXISTING HYPERTENSION WITH PRE-ECLAMPSIA, SECOND TRIMESTER","HYPERTENSION"
"BP_DIASTOLIC","O113","PRE-EXISTING HYPERTENSION WITH PRE-ECLAMPSIA, THIRD TRIMESTER","HYPERTENSION"
"BP_DIASTOLIC","O114","PRE-EXISTING HYPERTENSION WITH PRE-ECLAMPSIA, COMPLICATING CHILDBIRTH","HYPERTENSION"
"BP_DIASTOLIC","O115","PRE-EXISTING HYPERTENSION WITH PRE-ECLAMPSIA, COMPLICATING THE PUERPERIUM","HYPERTENSION"
"BP_DIASTOLIC","O119","PRE-EXISTING HYPERTENSION WITH PRE-ECLAMPSIA, UNSPECIFIED TRIMESTER","HYPERTENSION"
"BP_DIASTOLIC","O131","GESTATIONAL [PREGNANCY-INDUCED] HYPERTENSION WITHOUT SIGNIFICANT PROTEINURIA, FIRST TRIMESTER","HYPERTENSION"
"BP_DIASTOLIC","O132","GESTATIONAL [PREGNANCY-INDUCED] HYPERTENSION WITHOUT SIGNIFICANT PROTEINURIA, SECOND TRIMESTER","HYPERTENSION"
"BP_DIASTOLIC","O133","GESTATIONAL [PREGNANCY-INDUCED] HYPERTENSION WITHOUT SIGNIFICANT PROTEINURIA, THIRD TRIMESTER","HYPERTENSION"
"BP_DIASTOLIC","O134","GESTATIONAL [PREGNANCY-INDUCED] HYPERTENSION WITHOUT SIGNIFICANT PROTEINURIA, COMPLICATING CHILDBIRTH","HYPERTENSION"
"BP_DIASTOLIC","O135","GESTATIONAL [PREGNANCY-INDUCED] HYPERTENSION WITHOUT SIGNIFICANT PROTEINURIA, COMPLICATING THE PUERPERIUM","HYPERTENSION"
"BP_DIASTOLIC","O139","GESTATIONAL [PREGNANCY-INDUCED] HYPERTENSION WITHOUT SIGNIFICANT PROTEINURIA, UNSPECIFIED TRIMESTER","HYPERTENSION"
"BP_DIASTOLIC","O161","UNSPECIFIED MATERNAL HYPERTENSION, FIRST TRIMESTER","HYPERTENSION"
"BP_DIASTOLIC","O162","UNSPECIFIED MATERNAL HYPERTENSION, SECOND TRIMESTER","HYPERTENSION"
"BP_DIASTOLIC","O163","UNSPECIFIED MATERNAL HYPERTENSION, THIRD TRIMESTER","HYPERTENSION"
"BP_DIASTOLIC","O164","UNSPECIFIED MATERNAL HYPERTENSION, COMPLICATING CHILDBIRTH","HYPERTENSION"
"BP_DIASTOLIC","O165","UNSPECIFIED MATERNAL HYPERTENSION, COMPLICATING THE PUERPERIUM","HYPERTENSION"
"BP_DIASTOLIC","O169","UNSPECIFIED MATERNAL HYPERTENSION, UNSPECIFIED TRIMESTER","HYPERTENSION"
"BP_DIASTOLIC","P292","NEONATAL HYPERTENSION","HYPERTENSION"
"BP_DIASTOLIC","P2930","PULMONARY HYPERTENSION OF NEWBORN","HYPERTENSION"
"BP_DIASTOLIC","R030","ELEVATED BLOOD-PRESSURE READING, WITHOUT DIAGNOSIS OF HYPERTENSION","HYPERTENSION; ELEVATED.*BLOOD.*PRESSURE"
"BP_SYSTOLIC","G932","BENIGN INTRACRANIAL HYPERTENSION","HYPERTENSION; BENIGN.*HYPERTENSION"
"BP_SYSTOLIC","H40051","OCULAR HYPERTENSION, RIGHT EYE","HYPERTENSION"
"BP_SYSTOLIC","H40052","OCULAR HYPERTENSION, LEFT EYE","HYPERTENSION"
"BP_SYSTOLIC","H40053","OCULAR HYPERTENSION, BILATERAL","HYPERTENSION"
"BP_SYSTOLIC","H40059","OCULAR HYPERTENSION, UNSPECIFIED EYE","HYPERTENSION"
"BP_SYSTOLIC","I10","ESSENTIAL (PRIMARY) HYPERTENSION","HYPERTENSION; ESSENTIAL.*HYPERTENSION; PRIMARY.*HYPERTENSION"
"BP_SYSTOLIC","I110","HYPERTENSIVE HEART DISEASE WITH HEART FAILURE","HYPERTENSIVE.*HEART.*DISEASE"
"BP_SYSTOLIC","I119","HYPERTENSIVE HEART DISEASE WITHOUT HEART FAILURE","HYPERTENSIVE.*HEART.*DISEASE"
"BP_SYSTOLIC","I120","HYPERTENSIVE CHRONIC KIDNEY DISEASE WITH STAGE 5 CHRONIC KIDNEY DISEASE OR END STAGE RENAL DISEASE","HYPERTENSIVE.*RENAL.*DISEASE; HYPERTENSIVE.*KIDNEY.*DISEASE"
"BP_SYSTOLIC","I129","HYPERTENSIVE CHRONIC KIDNEY DISEASE WITH STAGE 1 THROUGH STAGE 4 CHRONIC KIDNEY DISEASE, OR UNSPECIFIED CHRONIC KIDNEY DISEASE","HYPERTENSIVE.*KIDNEY.*DISEASE"
"BP_SYSTOLIC","I130","HYPERTENSIVE HEART AND CHRONIC KIDNEY DISEASE WITH HEART FAILURE AND STAGE 1 THROUGH STAGE 4 CHRONIC KIDNEY DISEASE, OR UNSPECIFIED CHRONIC KIDNEY DISEASE","HYPERTENSIVE.*HEART.*DISEASE; HYPERTENSIVE.*KIDNEY.*DISEASE"
"BP_SYSTOLIC","I1310","HYPERTENSIVE HEART AND CHRONIC KIDNEY DISEASE WITHOUT HEART FAILURE, WITH STAGE 1 THROUGH STAGE 4 CHRONIC KIDNEY DISEASE, OR UNSPECIFIED CHRONIC KIDNEY DISEASE","HYPERTENSIVE.*HEART.*DISEASE; HYPERTENSIVE.*KIDNEY.*DISEASE"
"BP_SYSTOLIC","I1311","HYPERTENSIVE HEART AND CHRONIC KIDNEY DISEASE WITHOUT HEART FAILURE, WITH STAGE 5 CHRONIC KIDNEY DISEASE, OR END STAGE RENAL DISEASE","HYPERTENSIVE.*HEART.*DISEASE; HYPERTENSIVE.*RENAL.*DISEASE; HYPERTENSIVE.*KIDNEY.*DISEASE"
"BP_SYSTOLIC","I132","HYPERTENSIVE HEART AND CHRONIC KIDNEY DISEASE WITH HEART FAILURE AND WITH STAGE 5 CHRONIC KIDNEY DISEASE, OR END STAGE RENAL DISEASE","HYPERTENSIVE.*HEART.*DISEASE; HYPERTENSIVE.*RENAL.*DISEASE; HYPERTENSIVE.*KIDNEY.*DISEASE"
"BP_SYSTOLIC","I150","RENOVASCULAR HYPERTENSION","HYPERTENSION"
"BP_SYSTOLIC","I151","HYPERTENSION SECONDARY TO OTHER RENAL DISORDERS","HYPERTENSION"
"BP_SYSTOLIC","I152","HYPERTENSION SECONDARY TO ENDOCRINE DISORDERS","HYPERTENSION"
"BP_SYSTOLIC","I158","OTHER SECONDARY HYPERTENSION","HYPERTENSION; SECONDARY.*HYPERTENSION"
"BP_SYSTOLIC","I159","SECONDARY HYPERTENSION, UNSPECIFIED","HYPERTENSION; SECONDARY.*HYPERTENSION"
"BP_SYSTOLIC","I160","HYPERTENSIVE URGENCY","HYPERTENSIVE.*URGENCY"
"BP_SYSTOLIC","I161","HYPERTENSIVE EMERGENCY","HYPERTENSIVE.*EMERGENCY"
"BP_SYSTOLIC","I169","HYPERTENSIVE CRISIS, UNSPECIFIED","HYPERTENSIVE.*CRISIS"
"BP_SYSTOLIC","I1A0","RESISTANT HYPERTENSION","HYPERTENSION"
"BP_SYSTOLIC","I270","PRIMARY PULMONARY HYPERTENSION","HYPERTENSION; PRIMARY.*HYPERTENSION"
"BP_SYSTOLIC","I2720","PULMONARY HYPERTENSION, UNSPECIFIED","HYPERTENSION"
"BP_SYSTOLIC","I2721","SECONDARY PULMONARY ARTERIAL HYPERTENSION","HYPERTENSION; SECONDARY.*HYPERTENSION"
"BP_SYSTOLIC","I2722","PULMONARY HYPERTENSION DUE TO LEFT HEART DISEASE","HYPERTENSION"
"BP_SYSTOLIC","I2723","PULMONARY HYPERTENSION DUE TO LUNG DISEASES AND HYPOXIA","HYPERTENSION"
"BP_SYSTOLIC","I2724","CHRONIC THROMBOEMBOLIC PULMONARY HYPERTENSION","HYPERTENSION"
"BP_SYSTOLIC","I2729","OTHER SECONDARY PULMONARY HYPERTENSION","HYPERTENSION; SECONDARY.*HYPERTENSION"
"BP_SYSTOLIC","I87301","CHRONIC VENOUS HYPERTENSION (IDIOPATHIC) WITHOUT COMPLICATIONS OF RIGHT LOWER EXTREMITY","HYPERTENSION"
"BP_SYSTOLIC","I87302","CHRONIC VENOUS HYPERTENSION (IDIOPATHIC) WITHOUT COMPLICATIONS OF LEFT LOWER EXTREMITY","HYPERTENSION"
"BP_SYSTOLIC","I87303","CHRONIC VENOUS HYPERTENSION (IDIOPATHIC) WITHOUT COMPLICATIONS OF BILATERAL LOWER EXTREMITY","HYPERTENSION"
"BP_SYSTOLIC","I87309","CHRONIC VENOUS HYPERTENSION (IDIOPATHIC) WITHOUT COMPLICATIONS OF UNSPECIFIED LOWER EXTREMITY","HYPERTENSION"
"BP_SYSTOLIC","I87311","CHRONIC VENOUS HYPERTENSION (IDIOPATHIC) WITH ULCER OF RIGHT LOWER EXTREMITY","HYPERTENSION"
"BP_SYSTOLIC","I87312","CHRONIC VENOUS HYPERTENSION (IDIOPATHIC) WITH ULCER OF LEFT LOWER EXTREMITY","HYPERTENSION"
"BP_SYSTOLIC","I87313","CHRONIC VENOUS HYPERTENSION (IDIOPATHIC) WITH ULCER OF BILATERAL LOWER EXTREMITY","HYPERTENSION"
"BP_SYSTOLIC","I87319","CHRONIC VENOUS HYPERTENSION (IDIOPATHIC) WITH ULCER OF UNSPECIFIED LOWER EXTREMITY","HYPERTENSION"
"BP_SYSTOLIC","I87321","CHRONIC VENOUS HYPERTENSION (IDIOPATHIC) WITH INFLAMMATION OF RIGHT LOWER EXTREMITY","HYPERTENSION"
"BP_SYSTOLIC","I87322","CHRONIC VENOUS HYPERTENSION (IDIOPATHIC) WITH INFLAMMATION OF LEFT LOWER EXTREMITY","HYPERTENSION"
"BP_SYSTOLIC","I87323","CHRONIC VENOUS HYPERTENSION (IDIOPATHIC) WITH INFLAMMATION OF BILATERAL LOWER EXTREMITY","HYPERTENSION"
"BP_SYSTOLIC","I87329","CHRONIC VENOUS HYPERTENSION (IDIOPATHIC) WITH INFLAMMATION OF UNSPECIFIED LOWER EXTREMITY","HYPERTENSION"
"BP_SYSTOLIC","I87331","CHRONIC VENOUS HYPERTENSION (IDIOPATHIC) WITH ULCER AND INFLAMMATION OF RIGHT LOWER EXTREMITY","HYPERTENSION"
"BP_SYSTOLIC","I87332","CHRONIC VENOUS HYPERTENSION (IDIOPATHIC) WITH ULCER AND INFLAMMATION OF LEFT LOWER EXTREMITY","HYPERTENSION"
"BP_SYSTOLIC","I87333","CHRONIC VENOUS HYPERTENSION (IDIOPATHIC) WITH ULCER AND INFLAMMATION OF BILATERAL LOWER EXTREMITY","HYPERTENSION"
"BP_SYSTOLIC","I87339","CHRONIC VENOUS HYPERTENSION (IDIOPATHIC) WITH ULCER AND INFLAMMATION OF UNSPECIFIED LOWER EXTREMITY","HYPERTENSION"
"BP_SYSTOLIC","I87391","CHRONIC VENOUS HYPERTENSION (IDIOPATHIC) WITH OTHER COMPLICATIONS OF RIGHT LOWER EXTREMITY","HYPERTENSION"
"BP_SYSTOLIC","I87392","CHRONIC VENOUS HYPERTENSION (IDIOPATHIC) WITH OTHER COMPLICATIONS OF LEFT LOWER EXTREMITY","HYPERTENSION"
"BP_SYSTOLIC","I87393","CHRONIC VENOUS HYPERTENSION (IDIOPATHIC) WITH OTHER COMPLICATIONS OF BILATERAL LOWER EXTREMITY","HYPERTENSION"
"BP_SYSTOLIC","I87399","CHRONIC VENOUS HYPERTENSION (IDIOPATHIC) WITH OTHER COMPLICATIONS OF UNSPECIFIED LOWER EXTREMITY","HYPERTENSION"
"BP_SYSTOLIC","I973","POSTPROCEDURAL HYPERTENSION","HYPERTENSION"
"BP_SYSTOLIC","K766","PORTAL HYPERTENSION","HYPERTENSION"
"BP_SYSTOLIC","O10011","PRE-EXISTING ESSENTIAL HYPERTENSION COMPLICATING PREGNANCY, FIRST TRIMESTER","HYPERTENSION; ESSENTIAL.*HYPERTENSION"
"BP_SYSTOLIC","O10012","PRE-EXISTING ESSENTIAL HYPERTENSION COMPLICATING PREGNANCY, SECOND TRIMESTER","HYPERTENSION; ESSENTIAL.*HYPERTENSION"
"BP_SYSTOLIC","O10013","PRE-EXISTING ESSENTIAL HYPERTENSION COMPLICATING PREGNANCY, THIRD TRIMESTER","HYPERTENSION; ESSENTIAL.*HYPERTENSION"
"BP_SYSTOLIC","O10019","PRE-EXISTING ESSENTIAL HYPERTENSION COMPLICATING PREGNANCY, UNSPECIFIED TRIMESTER","HYPERTENSION; ESSENTIAL.*HYPERTENSION"
"BP_SYSTOLIC","O1002","PRE-EXISTING ESSENTIAL HYPERTENSION COMPLICATING CHILDBIRTH","HYPERTENSION; ESSENTIAL.*HYPERTENSION"
"BP_SYSTOLIC","O1003","PRE-EXISTING ESSENTIAL HYPERTENSION COMPLICATING THE PUERPERIUM","HYPERTENSION; ESSENTIAL.*HYPERTENSION"
"BP_SYSTOLIC","O10111","PRE-EXISTING HYPERTENSIVE HEART DISEASE COMPLICATING PREGNANCY, FIRST TRIMESTER","HYPERTENSIVE.*HEART.*DISEASE"
"BP_SYSTOLIC","O10112","PRE-EXISTING HYPERTENSIVE HEART DISEASE COMPLICATING PREGNANCY, SECOND TRIMESTER","HYPERTENSIVE.*HEART.*DISEASE"
"BP_SYSTOLIC","O10113","PRE-EXISTING HYPERTENSIVE HEART DISEASE COMPLICATING PREGNANCY, THIRD TRIMESTER","HYPERTENSIVE.*HEART.*DISEASE"
"BP_SYSTOLIC","O10119","PRE-EXISTING HYPERTENSIVE HEART DISEASE COMPLICATING PREGNANCY, UNSPECIFIED TRIMESTER","HYPERTENSIVE.*HEART.*DISEASE"
"BP_SYSTOLIC","O1012","PRE-EXISTING HYPERTENSIVE HEART DISEASE COMPLICATING CHILDBIRTH","HYPERTENSIVE.*HEART.*DISEASE"
"BP_SYSTOLIC","O1013","PRE-EXISTING HYPERTENSIVE HEART DISEASE COMPLICATING THE PUERPERIUM","HYPERTENSIVE.*HEART.*DISEASE"
"BP_SYSTOLIC","O10211","PRE-EXISTING HYPERTENSIVE CHRONIC KIDNEY DISEASE COMPLICATING PREGNANCY, FIRST TRIMESTER","HYPERTENSIVE.*KIDNEY.*DISEASE"
"BP_SYSTOLIC","O10212","PRE-EXISTING HYPERTENSIVE CHRONIC KIDNEY DISEASE COMPLICATING PREGNANCY, SECOND TRIMESTER","HYPERTENSIVE.*KIDNEY.*DISEASE"
"BP_SYSTOLIC","O10213","PRE-EXISTING HYPERTENSIVE CHRONIC KIDNEY DISEASE COMPLICATING PREGNANCY, THIRD TRIMESTER","HYPERTENSIVE.*KIDNEY.*DISEASE"
"BP_SYSTOLIC","O10219","PRE-EXISTING HYPERTENSIVE CHRONIC KIDNEY DISEASE COMPLICATING PREGNANCY, UNSPECIFIED TRIMESTER","HYPERTENSIVE.*KIDNEY.*DISEASE"
"BP_SYSTOLIC","O1022","PRE-EXISTING HYPERTENSIVE CHRONIC KIDNEY DISEASE COMPLICATING CHILDBIRTH","HYPERTENSIVE.*KIDNEY.*DISEASE"
"BP_SYSTOLIC","O1023","PRE-EXISTING HYPERTENSIVE CHRONIC KIDNEY DISEASE COMPLICATING THE PUERPERIUM","HYPERTENSIVE.*KIDNEY.*DISEASE"
"BP_SYSTOLIC","O10311","PRE-EXISTING HYPERTENSIVE HEART AND CHRONIC KIDNEY DISEASE COMPLICATING PREGNANCY, FIRST TRIMESTER","HYPERTENSIVE.*HEART.*DISEASE; HYPERTENSIVE.*KIDNEY.*DISEASE"
"BP_SYSTOLIC","O10312","PRE-EXISTING HYPERTENSIVE HEART AND CHRONIC KIDNEY DISEASE COMPLICATING PREGNANCY, SECOND TRIMESTER","HYPERTENSIVE.*HEART.*DISEASE; HYPERTENSIVE.*KIDNEY.*DISEASE"
"BP_SYSTOLIC","O10313","PRE-EXISTING HYPERTENSIVE HEART AND CHRONIC KIDNEY DISEASE COMPLICATING PREGNANCY, THIRD TRIMESTER","HYPERTENSIVE.*HEART.*DISEASE; HYPERTENSIVE.*KIDNEY.*DISEASE"
"BP_SYSTOLIC","O10319","PRE-EXISTING HYPERTENSIVE HEART AND CHRONIC KIDNEY DISEASE COMPLICATING PREGNANCY, UNSPECIFIED TRIMESTER","HYPERTENSIVE.*HEART.*DISEASE; HYPERTENSIVE.*KIDNEY.*DISEASE"
"BP_SYSTOLIC","O1032","PRE-EXISTING HYPERTENSIVE HEART AND CHRONIC KIDNEY DISEASE COMPLICATING CHILDBIRTH","HYPERTENSIVE.*HEART.*DISEASE; HYPERTENSIVE.*KIDNEY.*DISEASE"
"BP_SYSTOLIC","O1033","PRE-EXISTING HYPERTENSIVE HEART AND CHRONIC KIDNEY DISEASE COMPLICATING THE PUERPERIUM","HYPERTENSIVE.*HEART.*DISEASE; HYPERTENSIVE.*KIDNEY.*DISEASE"
"BP_SYSTOLIC","O10411","PRE-EXISTING SECONDARY HYPERTENSION COMPLICATING PREGNANCY, FIRST TRIMESTER","HYPERTENSION; SECONDARY.*HYPERTENSION"
"BP_SYSTOLIC","O10412","PRE-EXISTING SECONDARY HYPERTENSION COMPLICATING PREGNANCY, SECOND TRIMESTER","HYPERTENSION; SECONDARY.*HYPERTENSION"
"BP_SYSTOLIC","O10413","PRE-EXISTING SECONDARY HYPERTENSION COMPLICATING PREGNANCY, THIRD TRIMESTER","HYPERTENSION; SECONDARY.*HYPERTENSION"
"BP_SYSTOLIC","O10419","PRE-EXISTING SECONDARY HYPERTENSION COMPLICATING PREGNANCY, UNSPECIFIED TRIMESTER","HYPERTENSION; SECONDARY.*HYPERTENSION"
"BP_SYSTOLIC","O1042","PRE-EXISTING SECONDARY HYPERTENSION COMPLICATING CHILDBIRTH","HYPERTENSION; SECONDARY.*HYPERTENSION"
"BP_SYSTOLIC","O1043","PRE-EXISTING SECONDARY HYPERTENSION COMPLICATING THE PUERPERIUM","HYPERTENSION; SECONDARY.*HYPERTENSION"
"BP_SYSTOLIC","O10911","UNSPECIFIED PRE-EXISTING HYPERTENSION COMPLICATING PREGNANCY, FIRST TRIMESTER","HYPERTENSION"
"BP_SYSTOLIC","O10912","UNSPECIFIED PRE-EXISTING HYPERTENSION COMPLICATING PREGNANCY, SECOND TRIMESTER","HYPERTENSION"
"BP_SYSTOLIC","O10913","UNSPECIFIED PRE-EXISTING HYPERTENSION COMPLICATING PREGNANCY, THIRD TRIMESTER","HYPERTENSION"
"BP_SYSTOLIC","O10919","UNSPECIFIED PRE-EXISTING HYPERTENSION COMPLICATING PREGNANCY, UNSPECIFIED TRIMESTER","HYPERTENSION"
"BP_SYSTOLIC","O1092","UNSPECIFIED PRE-EXISTING HYPERTENSION COMPLICATING CHILDBIRTH","HYPERTENSION"
"BP_SYSTOLIC","O1093","UNSPECIFIED PRE-EXISTING HYPERTENSION COMPLICATING THE PUERPERIUM","HYPERTENSION"
"BP_SYSTOLIC","O111","PRE-EXISTING HYPERTENSION WITH PRE-ECLAMPSIA, FIRST TRIMESTER","HYPERTENSION"
"BP_SYSTOLIC","O112","PRE-EXISTING HYPERTENSION WITH PRE-ECLAMPSIA, SECOND TRIMESTER","HYPERTENSION"
"BP_SYSTOLIC","O113","PRE-EXISTING HYPERTENSION WITH PRE-ECLAMPSIA, THIRD TRIMESTER","HYPERTENSION"
"BP_SYSTOLIC","O114","PRE-EXISTING HYPERTENSION WITH PRE-ECLAMPSIA, COMPLICATING CHILDBIRTH","HYPERTENSION"
"BP_SYSTOLIC","O115","PRE-EXISTING HYPERTENSION WITH PRE-ECLAMPSIA, COMPLICATING THE PUERPERIUM","HYPERTENSION"
"BP_SYSTOLIC","O119","PRE-EXISTING HYPERTENSION WITH PRE-ECLAMPSIA, UNSPECIFIED TRIMESTER","HYPERTENSION"
"BP_SYSTOLIC","O131","GESTATIONAL [PREGNANCY-INDUCED] HYPERTENSION WITHOUT SIGNIFICANT PROTEINURIA, FIRST TRIMESTER","HYPERTENSION"
"BP_SYSTOLIC","O132","GESTATIONAL [PREGNANCY-INDUCED] HYPERTENSION WITHOUT SIGNIFICANT PROTEINURIA, SECOND TRIMESTER","HYPERTENSION"
"BP_SYSTOLIC","O133","GESTATIONAL [PREGNANCY-INDUCED] HYPERTENSION WITHOUT SIGNIFICANT PROTEINURIA, THIRD TRIMESTER","HYPERTENSION"
"BP_SYSTOLIC","O134","GESTATIONAL [PREGNANCY-INDUCED] HYPERTENSION WITHOUT SIGNIFICANT PROTEINURIA, COMPLICATING CHILDBIRTH","HYPERTENSION"
"BP_SYSTOLIC","O135","GESTATIONAL [PREGNANCY-INDUCED] HYPERTENSION WITHOUT SIGNIFICANT PROTEINURIA, COMPLICATING THE PUERPERIUM","HYPERTENSION"
"BP_SYSTOLIC","O139","GESTATIONAL [PREGNANCY-INDUCED] HYPERTENSION WITHOUT SIGNIFICANT PROTEINURIA, UNSPECIFIED TRIMESTER","HYPERTENSION"
"BP_SYSTOLIC","O161","UNSPECIFIED MATERNAL HYPERTENSION, FIRST TRIMESTER","HYPERTENSION"
"BP_SYSTOLIC","O162","UNSPECIFIED MATERNAL HYPERTENSION, SECOND TRIMESTER","HYPERTENSION"
"BP_SYSTOLIC","O163","UNSPECIFIED MATERNAL HYPERTENSION, THIRD TRIMESTER","HYPERTENSION"
"BP_SYSTOLIC","O164","UNSPECIFIED MATERNAL HYPERTENSION, COMPLICATING CHILDBIRTH","HYPERTENSION"
"BP_SYSTOLIC","O165","UNSPECIFIED MATERNAL HYPERTENSION, COMPLICATING THE PUERPERIUM","HYPERTENSION"
"BP_SYSTOLIC","O169","UNSPECIFIED MATERNAL HYPERTENSION, UNSPECIFIED TRIMESTER","HYPERTENSION"
"BP_SYSTOLIC","P292","NEONATAL HYPERTENSION","HYPERTENSION"
"BP_SYSTOLIC","P2930","PULMONARY HYPERTENSION OF NEWBORN","HYPERTENSION"
"BP_SYSTOLIC","R030","ELEVATED BLOOD-PRESSURE READING, WITHOUT DIAGNOSIS OF HYPERTENSION","HYPERTENSION; ELEVATED.*BLOOD.*PRESSURE"
"CHOL","E7800","PURE HYPERCHOLESTEROLEMIA, UNSPECIFIED","HYPERCHOLESTEROLEMIA"
"CHOL","E78010","HOMOZYGOUS FAMILIAL HYPERCHOLESTEROLEMIA [HOFH]","HYPERCHOLESTEROLEMIA; FAMILIAL.*HYPERCHOLESTEROLEMIA"
"CHOL","E78011","HETEROZYGOUS FAMILIAL HYPERCHOLESTEROLEMIA [HEFH]","HYPERCHOLESTEROLEMIA; FAMILIAL.*HYPERCHOLESTEROLEMIA"
"CHOL","E78019","FAMILIAL HYPERCHOLESTEROLEMIA, UNSPECIFIED","HYPERCHOLESTEROLEMIA; FAMILIAL.*HYPERCHOLESTEROLEMIA"
"CHOL","E782","MIXED HYPERLIPIDEMIA","HYPERLIPIDEMIA; MIXED.*HYPERLIPIDEMIA"
"CHOL","E7849","OTHER HYPERLIPIDEMIA","HYPERLIPIDEMIA"
"CHOL","E785","HYPERLIPIDEMIA, UNSPECIFIED","HYPERLIPIDEMIA"
"CHOL","I25700","ATHEROSCLEROSIS OF CORONARY ARTERY BYPASS GRAFT(S), UNSPECIFIED, WITH UNSTABLE ANGINA PECTORIS","ATHEROSCLEROSIS"
"CHOL","I25701","ATHEROSCLEROSIS OF CORONARY ARTERY BYPASS GRAFT(S), UNSPECIFIED, WITH ANGINA PECTORIS WITH DOCUMENTED SPASM","ATHEROSCLEROSIS"
"CHOL","I25702","ATHEROSCLEROSIS OF CORONARY ARTERY BYPASS GRAFT(S), UNSPECIFIED, WITH REFRACTORY ANGINA PECTORIS","ATHEROSCLEROSIS"
"CHOL","I25708","ATHEROSCLEROSIS OF CORONARY ARTERY BYPASS GRAFT(S), UNSPECIFIED, WITH OTHER FORMS OF ANGINA PECTORIS","ATHEROSCLEROSIS"
"CHOL","I25709","ATHEROSCLEROSIS OF CORONARY ARTERY BYPASS GRAFT(S), UNSPECIFIED, WITH UNSPECIFIED ANGINA PECTORIS","ATHEROSCLEROSIS"
"CHOL","I25710","ATHEROSCLEROSIS OF AUTOLOGOUS VEIN CORONARY ARTERY BYPASS GRAFT(S) WITH UNSTABLE ANGINA PECTORIS","ATHEROSCLEROSIS"
"CHOL","I25711","ATHEROSCLEROSIS OF AUTOLOGOUS VEIN CORONARY ARTERY BYPASS GRAFT(S) WITH ANGINA PECTORIS WITH DOCUMENTED SPASM","ATHEROSCLEROSIS"
"CHOL","I25712","ATHEROSCLEROSIS OF AUTOLOGOUS VEIN CORONARY ARTERY BYPASS GRAFT(S) WITH REFRACTORY ANGINA PECTORIS","ATHEROSCLEROSIS"
"CHOL","I25718","ATHEROSCLEROSIS OF AUTOLOGOUS VEIN CORONARY ARTERY BYPASS GRAFT(S) WITH OTHER FORMS OF ANGINA PECTORIS","ATHEROSCLEROSIS"
"CHOL","I25719","ATHEROSCLEROSIS OF AUTOLOGOUS VEIN CORONARY ARTERY BYPASS GRAFT(S) WITH UNSPECIFIED ANGINA PECTORIS","ATHEROSCLEROSIS"
"CHOL","I25720","ATHEROSCLEROSIS OF AUTOLOGOUS ARTERY CORONARY ARTERY BYPASS GRAFT(S) WITH UNSTABLE ANGINA PECTORIS","ATHEROSCLEROSIS"
"CHOL","I25721","ATHEROSCLEROSIS OF AUTOLOGOUS ARTERY CORONARY ARTERY BYPASS GRAFT(S) WITH ANGINA PECTORIS WITH DOCUMENTED SPASM","ATHEROSCLEROSIS"
"CHOL","I25722","ATHEROSCLEROSIS OF AUTOLOGOUS ARTERY CORONARY ARTERY BYPASS GRAFT(S) WITH REFRACTORY ANGINA PECTORIS","ATHEROSCLEROSIS"
"CHOL","I25728","ATHEROSCLEROSIS OF AUTOLOGOUS ARTERY CORONARY ARTERY BYPASS GRAFT(S) WITH OTHER FORMS OF ANGINA PECTORIS","ATHEROSCLEROSIS"
"CHOL","I25729","ATHEROSCLEROSIS OF AUTOLOGOUS ARTERY CORONARY ARTERY BYPASS GRAFT(S) WITH UNSPECIFIED ANGINA PECTORIS","ATHEROSCLEROSIS"
"CHOL","I25730","ATHEROSCLEROSIS OF NONAUTOLOGOUS BIOLOGICAL CORONARY ARTERY BYPASS GRAFT(S) WITH UNSTABLE ANGINA PECTORIS","ATHEROSCLEROSIS"
"CHOL","I25731","ATHEROSCLEROSIS OF NONAUTOLOGOUS BIOLOGICAL CORONARY ARTERY BYPASS GRAFT(S) WITH ANGINA PECTORIS WITH DOCUMENTED SPASM","ATHEROSCLEROSIS"
"CHOL","I25732","ATHEROSCLEROSIS OF NONAUTOLOGOUS BIOLOGICAL CORONARY ARTERY BYPASS GRAFT(S) WITH REFRACTORY ANGINA PECTORIS","ATHEROSCLEROSIS"
"CHOL","I25738","ATHEROSCLEROSIS OF NONAUTOLOGOUS BIOLOGICAL CORONARY ARTERY BYPASS GRAFT(S) WITH OTHER FORMS OF ANGINA PECTORIS","ATHEROSCLEROSIS"
"CHOL","I25739","ATHEROSCLEROSIS OF NONAUTOLOGOUS BIOLOGICAL CORONARY ARTERY BYPASS GRAFT(S) WITH UNSPECIFIED ANGINA PECTORIS","ATHEROSCLEROSIS"
"CHOL","I25750","ATHEROSCLEROSIS OF NATIVE CORONARY ARTERY OF TRANSPLANTED HEART WITH UNSTABLE ANGINA","ATHEROSCLEROSIS"
"CHOL","I25751","ATHEROSCLEROSIS OF NATIVE CORONARY ARTERY OF TRANSPLANTED HEART WITH ANGINA PECTORIS WITH DOCUMENTED SPASM","ATHEROSCLEROSIS"
"CHOL","I25752","ATHEROSCLEROSIS OF NATIVE CORONARY ARTERY OF TRANSPLANTED HEART WITH REFRACTORY ANGINA PECTORIS","ATHEROSCLEROSIS"
"CHOL","I25758","ATHEROSCLEROSIS OF NATIVE CORONARY ARTERY OF TRANSPLANTED HEART WITH OTHER FORMS OF ANGINA PECTORIS","ATHEROSCLEROSIS"
"CHOL","I25759","ATHEROSCLEROSIS OF NATIVE CORONARY ARTERY OF TRANSPLANTED HEART WITH UNSPECIFIED ANGINA PECTORIS","ATHEROSCLEROSIS"
"CHOL","I25760","ATHEROSCLEROSIS OF BYPASS GRAFT OF CORONARY ARTERY OF TRANSPLANTED HEART WITH UNSTABLE ANGINA","ATHEROSCLEROSIS"
"CHOL","I25761","ATHEROSCLEROSIS OF BYPASS GRAFT OF CORONARY ARTERY OF TRANSPLANTED HEART WITH ANGINA PECTORIS WITH DOCUMENTED SPASM","ATHEROSCLEROSIS"
"CHOL","I25762","ATHEROSCLEROSIS OF BYPASS GRAFT OF CORONARY ARTERY OF TRANSPLANTED HEART WITH REFRACTORY ANGINA PECTORIS","ATHEROSCLEROSIS"
"CHOL","I25768","ATHEROSCLEROSIS OF BYPASS GRAFT OF CORONARY ARTERY OF TRANSPLANTED HEART WITH OTHER FORMS OF ANGINA PECTORIS","ATHEROSCLEROSIS"
"CHOL","I25769","ATHEROSCLEROSIS OF BYPASS GRAFT OF CORONARY ARTERY OF TRANSPLANTED HEART WITH UNSPECIFIED ANGINA PECTORIS","ATHEROSCLEROSIS"
"CHOL","I25790","ATHEROSCLEROSIS OF OTHER CORONARY ARTERY BYPASS GRAFT(S) WITH UNSTABLE ANGINA PECTORIS","ATHEROSCLEROSIS"
"CHOL","I25791","ATHEROSCLEROSIS OF OTHER CORONARY ARTERY BYPASS GRAFT(S) WITH ANGINA PECTORIS WITH DOCUMENTED SPASM","ATHEROSCLEROSIS"
"CHOL","I25792","ATHEROSCLEROSIS OF OTHER CORONARY ARTERY BYPASS GRAFT(S) WITH REFRACTORY ANGINA PECTORIS","ATHEROSCLEROSIS"
"CHOL","I25798","ATHEROSCLEROSIS OF OTHER CORONARY ARTERY BYPASS GRAFT(S) WITH OTHER FORMS OF ANGINA PECTORIS","ATHEROSCLEROSIS"
"CHOL","I25799","ATHEROSCLEROSIS OF OTHER CORONARY ARTERY BYPASS GRAFT(S) WITH UNSPECIFIED ANGINA PECTORIS","ATHEROSCLEROSIS"
"CHOL","I25810","ATHEROSCLEROSIS OF CORONARY ARTERY BYPASS GRAFT(S) WITHOUT ANGINA PECTORIS","ATHEROSCLEROSIS"
"CHOL","I25811","ATHEROSCLEROSIS OF NATIVE CORONARY ARTERY OF TRANSPLANTED HEART WITHOUT ANGINA PECTORIS","ATHEROSCLEROSIS"
"CHOL","I25812","ATHEROSCLEROSIS OF BYPASS GRAFT OF CORONARY ARTERY OF TRANSPLANTED HEART WITHOUT ANGINA PECTORIS","ATHEROSCLEROSIS"
"CHOL","I2583","CORONARY ATHEROSCLEROSIS DUE TO LIPID RICH PLAQUE","ATHEROSCLEROSIS"
"CHOL","I2584","CORONARY ATHEROSCLEROSIS DUE TO CALCIFIED CORONARY LESION","ATHEROSCLEROSIS"
"CHOL","I672","CEREBRAL ATHEROSCLEROSIS","ATHEROSCLEROSIS"
"CHOL","I700","ATHEROSCLEROSIS OF AORTA","ATHEROSCLEROSIS"
"CHOL","I701","ATHEROSCLEROSIS OF RENAL ARTERY","ATHEROSCLEROSIS"
"CHOL","I70201","UNSPECIFIED ATHEROSCLEROSIS OF NATIVE ARTERIES OF EXTREMITIES, RIGHT LEG","ATHEROSCLEROSIS"
"CHOL","I70202","UNSPECIFIED ATHEROSCLEROSIS OF NATIVE ARTERIES OF EXTREMITIES, LEFT LEG","ATHEROSCLEROSIS"
"CHOL","I70203","UNSPECIFIED ATHEROSCLEROSIS OF NATIVE ARTERIES OF EXTREMITIES, BILATERAL LEGS","ATHEROSCLEROSIS"
"CHOL","I70208","UNSPECIFIED ATHEROSCLEROSIS OF NATIVE ARTERIES OF EXTREMITIES, OTHER EXTREMITY","ATHEROSCLEROSIS"
"CHOL","I70209","UNSPECIFIED ATHEROSCLEROSIS OF NATIVE ARTERIES OF EXTREMITIES, UNSPECIFIED EXTREMITY","ATHEROSCLEROSIS"
"CHOL","I70211","ATHEROSCLEROSIS OF NATIVE ARTERIES OF EXTREMITIES WITH INTERMITTENT CLAUDICATION, RIGHT LEG","ATHEROSCLEROSIS"
"CHOL","I70212","ATHEROSCLEROSIS OF NATIVE ARTERIES OF EXTREMITIES WITH INTERMITTENT CLAUDICATION, LEFT LEG","ATHEROSCLEROSIS"
"CHOL","I70213","ATHEROSCLEROSIS OF NATIVE ARTERIES OF EXTREMITIES WITH INTERMITTENT CLAUDICATION, BILATERAL LEGS","ATHEROSCLEROSIS"
"CHOL","I70218","ATHEROSCLEROSIS OF NATIVE ARTERIES OF EXTREMITIES WITH INTERMITTENT CLAUDICATION, OTHER EXTREMITY","ATHEROSCLEROSIS"
"CHOL","I70219","ATHEROSCLEROSIS OF NATIVE ARTERIES OF EXTREMITIES WITH INTERMITTENT CLAUDICATION, UNSPECIFIED EXTREMITY","ATHEROSCLEROSIS"
"CHOL","I70221","ATHEROSCLEROSIS OF NATIVE ARTERIES OF EXTREMITIES WITH REST PAIN, RIGHT LEG","ATHEROSCLEROSIS"
"CHOL","I70222","ATHEROSCLEROSIS OF NATIVE ARTERIES OF EXTREMITIES WITH REST PAIN, LEFT LEG","ATHEROSCLEROSIS"
"CHOL","I70223","ATHEROSCLEROSIS OF NATIVE ARTERIES OF EXTREMITIES WITH REST PAIN, BILATERAL LEGS","ATHEROSCLEROSIS"
"CHOL","I70228","ATHEROSCLEROSIS OF NATIVE ARTERIES OF EXTREMITIES WITH REST PAIN, OTHER EXTREMITY","ATHEROSCLEROSIS"
"CHOL","I70229","ATHEROSCLEROSIS OF NATIVE ARTERIES OF EXTREMITIES WITH REST PAIN, UNSPECIFIED EXTREMITY","ATHEROSCLEROSIS"
"CHOL","I70231","ATHEROSCLEROSIS OF NATIVE ARTERIES OF RIGHT LEG WITH ULCERATION OF THIGH","ATHEROSCLEROSIS"
"CHOL","I70232","ATHEROSCLEROSIS OF NATIVE ARTERIES OF RIGHT LEG WITH ULCERATION OF CALF","ATHEROSCLEROSIS"
"CHOL","I70233","ATHEROSCLEROSIS OF NATIVE ARTERIES OF RIGHT LEG WITH ULCERATION OF ANKLE","ATHEROSCLEROSIS"
"CHOL","I70234","ATHEROSCLEROSIS OF NATIVE ARTERIES OF RIGHT LEG WITH ULCERATION OF HEEL AND MIDFOOT","ATHEROSCLEROSIS"
"CHOL","I70235","ATHEROSCLEROSIS OF NATIVE ARTERIES OF RIGHT LEG WITH ULCERATION OF OTHER PART OF FOOT","ATHEROSCLEROSIS"
"CHOL","I70238","ATHEROSCLEROSIS OF NATIVE ARTERIES OF RIGHT LEG WITH ULCERATION OF OTHER PART OF LOWER LEG","ATHEROSCLEROSIS"
"CHOL","I70239","ATHEROSCLEROSIS OF NATIVE ARTERIES OF RIGHT LEG WITH ULCERATION OF UNSPECIFIED SITE","ATHEROSCLEROSIS"
"CHOL","I70241","ATHEROSCLEROSIS OF NATIVE ARTERIES OF LEFT LEG WITH ULCERATION OF THIGH","ATHEROSCLEROSIS"
"CHOL","I70242","ATHEROSCLEROSIS OF NATIVE ARTERIES OF LEFT LEG WITH ULCERATION OF CALF","ATHEROSCLEROSIS"
"CHOL","I70243","ATHEROSCLEROSIS OF NATIVE ARTERIES OF LEFT LEG WITH ULCERATION OF ANKLE","ATHEROSCLEROSIS"
"CHOL","I70244","ATHEROSCLEROSIS OF NATIVE ARTERIES OF LEFT LEG WITH ULCERATION OF HEEL AND MIDFOOT","ATHEROSCLEROSIS"
"CHOL","I70245","ATHEROSCLEROSIS OF NATIVE ARTERIES OF LEFT LEG WITH ULCERATION OF OTHER PART OF FOOT","ATHEROSCLEROSIS"
"CHOL","I70248","ATHEROSCLEROSIS OF NATIVE ARTERIES OF LEFT LEG WITH ULCERATION OF OTHER PART OF LOWER LEG","ATHEROSCLEROSIS"
"CHOL","I70249","ATHEROSCLEROSIS OF NATIVE ARTERIES OF LEFT LEG WITH ULCERATION OF UNSPECIFIED SITE","ATHEROSCLEROSIS"
"CHOL","I7025","ATHEROSCLEROSIS OF NATIVE ARTERIES OF OTHER EXTREMITIES WITH ULCERATION","ATHEROSCLEROSIS"
"CHOL","I70261","ATHEROSCLEROSIS OF NATIVE ARTERIES OF EXTREMITIES WITH GANGRENE, RIGHT LEG","ATHEROSCLEROSIS"
"CHOL","I70262","ATHEROSCLEROSIS OF NATIVE ARTERIES OF EXTREMITIES WITH GANGRENE, LEFT LEG","ATHEROSCLEROSIS"
"CHOL","I70263","ATHEROSCLEROSIS OF NATIVE ARTERIES OF EXTREMITIES WITH GANGRENE, BILATERAL LEGS","ATHEROSCLEROSIS"
"CHOL","I70268","ATHEROSCLEROSIS OF NATIVE ARTERIES OF EXTREMITIES WITH GANGRENE, OTHER EXTREMITY","ATHEROSCLEROSIS"
"CHOL","I70269","ATHEROSCLEROSIS OF NATIVE ARTERIES OF EXTREMITIES WITH GANGRENE, UNSPECIFIED EXTREMITY","ATHEROSCLEROSIS"
"CHOL","I70291","OTHER ATHEROSCLEROSIS OF NATIVE ARTERIES OF EXTREMITIES, RIGHT LEG","ATHEROSCLEROSIS"
"CHOL","I70292","OTHER ATHEROSCLEROSIS OF NATIVE ARTERIES OF EXTREMITIES, LEFT LEG","ATHEROSCLEROSIS"
"CHOL","I70293","OTHER ATHEROSCLEROSIS OF NATIVE ARTERIES OF EXTREMITIES, BILATERAL LEGS","ATHEROSCLEROSIS"
"CHOL","I70298","OTHER ATHEROSCLEROSIS OF NATIVE ARTERIES OF EXTREMITIES, OTHER EXTREMITY","ATHEROSCLEROSIS"
"CHOL","I70299","OTHER ATHEROSCLEROSIS OF NATIVE ARTERIES OF EXTREMITIES, UNSPECIFIED EXTREMITY","ATHEROSCLEROSIS"
"CHOL","I70301","UNSPECIFIED ATHEROSCLEROSIS OF UNSPECIFIED TYPE OF BYPASS GRAFT(S) OF THE EXTREMITIES, RIGHT LEG","ATHEROSCLEROSIS"
"CHOL","I70302","UNSPECIFIED ATHEROSCLEROSIS OF UNSPECIFIED TYPE OF BYPASS GRAFT(S) OF THE EXTREMITIES, LEFT LEG","ATHEROSCLEROSIS"
"CHOL","I70303","UNSPECIFIED ATHEROSCLEROSIS OF UNSPECIFIED TYPE OF BYPASS GRAFT(S) OF THE EXTREMITIES, BILATERAL LEGS","ATHEROSCLEROSIS"
"CHOL","I70308","UNSPECIFIED ATHEROSCLEROSIS OF UNSPECIFIED TYPE OF BYPASS GRAFT(S) OF THE EXTREMITIES, OTHER EXTREMITY","ATHEROSCLEROSIS"
"CHOL","I70309","UNSPECIFIED ATHEROSCLEROSIS OF UNSPECIFIED TYPE OF BYPASS GRAFT(S) OF THE EXTREMITIES, UNSPECIFIED EXTREMITY","ATHEROSCLEROSIS"
"CHOL","I70311","ATHEROSCLEROSIS OF UNSPECIFIED TYPE OF BYPASS GRAFT(S) OF THE EXTREMITIES WITH INTERMITTENT CLAUDICATION, RIGHT LEG","ATHEROSCLEROSIS"
"CHOL","I70312","ATHEROSCLEROSIS OF UNSPECIFIED TYPE OF BYPASS GRAFT(S) OF THE EXTREMITIES WITH INTERMITTENT CLAUDICATION, LEFT LEG","ATHEROSCLEROSIS"
"CHOL","I70313","ATHEROSCLEROSIS OF UNSPECIFIED TYPE OF BYPASS GRAFT(S) OF THE EXTREMITIES WITH INTERMITTENT CLAUDICATION, BILATERAL LEGS","ATHEROSCLEROSIS"
"CHOL","I70318","ATHEROSCLEROSIS OF UNSPECIFIED TYPE OF BYPASS GRAFT(S) OF THE EXTREMITIES WITH INTERMITTENT CLAUDICATION, OTHER EXTREMITY","ATHEROSCLEROSIS"
"CHOL","I70319","ATHEROSCLEROSIS OF UNSPECIFIED TYPE OF BYPASS GRAFT(S) OF THE EXTREMITIES WITH INTERMITTENT CLAUDICATION, UNSPECIFIED EXTREMITY","ATHEROSCLEROSIS"
"CHOL","I70321","ATHEROSCLEROSIS OF UNSPECIFIED TYPE OF BYPASS GRAFT(S) OF THE EXTREMITIES WITH REST PAIN, RIGHT LEG","ATHEROSCLEROSIS"
"CHOL","I70322","ATHEROSCLEROSIS OF UNSPECIFIED TYPE OF BYPASS GRAFT(S) OF THE EXTREMITIES WITH REST PAIN, LEFT LEG","ATHEROSCLEROSIS"
"CHOL","I70323","ATHEROSCLEROSIS OF UNSPECIFIED TYPE OF BYPASS GRAFT(S) OF THE EXTREMITIES WITH REST PAIN, BILATERAL LEGS","ATHEROSCLEROSIS"
"CHOL","I70328","ATHEROSCLEROSIS OF UNSPECIFIED TYPE OF BYPASS GRAFT(S) OF THE EXTREMITIES WITH REST PAIN, OTHER EXTREMITY","ATHEROSCLEROSIS"
"CHOL","I70329","ATHEROSCLEROSIS OF UNSPECIFIED TYPE OF BYPASS GRAFT(S) OF THE EXTREMITIES WITH REST PAIN, UNSPECIFIED EXTREMITY","ATHEROSCLEROSIS"
"CHOL","I70331","ATHEROSCLEROSIS OF UNSPECIFIED TYPE OF BYPASS GRAFT(S) OF THE RIGHT LEG WITH ULCERATION OF THIGH","ATHEROSCLEROSIS"
"CHOL","I70332","ATHEROSCLEROSIS OF UNSPECIFIED TYPE OF BYPASS GRAFT(S) OF THE RIGHT LEG WITH ULCERATION OF CALF","ATHEROSCLEROSIS"
"CHOL","I70333","ATHEROSCLEROSIS OF UNSPECIFIED TYPE OF BYPASS GRAFT(S) OF THE RIGHT LEG WITH ULCERATION OF ANKLE","ATHEROSCLEROSIS"
"CHOL","I70334","ATHEROSCLEROSIS OF UNSPECIFIED TYPE OF BYPASS GRAFT(S) OF THE RIGHT LEG WITH ULCERATION OF HEEL AND MIDFOOT","ATHEROSCLEROSIS"
"CHOL","I70335","ATHEROSCLEROSIS OF UNSPECIFIED TYPE OF BYPASS GRAFT(S) OF THE RIGHT LEG WITH ULCERATION OF OTHER PART OF FOOT","ATHEROSCLEROSIS"
"CHOL","I70338","ATHEROSCLEROSIS OF UNSPECIFIED TYPE OF BYPASS GRAFT(S) OF THE RIGHT LEG WITH ULCERATION OF OTHER PART OF LOWER LEG","ATHEROSCLEROSIS"
"CHOL","I70339","ATHEROSCLEROSIS OF UNSPECIFIED TYPE OF BYPASS GRAFT(S) OF THE RIGHT LEG WITH ULCERATION OF UNSPECIFIED SITE","ATHEROSCLEROSIS"
"CHOL","I70341","ATHEROSCLEROSIS OF UNSPECIFIED TYPE OF BYPASS GRAFT(S) OF THE LEFT LEG WITH ULCERATION OF THIGH","ATHEROSCLEROSIS"
"CHOL","I70342","ATHEROSCLEROSIS OF UNSPECIFIED TYPE OF BYPASS GRAFT(S) OF THE LEFT LEG WITH ULCERATION OF CALF","ATHEROSCLEROSIS"
"CHOL","I70343","ATHEROSCLEROSIS OF UNSPECIFIED TYPE OF BYPASS GRAFT(S) OF THE LEFT LEG WITH ULCERATION OF ANKLE","ATHEROSCLEROSIS"
"CHOL","I70344","ATHEROSCLEROSIS OF UNSPECIFIED TYPE OF BYPASS GRAFT(S) OF THE LEFT LEG WITH ULCERATION OF HEEL AND MIDFOOT","ATHEROSCLEROSIS"
"CHOL","I70345","ATHEROSCLEROSIS OF UNSPECIFIED TYPE OF BYPASS GRAFT(S) OF THE LEFT LEG WITH ULCERATION OF OTHER PART OF FOOT","ATHEROSCLEROSIS"
"CHOL","I70348","ATHEROSCLEROSIS OF UNSPECIFIED TYPE OF BYPASS GRAFT(S) OF THE LEFT LEG WITH ULCERATION OF OTHER PART OF LOWER LEG","ATHEROSCLEROSIS"
"CHOL","I70349","ATHEROSCLEROSIS OF UNSPECIFIED TYPE OF BYPASS GRAFT(S) OF THE LEFT LEG WITH ULCERATION OF UNSPECIFIED SITE","ATHEROSCLEROSIS"
"CHOL","I7035","ATHEROSCLEROSIS OF UNSPECIFIED TYPE OF BYPASS GRAFT(S) OF OTHER EXTREMITY WITH ULCERATION","ATHEROSCLEROSIS"
"CHOL","I70361","ATHEROSCLEROSIS OF UNSPECIFIED TYPE OF BYPASS GRAFT(S) OF THE EXTREMITIES WITH GANGRENE, RIGHT LEG","ATHEROSCLEROSIS"
"CHOL","I70362","ATHEROSCLEROSIS OF UNSPECIFIED TYPE OF BYPASS GRAFT(S) OF THE EXTREMITIES WITH GANGRENE, LEFT LEG","ATHEROSCLEROSIS"
"CHOL","I70363","ATHEROSCLEROSIS OF UNSPECIFIED TYPE OF BYPASS GRAFT(S) OF THE EXTREMITIES WITH GANGRENE, BILATERAL LEGS","ATHEROSCLEROSIS"
"CHOL","I70368","ATHEROSCLEROSIS OF UNSPECIFIED TYPE OF BYPASS GRAFT(S) OF THE EXTREMITIES WITH GANGRENE, OTHER EXTREMITY","ATHEROSCLEROSIS"
"CHOL","I70369","ATHEROSCLEROSIS OF UNSPECIFIED TYPE OF BYPASS GRAFT(S) OF THE EXTREMITIES WITH GANGRENE, UNSPECIFIED EXTREMITY","ATHEROSCLEROSIS"
"CHOL","I70391","OTHER ATHEROSCLEROSIS OF UNSPECIFIED TYPE OF BYPASS GRAFT(S) OF THE EXTREMITIES, RIGHT LEG","ATHEROSCLEROSIS"
"CHOL","I70392","OTHER ATHEROSCLEROSIS OF UNSPECIFIED TYPE OF BYPASS GRAFT(S) OF THE EXTREMITIES, LEFT LEG","ATHEROSCLEROSIS"
"CHOL","I70393","OTHER ATHEROSCLEROSIS OF UNSPECIFIED TYPE OF BYPASS GRAFT(S) OF THE EXTREMITIES, BILATERAL LEGS","ATHEROSCLEROSIS"
"CHOL","I70398","OTHER ATHEROSCLEROSIS OF UNSPECIFIED TYPE OF BYPASS GRAFT(S) OF THE EXTREMITIES, OTHER EXTREMITY","ATHEROSCLEROSIS"
"CHOL","I70399","OTHER ATHEROSCLEROSIS OF UNSPECIFIED TYPE OF BYPASS GRAFT(S) OF THE EXTREMITIES, UNSPECIFIED EXTREMITY","ATHEROSCLEROSIS"
"CHOL","I70401","UNSPECIFIED ATHEROSCLEROSIS OF AUTOLOGOUS VEIN BYPASS GRAFT(S) OF THE EXTREMITIES, RIGHT LEG","ATHEROSCLEROSIS"
"CHOL","I70402","UNSPECIFIED ATHEROSCLEROSIS OF AUTOLOGOUS VEIN BYPASS GRAFT(S) OF THE EXTREMITIES, LEFT LEG","ATHEROSCLEROSIS"
"CHOL","I70403","UNSPECIFIED ATHEROSCLEROSIS OF AUTOLOGOUS VEIN BYPASS GRAFT(S) OF THE EXTREMITIES, BILATERAL LEGS","ATHEROSCLEROSIS"
"CHOL","I70408","UNSPECIFIED ATHEROSCLEROSIS OF AUTOLOGOUS VEIN BYPASS GRAFT(S) OF THE EXTREMITIES, OTHER EXTREMITY","ATHEROSCLEROSIS"
"CHOL","I70409","UNSPECIFIED ATHEROSCLEROSIS OF AUTOLOGOUS VEIN BYPASS GRAFT(S) OF THE EXTREMITIES, UNSPECIFIED EXTREMITY","ATHEROSCLEROSIS"
"CHOL","I70411","ATHEROSCLEROSIS OF AUTOLOGOUS VEIN BYPASS GRAFT(S) OF THE EXTREMITIES WITH INTERMITTENT CLAUDICATION, RIGHT LEG","ATHEROSCLEROSIS"
"CHOL","I70412","ATHEROSCLEROSIS OF AUTOLOGOUS VEIN BYPASS GRAFT(S) OF THE EXTREMITIES WITH INTERMITTENT CLAUDICATION, LEFT LEG","ATHEROSCLEROSIS"
"CHOL","I70413","ATHEROSCLEROSIS OF AUTOLOGOUS VEIN BYPASS GRAFT(S) OF THE EXTREMITIES WITH INTERMITTENT CLAUDICATION, BILATERAL LEGS","ATHEROSCLEROSIS"
"CHOL","I70418","ATHEROSCLEROSIS OF AUTOLOGOUS VEIN BYPASS GRAFT(S) OF THE EXTREMITIES WITH INTERMITTENT CLAUDICATION, OTHER EXTREMITY","ATHEROSCLEROSIS"
"CHOL","I70419","ATHEROSCLEROSIS OF AUTOLOGOUS VEIN BYPASS GRAFT(S) OF THE EXTREMITIES WITH INTERMITTENT CLAUDICATION, UNSPECIFIED EXTREMITY","ATHEROSCLEROSIS"
"CHOL","I70421","ATHEROSCLEROSIS OF AUTOLOGOUS VEIN BYPASS GRAFT(S) OF THE EXTREMITIES WITH REST PAIN, RIGHT LEG","ATHEROSCLEROSIS"
"CHOL","I70422","ATHEROSCLEROSIS OF AUTOLOGOUS VEIN BYPASS GRAFT(S) OF THE EXTREMITIES WITH REST PAIN, LEFT LEG","ATHEROSCLEROSIS"
"CHOL","I70423","ATHEROSCLEROSIS OF AUTOLOGOUS VEIN BYPASS GRAFT(S) OF THE EXTREMITIES WITH REST PAIN, BILATERAL LEGS","ATHEROSCLEROSIS"
"CHOL","I70428","ATHEROSCLEROSIS OF AUTOLOGOUS VEIN BYPASS GRAFT(S) OF THE EXTREMITIES WITH REST PAIN, OTHER EXTREMITY","ATHEROSCLEROSIS"
"CHOL","I70429","ATHEROSCLEROSIS OF AUTOLOGOUS VEIN BYPASS GRAFT(S) OF THE EXTREMITIES WITH REST PAIN, UNSPECIFIED EXTREMITY","ATHEROSCLEROSIS"
"CHOL","I70431","ATHEROSCLEROSIS OF AUTOLOGOUS VEIN BYPASS GRAFT(S) OF THE RIGHT LEG WITH ULCERATION OF THIGH","ATHEROSCLEROSIS"
"CHOL","I70432","ATHEROSCLEROSIS OF AUTOLOGOUS VEIN BYPASS GRAFT(S) OF THE RIGHT LEG WITH ULCERATION OF CALF","ATHEROSCLEROSIS"
"CHOL","I70433","ATHEROSCLEROSIS OF AUTOLOGOUS VEIN BYPASS GRAFT(S) OF THE RIGHT LEG WITH ULCERATION OF ANKLE","ATHEROSCLEROSIS"
"CHOL","I70434","ATHEROSCLEROSIS OF AUTOLOGOUS VEIN BYPASS GRAFT(S) OF THE RIGHT LEG WITH ULCERATION OF HEEL AND MIDFOOT","ATHEROSCLEROSIS"
"CHOL","I70435","ATHEROSCLEROSIS OF AUTOLOGOUS VEIN BYPASS GRAFT(S) OF THE RIGHT LEG WITH ULCERATION OF OTHER PART OF FOOT","ATHEROSCLEROSIS"
"CHOL","I70438","ATHEROSCLEROSIS OF AUTOLOGOUS VEIN BYPASS GRAFT(S) OF THE RIGHT LEG WITH ULCERATION OF OTHER PART OF LOWER LEG","ATHEROSCLEROSIS"
"CHOL","I70439","ATHEROSCLEROSIS OF AUTOLOGOUS VEIN BYPASS GRAFT(S) OF THE RIGHT LEG WITH ULCERATION OF UNSPECIFIED SITE","ATHEROSCLEROSIS"
"CHOL","I70441","ATHEROSCLEROSIS OF AUTOLOGOUS VEIN BYPASS GRAFT(S) OF THE LEFT LEG WITH ULCERATION OF THIGH","ATHEROSCLEROSIS"
"CHOL","I70442","ATHEROSCLEROSIS OF AUTOLOGOUS VEIN BYPASS GRAFT(S) OF THE LEFT LEG WITH ULCERATION OF CALF","ATHEROSCLEROSIS"
"CHOL","I70443","ATHEROSCLEROSIS OF AUTOLOGOUS VEIN BYPASS GRAFT(S) OF THE LEFT LEG WITH ULCERATION OF ANKLE","ATHEROSCLEROSIS"
"CHOL","I70444","ATHEROSCLEROSIS OF AUTOLOGOUS VEIN BYPASS GRAFT(S) OF THE LEFT LEG WITH ULCERATION OF HEEL AND MIDFOOT","ATHEROSCLEROSIS"
"CHOL","I70445","ATHEROSCLEROSIS OF AUTOLOGOUS VEIN BYPASS GRAFT(S) OF THE LEFT LEG WITH ULCERATION OF OTHER PART OF FOOT","ATHEROSCLEROSIS"
"CHOL","I70448","ATHEROSCLEROSIS OF AUTOLOGOUS VEIN BYPASS GRAFT(S) OF THE LEFT LEG WITH ULCERATION OF OTHER PART OF LOWER LEG","ATHEROSCLEROSIS"
"CHOL","I70449","ATHEROSCLEROSIS OF AUTOLOGOUS VEIN BYPASS GRAFT(S) OF THE LEFT LEG WITH ULCERATION OF UNSPECIFIED SITE","ATHEROSCLEROSIS"
"CHOL","I7045","ATHEROSCLEROSIS OF AUTOLOGOUS VEIN BYPASS GRAFT(S) OF OTHER EXTREMITY WITH ULCERATION","ATHEROSCLEROSIS"
"CHOL","I70461","ATHEROSCLEROSIS OF AUTOLOGOUS VEIN BYPASS GRAFT(S) OF THE EXTREMITIES WITH GANGRENE, RIGHT LEG","ATHEROSCLEROSIS"
"CHOL","I70462","ATHEROSCLEROSIS OF AUTOLOGOUS VEIN BYPASS GRAFT(S) OF THE EXTREMITIES WITH GANGRENE, LEFT LEG","ATHEROSCLEROSIS"
"CHOL","I70463","ATHEROSCLEROSIS OF AUTOLOGOUS VEIN BYPASS GRAFT(S) OF THE EXTREMITIES WITH GANGRENE, BILATERAL LEGS","ATHEROSCLEROSIS"
"CHOL","I70468","ATHEROSCLEROSIS OF AUTOLOGOUS VEIN BYPASS GRAFT(S) OF THE EXTREMITIES WITH GANGRENE, OTHER EXTREMITY","ATHEROSCLEROSIS"
"CHOL","I70469","ATHEROSCLEROSIS OF AUTOLOGOUS VEIN BYPASS GRAFT(S) OF THE EXTREMITIES WITH GANGRENE, UNSPECIFIED EXTREMITY","ATHEROSCLEROSIS"
"CHOL","I70491","OTHER ATHEROSCLEROSIS OF AUTOLOGOUS VEIN BYPASS GRAFT(S) OF THE EXTREMITIES, RIGHT LEG","ATHEROSCLEROSIS"
"CHOL","I70492","OTHER ATHEROSCLEROSIS OF AUTOLOGOUS VEIN BYPASS GRAFT(S) OF THE EXTREMITIES, LEFT LEG","ATHEROSCLEROSIS"
"CHOL","I70493","OTHER ATHEROSCLEROSIS OF AUTOLOGOUS VEIN BYPASS GRAFT(S) OF THE EXTREMITIES, BILATERAL LEGS","ATHEROSCLEROSIS"
"CHOL","I70498","OTHER ATHEROSCLEROSIS OF AUTOLOGOUS VEIN BYPASS GRAFT(S) OF THE EXTREMITIES, OTHER EXTREMITY","ATHEROSCLEROSIS"
"CHOL","I70499","OTHER ATHEROSCLEROSIS OF AUTOLOGOUS VEIN BYPASS GRAFT(S) OF THE EXTREMITIES, UNSPECIFIED EXTREMITY","ATHEROSCLEROSIS"
"CHOL","I70501","UNSPECIFIED ATHEROSCLEROSIS OF NONAUTOLOGOUS BIOLOGICAL BYPASS GRAFT(S) OF THE EXTREMITIES, RIGHT LEG","ATHEROSCLEROSIS"
"CHOL","I70502","UNSPECIFIED ATHEROSCLEROSIS OF NONAUTOLOGOUS BIOLOGICAL BYPASS GRAFT(S) OF THE EXTREMITIES, LEFT LEG","ATHEROSCLEROSIS"
"CHOL","I70503","UNSPECIFIED ATHEROSCLEROSIS OF NONAUTOLOGOUS BIOLOGICAL BYPASS GRAFT(S) OF THE EXTREMITIES, BILATERAL LEGS","ATHEROSCLEROSIS"
"CHOL","I70508","UNSPECIFIED ATHEROSCLEROSIS OF NONAUTOLOGOUS BIOLOGICAL BYPASS GRAFT(S) OF THE EXTREMITIES, OTHER EXTREMITY","ATHEROSCLEROSIS"
"CHOL","I70509","UNSPECIFIED ATHEROSCLEROSIS OF NONAUTOLOGOUS BIOLOGICAL BYPASS GRAFT(S) OF THE EXTREMITIES, UNSPECIFIED EXTREMITY","ATHEROSCLEROSIS"
"CHOL","I70511","ATHEROSCLEROSIS OF NONAUTOLOGOUS BIOLOGICAL BYPASS GRAFT(S) OF THE EXTREMITIES WITH INTERMITTENT CLAUDICATION, RIGHT LEG","ATHEROSCLEROSIS"
"CHOL","I70512","ATHEROSCLEROSIS OF NONAUTOLOGOUS BIOLOGICAL BYPASS GRAFT(S) OF THE EXTREMITIES WITH INTERMITTENT CLAUDICATION, LEFT LEG","ATHEROSCLEROSIS"
"CHOL","I70513","ATHEROSCLEROSIS OF NONAUTOLOGOUS BIOLOGICAL BYPASS GRAFT(S) OF THE EXTREMITIES WITH INTERMITTENT CLAUDICATION, BILATERAL LEGS","ATHEROSCLEROSIS"
"CHOL","I70518","ATHEROSCLEROSIS OF NONAUTOLOGOUS BIOLOGICAL BYPASS GRAFT(S) OF THE EXTREMITIES WITH INTERMITTENT CLAUDICATION, OTHER EXTREMITY","ATHEROSCLEROSIS"
"CHOL","I70519","ATHEROSCLEROSIS OF NONAUTOLOGOUS BIOLOGICAL BYPASS GRAFT(S) OF THE EXTREMITIES WITH INTERMITTENT CLAUDICATION, UNSPECIFIED EXTREMITY","ATHEROSCLEROSIS"
"CHOL","I70521","ATHEROSCLEROSIS OF NONAUTOLOGOUS BIOLOGICAL BYPASS GRAFT(S) OF THE EXTREMITIES WITH REST PAIN, RIGHT LEG","ATHEROSCLEROSIS"
"CHOL","I70522","ATHEROSCLEROSIS OF NONAUTOLOGOUS BIOLOGICAL BYPASS GRAFT(S) OF THE EXTREMITIES WITH REST PAIN, LEFT LEG","ATHEROSCLEROSIS"
"CHOL","I70523","ATHEROSCLEROSIS OF NONAUTOLOGOUS BIOLOGICAL BYPASS GRAFT(S) OF THE EXTREMITIES WITH REST PAIN, BILATERAL LEGS","ATHEROSCLEROSIS"
"CHOL","I70528","ATHEROSCLEROSIS OF NONAUTOLOGOUS BIOLOGICAL BYPASS GRAFT(S) OF THE EXTREMITIES WITH REST PAIN, OTHER EXTREMITY","ATHEROSCLEROSIS"
"CHOL","I70529","ATHEROSCLEROSIS OF NONAUTOLOGOUS BIOLOGICAL BYPASS GRAFT(S) OF THE EXTREMITIES WITH REST PAIN, UNSPECIFIED EXTREMITY","ATHEROSCLEROSIS"
"CHOL","I70531","ATHEROSCLEROSIS OF NONAUTOLOGOUS BIOLOGICAL BYPASS GRAFT(S) OF THE RIGHT LEG WITH ULCERATION OF THIGH","ATHEROSCLEROSIS"
"CHOL","I70532","ATHEROSCLEROSIS OF NONAUTOLOGOUS BIOLOGICAL BYPASS GRAFT(S) OF THE RIGHT LEG WITH ULCERATION OF CALF","ATHEROSCLEROSIS"
"CHOL","I70533","ATHEROSCLEROSIS OF NONAUTOLOGOUS BIOLOGICAL BYPASS GRAFT(S) OF THE RIGHT LEG WITH ULCERATION OF ANKLE","ATHEROSCLEROSIS"
"CHOL","I70534","ATHEROSCLEROSIS OF NONAUTOLOGOUS BIOLOGICAL BYPASS GRAFT(S) OF THE RIGHT LEG WITH ULCERATION OF HEEL AND MIDFOOT","ATHEROSCLEROSIS"
"CHOL","I70535","ATHEROSCLEROSIS OF NONAUTOLOGOUS BIOLOGICAL BYPASS GRAFT(S) OF THE RIGHT LEG WITH ULCERATION OF OTHER PART OF FOOT","ATHEROSCLEROSIS"
"CHOL","I70538","ATHEROSCLEROSIS OF NONAUTOLOGOUS BIOLOGICAL BYPASS GRAFT(S) OF THE RIGHT LEG WITH ULCERATION OF OTHER PART OF LOWER LEG","ATHEROSCLEROSIS"
"CHOL","I70539","ATHEROSCLEROSIS OF NONAUTOLOGOUS BIOLOGICAL BYPASS GRAFT(S) OF THE RIGHT LEG WITH ULCERATION OF UNSPECIFIED SITE","ATHEROSCLEROSIS"
"CHOL","I70541","ATHEROSCLEROSIS OF NONAUTOLOGOUS BIOLOGICAL BYPASS GRAFT(S) OF THE LEFT LEG WITH ULCERATION OF THIGH","ATHEROSCLEROSIS"
"CHOL","I70542","ATHEROSCLEROSIS OF NONAUTOLOGOUS BIOLOGICAL BYPASS GRAFT(S) OF THE LEFT LEG WITH ULCERATION OF CALF","ATHEROSCLEROSIS"
"CHOL","I70543","ATHEROSCLEROSIS OF NONAUTOLOGOUS BIOLOGICAL BYPASS GRAFT(S) OF THE LEFT LEG WITH ULCERATION OF ANKLE","ATHEROSCLEROSIS"
"CHOL","I70544","ATHEROSCLEROSIS OF NONAUTOLOGOUS BIOLOGICAL BYPASS GRAFT(S) OF THE LEFT LEG WITH ULCERATION OF HEEL AND MIDFOOT","ATHEROSCLEROSIS"
"CHOL","I70545","ATHEROSCLEROSIS OF NONAUTOLOGOUS BIOLOGICAL BYPASS GRAFT(S) OF THE LEFT LEG WITH ULCERATION OF OTHER PART OF FOOT","ATHEROSCLEROSIS"
"CHOL","I70548","ATHEROSCLEROSIS OF NONAUTOLOGOUS BIOLOGICAL BYPASS GRAFT(S) OF THE LEFT LEG WITH ULCERATION OF OTHER PART OF LOWER LEG","ATHEROSCLEROSIS"
"CHOL","I70549","ATHEROSCLEROSIS OF NONAUTOLOGOUS BIOLOGICAL BYPASS GRAFT(S) OF THE LEFT LEG WITH ULCERATION OF UNSPECIFIED SITE","ATHEROSCLEROSIS"
"CHOL","I7055","ATHEROSCLEROSIS OF NONAUTOLOGOUS BIOLOGICAL BYPASS GRAFT(S) OF OTHER EXTREMITY WITH ULCERATION","ATHEROSCLEROSIS"
"CHOL","I70561","ATHEROSCLEROSIS OF NONAUTOLOGOUS BIOLOGICAL BYPASS GRAFT(S) OF THE EXTREMITIES WITH GANGRENE, RIGHT LEG","ATHEROSCLEROSIS"
"CHOL","I70562","ATHEROSCLEROSIS OF NONAUTOLOGOUS BIOLOGICAL BYPASS GRAFT(S) OF THE EXTREMITIES WITH GANGRENE, LEFT LEG","ATHEROSCLEROSIS"
"CHOL","I70563","ATHEROSCLEROSIS OF NONAUTOLOGOUS BIOLOGICAL BYPASS GRAFT(S) OF THE EXTREMITIES WITH GANGRENE, BILATERAL LEGS","ATHEROSCLEROSIS"
"CHOL","I70568","ATHEROSCLEROSIS OF NONAUTOLOGOUS BIOLOGICAL BYPASS GRAFT(S) OF THE EXTREMITIES WITH GANGRENE, OTHER EXTREMITY","ATHEROSCLEROSIS"
"CHOL","I70569","ATHEROSCLEROSIS OF NONAUTOLOGOUS BIOLOGICAL BYPASS GRAFT(S) OF THE EXTREMITIES WITH GANGRENE, UNSPECIFIED EXTREMITY","ATHEROSCLEROSIS"
"CHOL","I70591","OTHER ATHEROSCLEROSIS OF NONAUTOLOGOUS BIOLOGICAL BYPASS GRAFT(S) OF THE EXTREMITIES, RIGHT LEG","ATHEROSCLEROSIS"
"CHOL","I70592","OTHER ATHEROSCLEROSIS OF NONAUTOLOGOUS BIOLOGICAL BYPASS GRAFT(S) OF THE EXTREMITIES, LEFT LEG","ATHEROSCLEROSIS"
"CHOL","I70593","OTHER ATHEROSCLEROSIS OF NONAUTOLOGOUS BIOLOGICAL BYPASS GRAFT(S) OF THE EXTREMITIES, BILATERAL LEGS","ATHEROSCLEROSIS"
"CHOL","I70598","OTHER ATHEROSCLEROSIS OF NONAUTOLOGOUS BIOLOGICAL BYPASS GRAFT(S) OF THE EXTREMITIES, OTHER EXTREMITY","ATHEROSCLEROSIS"
"CHOL","I70599","OTHER ATHEROSCLEROSIS OF NONAUTOLOGOUS BIOLOGICAL BYPASS GRAFT(S) OF THE EXTREMITIES, UNSPECIFIED EXTREMITY","ATHEROSCLEROSIS"
"CHOL","I70601","UNSPECIFIED ATHEROSCLEROSIS OF NONBIOLOGICAL BYPASS GRAFT(S) OF THE EXTREMITIES, RIGHT LEG","ATHEROSCLEROSIS"
"CHOL","I70602","UNSPECIFIED ATHEROSCLEROSIS OF NONBIOLOGICAL BYPASS GRAFT(S) OF THE EXTREMITIES, LEFT LEG","ATHEROSCLEROSIS"
"CHOL","I70603","UNSPECIFIED ATHEROSCLEROSIS OF NONBIOLOGICAL BYPASS GRAFT(S) OF THE EXTREMITIES, BILATERAL LEGS","ATHEROSCLEROSIS"
"CHOL","I70608","UNSPECIFIED ATHEROSCLEROSIS OF NONBIOLOGICAL BYPASS GRAFT(S) OF THE EXTREMITIES, OTHER EXTREMITY","ATHEROSCLEROSIS"
"CHOL","I70609","UNSPECIFIED ATHEROSCLEROSIS OF NONBIOLOGICAL BYPASS GRAFT(S) OF THE EXTREMITIES, UNSPECIFIED EXTREMITY","ATHEROSCLEROSIS"
"CHOL","I70611","ATHEROSCLEROSIS OF NONBIOLOGICAL BYPASS GRAFT(S) OF THE EXTREMITIES WITH INTERMITTENT CLAUDICATION, RIGHT LEG","ATHEROSCLEROSIS"
"CHOL","I70612","ATHEROSCLEROSIS OF NONBIOLOGICAL BYPASS GRAFT(S) OF THE EXTREMITIES WITH INTERMITTENT CLAUDICATION, LEFT LEG","ATHEROSCLEROSIS"
"CHOL","I70613","ATHEROSCLEROSIS OF NONBIOLOGICAL BYPASS GRAFT(S) OF THE EXTREMITIES WITH INTERMITTENT CLAUDICATION, BILATERAL LEGS","ATHEROSCLEROSIS"
"CHOL","I70618","ATHEROSCLEROSIS OF NONBIOLOGICAL BYPASS GRAFT(S) OF THE EXTREMITIES WITH INTERMITTENT CLAUDICATION, OTHER EXTREMITY","ATHEROSCLEROSIS"
"CHOL","I70619","ATHEROSCLEROSIS OF NONBIOLOGICAL BYPASS GRAFT(S) OF THE EXTREMITIES WITH INTERMITTENT CLAUDICATION, UNSPECIFIED EXTREMITY","ATHEROSCLEROSIS"
"CHOL","I70621","ATHEROSCLEROSIS OF NONBIOLOGICAL BYPASS GRAFT(S) OF THE EXTREMITIES WITH REST PAIN, RIGHT LEG","ATHEROSCLEROSIS"
"CHOL","I70622","ATHEROSCLEROSIS OF NONBIOLOGICAL BYPASS GRAFT(S) OF THE EXTREMITIES WITH REST PAIN, LEFT LEG","ATHEROSCLEROSIS"
"CHOL","I70623","ATHEROSCLEROSIS OF NONBIOLOGICAL BYPASS GRAFT(S) OF THE EXTREMITIES WITH REST PAIN, BILATERAL LEGS","ATHEROSCLEROSIS"
"CHOL","I70628","ATHEROSCLEROSIS OF NONBIOLOGICAL BYPASS GRAFT(S) OF THE EXTREMITIES WITH REST PAIN, OTHER EXTREMITY","ATHEROSCLEROSIS"
"CHOL","I70629","ATHEROSCLEROSIS OF NONBIOLOGICAL BYPASS GRAFT(S) OF THE EXTREMITIES WITH REST PAIN, UNSPECIFIED EXTREMITY","ATHEROSCLEROSIS"
"CHOL","I70631","ATHEROSCLEROSIS OF NONBIOLOGICAL BYPASS GRAFT(S) OF THE RIGHT LEG WITH ULCERATION OF THIGH","ATHEROSCLEROSIS"
"CHOL","I70632","ATHEROSCLEROSIS OF NONBIOLOGICAL BYPASS GRAFT(S) OF THE RIGHT LEG WITH ULCERATION OF CALF","ATHEROSCLEROSIS"
"CHOL","I70633","ATHEROSCLEROSIS OF NONBIOLOGICAL BYPASS GRAFT(S) OF THE RIGHT LEG WITH ULCERATION OF ANKLE","ATHEROSCLEROSIS"
"CHOL","I70634","ATHEROSCLEROSIS OF NONBIOLOGICAL BYPASS GRAFT(S) OF THE RIGHT LEG WITH ULCERATION OF HEEL AND MIDFOOT","ATHEROSCLEROSIS"
"CHOL","I70635","ATHEROSCLEROSIS OF NONBIOLOGICAL BYPASS GRAFT(S) OF THE RIGHT LEG WITH ULCERATION OF OTHER PART OF FOOT","ATHEROSCLEROSIS"
"CHOL","I70638","ATHEROSCLEROSIS OF NONBIOLOGICAL BYPASS GRAFT(S) OF THE RIGHT LEG WITH ULCERATION OF OTHER PART OF LOWER LEG","ATHEROSCLEROSIS"
"CHOL","I70639","ATHEROSCLEROSIS OF NONBIOLOGICAL BYPASS GRAFT(S) OF THE RIGHT LEG WITH ULCERATION OF UNSPECIFIED SITE","ATHEROSCLEROSIS"
"CHOL","I70641","ATHEROSCLEROSIS OF NONBIOLOGICAL BYPASS GRAFT(S) OF THE LEFT LEG WITH ULCERATION OF THIGH","ATHEROSCLEROSIS"
"CHOL","I70642","ATHEROSCLEROSIS OF NONBIOLOGICAL BYPASS GRAFT(S) OF THE LEFT LEG WITH ULCERATION OF CALF","ATHEROSCLEROSIS"
"CHOL","I70643","ATHEROSCLEROSIS OF NONBIOLOGICAL BYPASS GRAFT(S) OF THE LEFT LEG WITH ULCERATION OF ANKLE","ATHEROSCLEROSIS"
"CHOL","I70644","ATHEROSCLEROSIS OF NONBIOLOGICAL BYPASS GRAFT(S) OF THE LEFT LEG WITH ULCERATION OF HEEL AND MIDFOOT","ATHEROSCLEROSIS"
"CHOL","I70645","ATHEROSCLEROSIS OF NONBIOLOGICAL BYPASS GRAFT(S) OF THE LEFT LEG WITH ULCERATION OF OTHER PART OF FOOT","ATHEROSCLEROSIS"
"CHOL","I70648","ATHEROSCLEROSIS OF NONBIOLOGICAL BYPASS GRAFT(S) OF THE LEFT LEG WITH ULCERATION OF OTHER PART OF LOWER LEG","ATHEROSCLEROSIS"
"CHOL","I70649","ATHEROSCLEROSIS OF NONBIOLOGICAL BYPASS GRAFT(S) OF THE LEFT LEG WITH ULCERATION OF UNSPECIFIED SITE","ATHEROSCLEROSIS"
"CHOL","I7065","ATHEROSCLEROSIS OF NONBIOLOGICAL BYPASS GRAFT(S) OF OTHER EXTREMITY WITH ULCERATION","ATHEROSCLEROSIS"
"CHOL","I70661","ATHEROSCLEROSIS OF NONBIOLOGICAL BYPASS GRAFT(S) OF THE EXTREMITIES WITH GANGRENE, RIGHT LEG","ATHEROSCLEROSIS"
"CHOL","I70662","ATHEROSCLEROSIS OF NONBIOLOGICAL BYPASS GRAFT(S) OF THE EXTREMITIES WITH GANGRENE, LEFT LEG","ATHEROSCLEROSIS"
"CHOL","I70663","ATHEROSCLEROSIS OF NONBIOLOGICAL BYPASS GRAFT(S) OF THE EXTREMITIES WITH GANGRENE, BILATERAL LEGS","ATHEROSCLEROSIS"
"CHOL","I70668","ATHEROSCLEROSIS OF NONBIOLOGICAL BYPASS GRAFT(S) OF THE EXTREMITIES WITH GANGRENE, OTHER EXTREMITY","ATHEROSCLEROSIS"
"CHOL","I70669","ATHEROSCLEROSIS OF NONBIOLOGICAL BYPASS GRAFT(S) OF THE EXTREMITIES WITH GANGRENE, UNSPECIFIED EXTREMITY","ATHEROSCLEROSIS"
"CHOL","I70691","OTHER ATHEROSCLEROSIS OF NONBIOLOGICAL BYPASS GRAFT(S) OF THE EXTREMITIES, RIGHT LEG","ATHEROSCLEROSIS"
"CHOL","I70692","OTHER ATHEROSCLEROSIS OF NONBIOLOGICAL BYPASS GRAFT(S) OF THE EXTREMITIES, LEFT LEG","ATHEROSCLEROSIS"
"CHOL","I70693","OTHER ATHEROSCLEROSIS OF NONBIOLOGICAL BYPASS GRAFT(S) OF THE EXTREMITIES, BILATERAL LEGS","ATHEROSCLEROSIS"
"CHOL","I70698","OTHER ATHEROSCLEROSIS OF NONBIOLOGICAL BYPASS GRAFT(S) OF THE EXTREMITIES, OTHER EXTREMITY","ATHEROSCLEROSIS"
"CHOL","I70699","OTHER ATHEROSCLEROSIS OF NONBIOLOGICAL BYPASS GRAFT(S) OF THE EXTREMITIES, UNSPECIFIED EXTREMITY","ATHEROSCLEROSIS"
"CHOL","I70701","UNSPECIFIED ATHEROSCLEROSIS OF OTHER TYPE OF BYPASS GRAFT(S) OF THE EXTREMITIES, RIGHT LEG","ATHEROSCLEROSIS"
"CHOL","I70702","UNSPECIFIED ATHEROSCLEROSIS OF OTHER TYPE OF BYPASS GRAFT(S) OF THE EXTREMITIES, LEFT LEG","ATHEROSCLEROSIS"
"CHOL","I70703","UNSPECIFIED ATHEROSCLEROSIS OF OTHER TYPE OF BYPASS GRAFT(S) OF THE EXTREMITIES, BILATERAL LEGS","ATHEROSCLEROSIS"
"CHOL","I70708","UNSPECIFIED ATHEROSCLEROSIS OF OTHER TYPE OF BYPASS GRAFT(S) OF THE EXTREMITIES, OTHER EXTREMITY","ATHEROSCLEROSIS"
"CHOL","I70709","UNSPECIFIED ATHEROSCLEROSIS OF OTHER TYPE OF BYPASS GRAFT(S) OF THE EXTREMITIES, UNSPECIFIED EXTREMITY","ATHEROSCLEROSIS"
"CHOL","I70711","ATHEROSCLEROSIS OF OTHER TYPE OF BYPASS GRAFT(S) OF THE EXTREMITIES WITH INTERMITTENT CLAUDICATION, RIGHT LEG","ATHEROSCLEROSIS"
"CHOL","I70712","ATHEROSCLEROSIS OF OTHER TYPE OF BYPASS GRAFT(S) OF THE EXTREMITIES WITH INTERMITTENT CLAUDICATION, LEFT LEG","ATHEROSCLEROSIS"
"CHOL","I70713","ATHEROSCLEROSIS OF OTHER TYPE OF BYPASS GRAFT(S) OF THE EXTREMITIES WITH INTERMITTENT CLAUDICATION, BILATERAL LEGS","ATHEROSCLEROSIS"
"CHOL","I70718","ATHEROSCLEROSIS OF OTHER TYPE OF BYPASS GRAFT(S) OF THE EXTREMITIES WITH INTERMITTENT CLAUDICATION, OTHER EXTREMITY","ATHEROSCLEROSIS"
"CHOL","I70719","ATHEROSCLEROSIS OF OTHER TYPE OF BYPASS GRAFT(S) OF THE EXTREMITIES WITH INTERMITTENT CLAUDICATION, UNSPECIFIED EXTREMITY","ATHEROSCLEROSIS"
"CHOL","I70721","ATHEROSCLEROSIS OF OTHER TYPE OF BYPASS GRAFT(S) OF THE EXTREMITIES WITH REST PAIN, RIGHT LEG","ATHEROSCLEROSIS"
"CHOL","I70722","ATHEROSCLEROSIS OF OTHER TYPE OF BYPASS GRAFT(S) OF THE EXTREMITIES WITH REST PAIN, LEFT LEG","ATHEROSCLEROSIS"
"CHOL","I70723","ATHEROSCLEROSIS OF OTHER TYPE OF BYPASS GRAFT(S) OF THE EXTREMITIES WITH REST PAIN, BILATERAL LEGS","ATHEROSCLEROSIS"
"CHOL","I70728","ATHEROSCLEROSIS OF OTHER TYPE OF BYPASS GRAFT(S) OF THE EXTREMITIES WITH REST PAIN, OTHER EXTREMITY","ATHEROSCLEROSIS"
"CHOL","I70729","ATHEROSCLEROSIS OF OTHER TYPE OF BYPASS GRAFT(S) OF THE EXTREMITIES WITH REST PAIN, UNSPECIFIED EXTREMITY","ATHEROSCLEROSIS"
"CHOL","I70731","ATHEROSCLEROSIS OF OTHER TYPE OF BYPASS GRAFT(S) OF THE RIGHT LEG WITH ULCERATION OF THIGH","ATHEROSCLEROSIS"
"CHOL","I70732","ATHEROSCLEROSIS OF OTHER TYPE OF BYPASS GRAFT(S) OF THE RIGHT LEG WITH ULCERATION OF CALF","ATHEROSCLEROSIS"
"CHOL","I70733","ATHEROSCLEROSIS OF OTHER TYPE OF BYPASS GRAFT(S) OF THE RIGHT LEG WITH ULCERATION OF ANKLE","ATHEROSCLEROSIS"
"CHOL","I70734","ATHEROSCLEROSIS OF OTHER TYPE OF BYPASS GRAFT(S) OF THE RIGHT LEG WITH ULCERATION OF HEEL AND MIDFOOT","ATHEROSCLEROSIS"
"CHOL","I70735","ATHEROSCLEROSIS OF OTHER TYPE OF BYPASS GRAFT(S) OF THE RIGHT LEG WITH ULCERATION OF OTHER PART OF FOOT","ATHEROSCLEROSIS"
"CHOL","I70738","ATHEROSCLEROSIS OF OTHER TYPE OF BYPASS GRAFT(S) OF THE RIGHT LEG WITH ULCERATION OF OTHER PART OF LOWER LEG","ATHEROSCLEROSIS"
"CHOL","I70739","ATHEROSCLEROSIS OF OTHER TYPE OF BYPASS GRAFT(S) OF THE RIGHT LEG WITH ULCERATION OF UNSPECIFIED SITE","ATHEROSCLEROSIS"
"CHOL","I70741","ATHEROSCLEROSIS OF OTHER TYPE OF BYPASS GRAFT(S) OF THE LEFT LEG WITH ULCERATION OF THIGH","ATHEROSCLEROSIS"
"CHOL","I70742","ATHEROSCLEROSIS OF OTHER TYPE OF BYPASS GRAFT(S) OF THE LEFT LEG WITH ULCERATION OF CALF","ATHEROSCLEROSIS"
"CHOL","I70743","ATHEROSCLEROSIS OF OTHER TYPE OF BYPASS GRAFT(S) OF THE LEFT LEG WITH ULCERATION OF ANKLE","ATHEROSCLEROSIS"
"CHOL","I70744","ATHEROSCLEROSIS OF OTHER TYPE OF BYPASS GRAFT(S) OF THE LEFT LEG WITH ULCERATION OF HEEL AND MIDFOOT","ATHEROSCLEROSIS"
"CHOL","I70745","ATHEROSCLEROSIS OF OTHER TYPE OF BYPASS GRAFT(S) OF THE LEFT LEG WITH ULCERATION OF OTHER PART OF FOOT","ATHEROSCLEROSIS"
"CHOL","I70748","ATHEROSCLEROSIS OF OTHER TYPE OF BYPASS GRAFT(S) OF THE LEFT LEG WITH ULCERATION OF OTHER PART OF LOWER LEG","ATHEROSCLEROSIS"
"CHOL","I70749","ATHEROSCLEROSIS OF OTHER TYPE OF BYPASS GRAFT(S) OF THE LEFT LEG WITH ULCERATION OF UNSPECIFIED SITE","ATHEROSCLEROSIS"
"CHOL","I7075","ATHEROSCLEROSIS OF OTHER TYPE OF BYPASS GRAFT(S) OF OTHER EXTREMITY WITH ULCERATION","ATHEROSCLEROSIS"
"CHOL","I70761","ATHEROSCLEROSIS OF OTHER TYPE OF BYPASS GRAFT(S) OF THE EXTREMITIES WITH GANGRENE, RIGHT LEG","ATHEROSCLEROSIS"
"CHOL","I70762","ATHEROSCLEROSIS OF OTHER TYPE OF BYPASS GRAFT(S) OF THE EXTREMITIES WITH GANGRENE, LEFT LEG","ATHEROSCLEROSIS"
"CHOL","I70763","ATHEROSCLEROSIS OF OTHER TYPE OF BYPASS GRAFT(S) OF THE EXTREMITIES WITH GANGRENE, BILATERAL LEGS","ATHEROSCLEROSIS"
"CHOL","I70768","ATHEROSCLEROSIS OF OTHER TYPE OF BYPASS GRAFT(S) OF THE EXTREMITIES WITH GANGRENE, OTHER EXTREMITY","ATHEROSCLEROSIS"
"CHOL","I70769","ATHEROSCLEROSIS OF OTHER TYPE OF BYPASS GRAFT(S) OF THE EXTREMITIES WITH GANGRENE, UNSPECIFIED EXTREMITY","ATHEROSCLEROSIS"
"CHOL","I70791","OTHER ATHEROSCLEROSIS OF OTHER TYPE OF BYPASS GRAFT(S) OF THE EXTREMITIES, RIGHT LEG","ATHEROSCLEROSIS"
"CHOL","I70792","OTHER ATHEROSCLEROSIS OF OTHER TYPE OF BYPASS GRAFT(S) OF THE EXTREMITIES, LEFT LEG","ATHEROSCLEROSIS"
"CHOL","I70793","OTHER ATHEROSCLEROSIS OF OTHER TYPE OF BYPASS GRAFT(S) OF THE EXTREMITIES, BILATERAL LEGS","ATHEROSCLEROSIS"
"CHOL","I70798","OTHER ATHEROSCLEROSIS OF OTHER TYPE OF BYPASS GRAFT(S) OF THE EXTREMITIES, OTHER EXTREMITY","ATHEROSCLEROSIS"
"CHOL","I70799","OTHER ATHEROSCLEROSIS OF OTHER TYPE OF BYPASS GRAFT(S) OF THE EXTREMITIES, UNSPECIFIED EXTREMITY","ATHEROSCLEROSIS"
"CHOL","I708","ATHEROSCLEROSIS OF OTHER ARTERIES","ATHEROSCLEROSIS"
"CHOL","I7090","UNSPECIFIED ATHEROSCLEROSIS","ATHEROSCLEROSIS"
"CHOL","I7091","GENERALIZED ATHEROSCLEROSIS","ATHEROSCLEROSIS"
"CHOL","Z8342","FAMILY HISTORY OF FAMILIAL HYPERCHOLESTEROLEMIA","HYPERCHOLESTEROLEMIA; FAMILIAL.*HYPERCHOLESTEROLEMIA"
"CREAT_C","A0225","SALMONELLA PYELONEPHRITIS","NEPHRITIS; PYELONEPHRITIS"
"CREAT_C","A3684","DIPHTHERITIC TUBULO-INTERSTITIAL NEPHROPATHY","NEPHROPATHY"
"CREAT_C","A5144","SECONDARY SYPHILITIC NEPHRITIS","NEPHRITIS"
"CREAT_C","B2683","MUMPS NEPHRITIS","NEPHRITIS"
"CREAT_C","B520","PLASMODIUM MALARIAE MALARIA WITH NEPHROPATHY","NEPHROPATHY"
"CREAT_C","B5883","TOXOPLASMA TUBULO-INTERSTITIAL NEPHROPATHY","NEPHROPATHY"
"CREAT_C","D631","ANEMIA IN CHRONIC KIDNEY DISEASE","KIDNEY.*DISEASE; CHRONIC.*KIDNEY.*DISEASE"
"CREAT_C","D8684","SARCOID PYELONEPHRITIS","NEPHRITIS; PYELONEPHRITIS"
"CREAT_C","E0821","DIABETES MELLITUS DUE TO UNDERLYING CONDITION WITH DIABETIC NEPHROPATHY","NEPHROPATHY"
"CREAT_C","E0822","DIABETES MELLITUS DUE TO UNDERLYING CONDITION WITH DIABETIC CHRONIC KIDNEY DISEASE","KIDNEY.*DISEASE; CHRONIC.*KIDNEY.*DISEASE"
"CREAT_C","E0921","DRUG OR CHEMICAL INDUCED DIABETES MELLITUS WITH DIABETIC NEPHROPATHY","NEPHROPATHY"
"CREAT_C","E0922","DRUG OR CHEMICAL INDUCED DIABETES MELLITUS WITH DIABETIC CHRONIC KIDNEY DISEASE","KIDNEY.*DISEASE; CHRONIC.*KIDNEY.*DISEASE"
"CREAT_C","E1021","TYPE 1 DIABETES MELLITUS WITH DIABETIC NEPHROPATHY","NEPHROPATHY"
"CREAT_C","E1022","TYPE 1 DIABETES MELLITUS WITH DIABETIC CHRONIC KIDNEY DISEASE","KIDNEY.*DISEASE; CHRONIC.*KIDNEY.*DISEASE"
"CREAT_C","E1121","TYPE 2 DIABETES MELLITUS WITH DIABETIC NEPHROPATHY","NEPHROPATHY"
"CREAT_C","E1122","TYPE 2 DIABETES MELLITUS WITH DIABETIC CHRONIC KIDNEY DISEASE","KIDNEY.*DISEASE; CHRONIC.*KIDNEY.*DISEASE"
"CREAT_C","E1321","OTHER SPECIFIED DIABETES MELLITUS WITH DIABETIC NEPHROPATHY","NEPHROPATHY"
"CREAT_C","E1322","OTHER SPECIFIED DIABETES MELLITUS WITH DIABETIC CHRONIC KIDNEY DISEASE","KIDNEY.*DISEASE; CHRONIC.*KIDNEY.*DISEASE"
"CREAT_C","I120","HYPERTENSIVE CHRONIC KIDNEY DISEASE WITH STAGE 5 CHRONIC KIDNEY DISEASE OR END STAGE RENAL DISEASE","END.*STAGE.*RENAL.*DISEASE; KIDNEY.*DISEASE; CHRONIC.*KIDNEY.*DISEASE"
"CREAT_C","I129","HYPERTENSIVE CHRONIC KIDNEY DISEASE WITH STAGE 1 THROUGH STAGE 4 CHRONIC KIDNEY DISEASE, OR UNSPECIFIED CHRONIC KIDNEY DISEASE","KIDNEY.*DISEASE; CHRONIC.*KIDNEY.*DISEASE"
"CREAT_C","I130","HYPERTENSIVE HEART AND CHRONIC KIDNEY DISEASE WITH HEART FAILURE AND STAGE 1 THROUGH STAGE 4 CHRONIC KIDNEY DISEASE, OR UNSPECIFIED CHRONIC KIDNEY DISEASE","KIDNEY.*DISEASE; KIDNEY.*FAILURE; CHRONIC.*KIDNEY.*DISEASE"
"CREAT_C","I1310","HYPERTENSIVE HEART AND CHRONIC KIDNEY DISEASE WITHOUT HEART FAILURE, WITH STAGE 1 THROUGH STAGE 4 CHRONIC KIDNEY DISEASE, OR UNSPECIFIED CHRONIC KIDNEY DISEASE","KIDNEY.*DISEASE; KIDNEY.*FAILURE; CHRONIC.*KIDNEY.*DISEASE"
"CREAT_C","I1311","HYPERTENSIVE HEART AND CHRONIC KIDNEY DISEASE WITHOUT HEART FAILURE, WITH STAGE 5 CHRONIC KIDNEY DISEASE, OR END STAGE RENAL DISEASE","END.*STAGE.*RENAL.*DISEASE; KIDNEY.*DISEASE; KIDNEY.*FAILURE; CHRONIC.*KIDNEY.*DISEASE"
"CREAT_C","I132","HYPERTENSIVE HEART AND CHRONIC KIDNEY DISEASE WITH HEART FAILURE AND WITH STAGE 5 CHRONIC KIDNEY DISEASE, OR END STAGE RENAL DISEASE","END.*STAGE.*RENAL.*DISEASE; KIDNEY.*DISEASE; KIDNEY.*FAILURE; CHRONIC.*KIDNEY.*DISEASE"
"CREAT_C","M1030","GOUT DUE TO RENAL IMPAIRMENT, UNSPECIFIED SITE","RENAL.*IMPAIRMENT"
"CREAT_C","M10311","GOUT DUE TO RENAL IMPAIRMENT, RIGHT SHOULDER","RENAL.*IMPAIRMENT"
"CREAT_C","M10312","GOUT DUE TO RENAL IMPAIRMENT, LEFT SHOULDER","RENAL.*IMPAIRMENT"
"CREAT_C","M10319","GOUT DUE TO RENAL IMPAIRMENT, UNSPECIFIED SHOULDER","RENAL.*IMPAIRMENT"
"CREAT_C","M10321","GOUT DUE TO RENAL IMPAIRMENT, RIGHT ELBOW","RENAL.*IMPAIRMENT"
"CREAT_C","M10322","GOUT DUE TO RENAL IMPAIRMENT, LEFT ELBOW","RENAL.*IMPAIRMENT"
"CREAT_C","M10329","GOUT DUE TO RENAL IMPAIRMENT, UNSPECIFIED ELBOW","RENAL.*IMPAIRMENT"
"CREAT_C","M10331","GOUT DUE TO RENAL IMPAIRMENT, RIGHT WRIST","RENAL.*IMPAIRMENT"
"CREAT_C","M10332","GOUT DUE TO RENAL IMPAIRMENT, LEFT WRIST","RENAL.*IMPAIRMENT"
"CREAT_C","M10339","GOUT DUE TO RENAL IMPAIRMENT, UNSPECIFIED WRIST","RENAL.*IMPAIRMENT"
"CREAT_C","M10341","GOUT DUE TO RENAL IMPAIRMENT, RIGHT HAND","RENAL.*IMPAIRMENT"
"CREAT_C","M10342","GOUT DUE TO RENAL IMPAIRMENT, LEFT HAND","RENAL.*IMPAIRMENT"
"CREAT_C","M10349","GOUT DUE TO RENAL IMPAIRMENT, UNSPECIFIED HAND","RENAL.*IMPAIRMENT"
"CREAT_C","M10351","GOUT DUE TO RENAL IMPAIRMENT, RIGHT HIP","RENAL.*IMPAIRMENT"
"CREAT_C","M10352","GOUT DUE TO RENAL IMPAIRMENT, LEFT HIP","RENAL.*IMPAIRMENT"
"CREAT_C","M10359","GOUT DUE TO RENAL IMPAIRMENT, UNSPECIFIED HIP","RENAL.*IMPAIRMENT"
"CREAT_C","M10361","GOUT DUE TO RENAL IMPAIRMENT, RIGHT KNEE","RENAL.*IMPAIRMENT"
"CREAT_C","M10362","GOUT DUE TO RENAL IMPAIRMENT, LEFT KNEE","RENAL.*IMPAIRMENT"
"CREAT_C","M10369","GOUT DUE TO RENAL IMPAIRMENT, UNSPECIFIED KNEE","RENAL.*IMPAIRMENT"
"CREAT_C","M10371","GOUT DUE TO RENAL IMPAIRMENT, RIGHT ANKLE AND FOOT","RENAL.*IMPAIRMENT"
"CREAT_C","M10372","GOUT DUE TO RENAL IMPAIRMENT, LEFT ANKLE AND FOOT","RENAL.*IMPAIRMENT"
"CREAT_C","M10379","GOUT DUE TO RENAL IMPAIRMENT, UNSPECIFIED ANKLE AND FOOT","RENAL.*IMPAIRMENT"
"CREAT_C","M1038","GOUT DUE TO RENAL IMPAIRMENT, VERTEBRAE","RENAL.*IMPAIRMENT"
"CREAT_C","M1039","GOUT DUE TO RENAL IMPAIRMENT, MULTIPLE SITES","RENAL.*IMPAIRMENT"
"CREAT_C","M1A30X0","CHRONIC GOUT DUE TO RENAL IMPAIRMENT, UNSPECIFIED SITE, WITHOUT TOPHUS (TOPHI)","RENAL.*IMPAIRMENT"
"CREAT_C","M1A30X1","CHRONIC GOUT DUE TO RENAL IMPAIRMENT, UNSPECIFIED SITE, WITH TOPHUS (TOPHI)","RENAL.*IMPAIRMENT"
"CREAT_C","M1A3110","CHRONIC GOUT DUE TO RENAL IMPAIRMENT, RIGHT SHOULDER, WITHOUT TOPHUS (TOPHI)","RENAL.*IMPAIRMENT"
"CREAT_C","M1A3111","CHRONIC GOUT DUE TO RENAL IMPAIRMENT, RIGHT SHOULDER, WITH TOPHUS (TOPHI)","RENAL.*IMPAIRMENT"
"CREAT_C","M1A3120","CHRONIC GOUT DUE TO RENAL IMPAIRMENT, LEFT SHOULDER, WITHOUT TOPHUS (TOPHI)","RENAL.*IMPAIRMENT"
"CREAT_C","M1A3121","CHRONIC GOUT DUE TO RENAL IMPAIRMENT, LEFT SHOULDER, WITH TOPHUS (TOPHI)","RENAL.*IMPAIRMENT"
"CREAT_C","M1A3190","CHRONIC GOUT DUE TO RENAL IMPAIRMENT, UNSPECIFIED SHOULDER, WITHOUT TOPHUS (TOPHI)","RENAL.*IMPAIRMENT"
"CREAT_C","M1A3191","CHRONIC GOUT DUE TO RENAL IMPAIRMENT, UNSPECIFIED SHOULDER, WITH TOPHUS (TOPHI)","RENAL.*IMPAIRMENT"
"CREAT_C","M1A3210","CHRONIC GOUT DUE TO RENAL IMPAIRMENT, RIGHT ELBOW, WITHOUT TOPHUS (TOPHI)","RENAL.*IMPAIRMENT"
"CREAT_C","M1A3211","CHRONIC GOUT DUE TO RENAL IMPAIRMENT, RIGHT ELBOW, WITH TOPHUS (TOPHI)","RENAL.*IMPAIRMENT"
"CREAT_C","M1A3220","CHRONIC GOUT DUE TO RENAL IMPAIRMENT, LEFT ELBOW, WITHOUT TOPHUS (TOPHI)","RENAL.*IMPAIRMENT"
"CREAT_C","M1A3221","CHRONIC GOUT DUE TO RENAL IMPAIRMENT, LEFT ELBOW, WITH TOPHUS (TOPHI)","RENAL.*IMPAIRMENT"
"CREAT_C","M1A3290","CHRONIC GOUT DUE TO RENAL IMPAIRMENT, UNSPECIFIED ELBOW, WITHOUT TOPHUS (TOPHI)","RENAL.*IMPAIRMENT"
"CREAT_C","M1A3291","CHRONIC GOUT DUE TO RENAL IMPAIRMENT, UNSPECIFIED ELBOW, WITH TOPHUS (TOPHI)","RENAL.*IMPAIRMENT"
"CREAT_C","M1A3310","CHRONIC GOUT DUE TO RENAL IMPAIRMENT, RIGHT WRIST, WITHOUT TOPHUS (TOPHI)","RENAL.*IMPAIRMENT"
"CREAT_C","M1A3311","CHRONIC GOUT DUE TO RENAL IMPAIRMENT, RIGHT WRIST, WITH TOPHUS (TOPHI)","RENAL.*IMPAIRMENT"
"CREAT_C","M1A3320","CHRONIC GOUT DUE TO RENAL IMPAIRMENT, LEFT WRIST, WITHOUT TOPHUS (TOPHI)","RENAL.*IMPAIRMENT"
"CREAT_C","M1A3321","CHRONIC GOUT DUE TO RENAL IMPAIRMENT, LEFT WRIST, WITH TOPHUS (TOPHI)","RENAL.*IMPAIRMENT"
"CREAT_C","M1A3390","CHRONIC GOUT DUE TO RENAL IMPAIRMENT, UNSPECIFIED WRIST, WITHOUT TOPHUS (TOPHI)","RENAL.*IMPAIRMENT"
"CREAT_C","M1A3391","CHRONIC GOUT DUE TO RENAL IMPAIRMENT, UNSPECIFIED WRIST, WITH TOPHUS (TOPHI)","RENAL.*IMPAIRMENT"
"CREAT_C","M1A3410","CHRONIC GOUT DUE TO RENAL IMPAIRMENT, RIGHT HAND, WITHOUT TOPHUS (TOPHI)","RENAL.*IMPAIRMENT"
"CREAT_C","M1A3411","CHRONIC GOUT DUE TO RENAL IMPAIRMENT, RIGHT HAND, WITH TOPHUS (TOPHI)","RENAL.*IMPAIRMENT"
"CREAT_C","M1A3420","CHRONIC GOUT DUE TO RENAL IMPAIRMENT, LEFT HAND, WITHOUT TOPHUS (TOPHI)","RENAL.*IMPAIRMENT"
"CREAT_C","M1A3421","CHRONIC GOUT DUE TO RENAL IMPAIRMENT, LEFT HAND, WITH TOPHUS (TOPHI)","RENAL.*IMPAIRMENT"
"CREAT_C","M1A3490","CHRONIC GOUT DUE TO RENAL IMPAIRMENT, UNSPECIFIED HAND, WITHOUT TOPHUS (TOPHI)","RENAL.*IMPAIRMENT"
"CREAT_C","M1A3491","CHRONIC GOUT DUE TO RENAL IMPAIRMENT, UNSPECIFIED HAND, WITH TOPHUS (TOPHI)","RENAL.*IMPAIRMENT"
"CREAT_C","M1A3510","CHRONIC GOUT DUE TO RENAL IMPAIRMENT, RIGHT HIP, WITHOUT TOPHUS (TOPHI)","RENAL.*IMPAIRMENT"
"CREAT_C","M1A3511","CHRONIC GOUT DUE TO RENAL IMPAIRMENT, RIGHT HIP, WITH TOPHUS (TOPHI)","RENAL.*IMPAIRMENT"
"CREAT_C","M1A3520","CHRONIC GOUT DUE TO RENAL IMPAIRMENT, LEFT HIP, WITHOUT TOPHUS (TOPHI)","RENAL.*IMPAIRMENT"
"CREAT_C","M1A3521","CHRONIC GOUT DUE TO RENAL IMPAIRMENT, LEFT HIP, WITH TOPHUS (TOPHI)","RENAL.*IMPAIRMENT"
"CREAT_C","M1A3590","CHRONIC GOUT DUE TO RENAL IMPAIRMENT, UNSPECIFIED HIP, WITHOUT TOPHUS (TOPHI)","RENAL.*IMPAIRMENT"
"CREAT_C","M1A3591","CHRONIC GOUT DUE TO RENAL IMPAIRMENT, UNSPECIFIED HIP, WITH TOPHUS (TOPHI)","RENAL.*IMPAIRMENT"
"CREAT_C","M1A3610","CHRONIC GOUT DUE TO RENAL IMPAIRMENT, RIGHT KNEE, WITHOUT TOPHUS (TOPHI)","RENAL.*IMPAIRMENT"
"CREAT_C","M1A3611","CHRONIC GOUT DUE TO RENAL IMPAIRMENT, RIGHT KNEE, WITH TOPHUS (TOPHI)","RENAL.*IMPAIRMENT"
"CREAT_C","M1A3620","CHRONIC GOUT DUE TO RENAL IMPAIRMENT, LEFT KNEE, WITHOUT TOPHUS (TOPHI)","RENAL.*IMPAIRMENT"
"CREAT_C","M1A3621","CHRONIC GOUT DUE TO RENAL IMPAIRMENT, LEFT KNEE, WITH TOPHUS (TOPHI)","RENAL.*IMPAIRMENT"
"CREAT_C","M1A3690","CHRONIC GOUT DUE TO RENAL IMPAIRMENT, UNSPECIFIED KNEE, WITHOUT TOPHUS (TOPHI)","RENAL.*IMPAIRMENT"
"CREAT_C","M1A3691","CHRONIC GOUT DUE TO RENAL IMPAIRMENT, UNSPECIFIED KNEE, WITH TOPHUS (TOPHI)","RENAL.*IMPAIRMENT"
"CREAT_C","M1A3710","CHRONIC GOUT DUE TO RENAL IMPAIRMENT, RIGHT ANKLE AND FOOT, WITHOUT TOPHUS (TOPHI)","RENAL.*IMPAIRMENT"
"CREAT_C","M1A3711","CHRONIC GOUT DUE TO RENAL IMPAIRMENT, RIGHT ANKLE AND FOOT, WITH TOPHUS (TOPHI)","RENAL.*IMPAIRMENT"
"CREAT_C","M1A3720","CHRONIC GOUT DUE TO RENAL IMPAIRMENT, LEFT ANKLE AND FOOT, WITHOUT TOPHUS (TOPHI)","RENAL.*IMPAIRMENT"
"CREAT_C","M1A3721","CHRONIC GOUT DUE TO RENAL IMPAIRMENT, LEFT ANKLE AND FOOT, WITH TOPHUS (TOPHI)","RENAL.*IMPAIRMENT"
"CREAT_C","M1A3790","CHRONIC GOUT DUE TO RENAL IMPAIRMENT, UNSPECIFIED ANKLE AND FOOT, WITHOUT TOPHUS (TOPHI)","RENAL.*IMPAIRMENT"
"CREAT_C","M1A3791","CHRONIC GOUT DUE TO RENAL IMPAIRMENT, UNSPECIFIED ANKLE AND FOOT, WITH TOPHUS (TOPHI)","RENAL.*IMPAIRMENT"
"CREAT_C","M1A38X0","CHRONIC GOUT DUE TO RENAL IMPAIRMENT, VERTEBRAE, WITHOUT TOPHUS (TOPHI)","RENAL.*IMPAIRMENT"
"CREAT_C","M1A38X1","CHRONIC GOUT DUE TO RENAL IMPAIRMENT, VERTEBRAE, WITH TOPHUS (TOPHI)","RENAL.*IMPAIRMENT"
"CREAT_C","M1A39X0","CHRONIC GOUT DUE TO RENAL IMPAIRMENT, MULTIPLE SITES, WITHOUT TOPHUS (TOPHI)","RENAL.*IMPAIRMENT"
"CREAT_C","M1A39X1","CHRONIC GOUT DUE TO RENAL IMPAIRMENT, MULTIPLE SITES, WITH TOPHUS (TOPHI)","RENAL.*IMPAIRMENT"
"CREAT_C","M3214","GLOMERULAR DISEASE IN SYSTEMIC LUPUS ERYTHEMATOSUS","GLOMERULAR.*DISEASE"
"CREAT_C","M3215","TUBULO-INTERSTITIAL NEPHROPATHY IN SYSTEMIC LUPUS ERYTHEMATOSUS","NEPHROPATHY"
"CREAT_C","M3504","SJOGREN SYNDROME WITH TUBULO-INTERSTITIAL NEPHROPATHY","NEPHROPATHY"
"CREAT_C","M350A","SJOGREN SYNDROME WITH GLOMERULAR DISEASE","GLOMERULAR.*DISEASE"
"CREAT_C","N002","ACUTE NEPHRITIC SYNDROME WITH DIFFUSE MEMBRANOUS GLOMERULONEPHRITIS","NEPHRITIS; GLOMERULONEPHRITIS"
"CREAT_C","N003","ACUTE NEPHRITIC SYNDROME WITH DIFFUSE MESANGIAL PROLIFERATIVE GLOMERULONEPHRITIS","NEPHRITIS; GLOMERULONEPHRITIS"
"CREAT_C","N004","ACUTE NEPHRITIC SYNDROME WITH DIFFUSE ENDOCAPILLARY PROLIFERATIVE GLOMERULONEPHRITIS","NEPHRITIS; GLOMERULONEPHRITIS"
"CREAT_C","N005","ACUTE NEPHRITIC SYNDROME WITH DIFFUSE MESANGIOCAPILLARY GLOMERULONEPHRITIS","NEPHRITIS; GLOMERULONEPHRITIS"
"CREAT_C","N007","ACUTE NEPHRITIC SYNDROME WITH DIFFUSE CRESCENTIC GLOMERULONEPHRITIS","NEPHRITIS; GLOMERULONEPHRITIS"
"CREAT_C","N00A","ACUTE NEPHRITIC SYNDROME WITH C3 GLOMERULONEPHRITIS","NEPHRITIS; GLOMERULONEPHRITIS"
"CREAT_C","N00B1","ACUTE NEPHRITIC SYNDROME WITH IDIOPATHIC IMMUNE MEMBRANOPROLIFERATIVE GLOMERULONEPHRITIS (IC-MPGN)","NEPHRITIS; GLOMERULONEPHRITIS"
"CREAT_C","N00B2","ACUTE NEPHRITIC SYNDROME WITH SECONDARY IMMUNE COMPLEX MEMBRANOPROLIFERATIVE GLOMERULONEPHRITIS (IC-MPGN)","NEPHRITIS; GLOMERULONEPHRITIS"
"CREAT_C","N012","RAPIDLY PROGRESSIVE NEPHRITIC SYNDROME WITH DIFFUSE MEMBRANOUS GLOMERULONEPHRITIS","NEPHRITIS; GLOMERULONEPHRITIS"
"CREAT_C","N013","RAPIDLY PROGRESSIVE NEPHRITIC SYNDROME WITH DIFFUSE MESANGIAL PROLIFERATIVE GLOMERULONEPHRITIS","NEPHRITIS; GLOMERULONEPHRITIS"
"CREAT_C","N014","RAPIDLY PROGRESSIVE NEPHRITIC SYNDROME WITH DIFFUSE ENDOCAPILLARY PROLIFERATIVE GLOMERULONEPHRITIS","NEPHRITIS; GLOMERULONEPHRITIS"
"CREAT_C","N015","RAPIDLY PROGRESSIVE NEPHRITIC SYNDROME WITH DIFFUSE MESANGIOCAPILLARY GLOMERULONEPHRITIS","NEPHRITIS; GLOMERULONEPHRITIS"
"CREAT_C","N017","RAPIDLY PROGRESSIVE NEPHRITIC SYNDROME WITH DIFFUSE CRESCENTIC GLOMERULONEPHRITIS","NEPHRITIS; GLOMERULONEPHRITIS"
"CREAT_C","N01A","RAPIDLY PROGRESSIVE NEPHRITIC SYNDROME WITH C3 GLOMERULONEPHRITIS","NEPHRITIS; GLOMERULONEPHRITIS"
"CREAT_C","N022","RECURRENT AND PERSISTENT HEMATURIA WITH DIFFUSE MEMBRANOUS GLOMERULONEPHRITIS","NEPHRITIS; GLOMERULONEPHRITIS"
"CREAT_C","N023","RECURRENT AND PERSISTENT HEMATURIA WITH DIFFUSE MESANGIAL PROLIFERATIVE GLOMERULONEPHRITIS","NEPHRITIS; GLOMERULONEPHRITIS"
"CREAT_C","N024","RECURRENT AND PERSISTENT HEMATURIA WITH DIFFUSE ENDOCAPILLARY PROLIFERATIVE GLOMERULONEPHRITIS","NEPHRITIS; GLOMERULONEPHRITIS"
"CREAT_C","N025","RECURRENT AND PERSISTENT HEMATURIA WITH DIFFUSE MESANGIOCAPILLARY GLOMERULONEPHRITIS","NEPHRITIS; GLOMERULONEPHRITIS"
"CREAT_C","N027","RECURRENT AND PERSISTENT HEMATURIA WITH DIFFUSE CRESCENTIC GLOMERULONEPHRITIS","NEPHRITIS; GLOMERULONEPHRITIS"
"CREAT_C","N02A","RECURRENT AND PERSISTENT HEMATURIA WITH C3 GLOMERULONEPHRITIS","NEPHRITIS; GLOMERULONEPHRITIS"
"CREAT_C","N02B1","RECURRENT AND PERSISTENT IMMUNOGLOBULIN A NEPHROPATHY WITH GLOMERULAR LESION","NEPHROPATHY"
"CREAT_C","N02B2","RECURRENT AND PERSISTENT IMMUNOGLOBULIN A NEPHROPATHY WITH FOCAL AND SEGMENTAL GLOMERULAR LESION","NEPHROPATHY"
"CREAT_C","N02B3","RECURRENT AND PERSISTENT IMMUNOGLOBULIN A NEPHROPATHY WITH DIFFUSE MEMBRANOPROLIFERATIVE GLOMERULONEPHRITIS","NEPHROPATHY; NEPHRITIS; GLOMERULONEPHRITIS"
"CREAT_C","N02B4","RECURRENT AND PERSISTENT IMMUNOGLOBULIN A NEPHROPATHY WITH DIFFUSE MEMBRANOUS GLOMERULONEPHRITIS","NEPHROPATHY; NEPHRITIS; GLOMERULONEPHRITIS"
"CREAT_C","N02B5","RECURRENT AND PERSISTENT IMMUNOGLOBULIN A NEPHROPATHY WITH DIFFUSE MESANGIAL PROLIFERATIVE GLOMERULONEPHRITIS","NEPHROPATHY; NEPHRITIS; GLOMERULONEPHRITIS"
"CREAT_C","N02B6","RECURRENT AND PERSISTENT IMMUNOGLOBULIN A NEPHROPATHY WITH DIFFUSE MESANGIOCAPILLARY GLOMERULONEPHRITIS","NEPHROPATHY; NEPHRITIS; GLOMERULONEPHRITIS"
"CREAT_C","N02B9","OTHER RECURRENT AND PERSISTENT IMMUNOGLOBULIN A NEPHROPATHY","NEPHROPATHY"
"CREAT_C","N032","CHRONIC NEPHRITIC SYNDROME WITH DIFFUSE MEMBRANOUS GLOMERULONEPHRITIS","NEPHRITIS; GLOMERULONEPHRITIS"
"CREAT_C","N033","CHRONIC NEPHRITIC SYNDROME WITH DIFFUSE MESANGIAL PROLIFERATIVE GLOMERULONEPHRITIS","NEPHRITIS; GLOMERULONEPHRITIS"
"CREAT_C","N034","CHRONIC NEPHRITIC SYNDROME WITH DIFFUSE ENDOCAPILLARY PROLIFERATIVE GLOMERULONEPHRITIS","NEPHRITIS; GLOMERULONEPHRITIS"
"CREAT_C","N035","CHRONIC NEPHRITIC SYNDROME WITH DIFFUSE MESANGIOCAPILLARY GLOMERULONEPHRITIS","NEPHRITIS; GLOMERULONEPHRITIS"
"CREAT_C","N037","CHRONIC NEPHRITIC SYNDROME WITH DIFFUSE CRESCENTIC GLOMERULONEPHRITIS","NEPHRITIS; GLOMERULONEPHRITIS"
"CREAT_C","N03A","CHRONIC NEPHRITIC SYNDROME WITH C3 GLOMERULONEPHRITIS","NEPHRITIS; GLOMERULONEPHRITIS"
"CREAT_C","N0420","NEPHROTIC SYNDROME WITH DIFFUSE MEMBRANOUS GLOMERULONEPHRITIS, UNSPECIFIED","NEPHRITIS; GLOMERULONEPHRITIS"
"CREAT_C","N0421","PRIMARY MEMBRANOUS NEPHROPATHY WITH NEPHROTIC SYNDROME","NEPHROPATHY"
"CREAT_C","N0422","SECONDARY MEMBRANOUS NEPHROPATHY WITH NEPHROTIC SYNDROME","NEPHROPATHY"
"CREAT_C","N0429","OTHER NEPHROTIC SYNDROME WITH DIFFUSE MEMBRANOUS GLOMERULONEPHRITIS","NEPHRITIS; GLOMERULONEPHRITIS"
"CREAT_C","N043","NEPHROTIC SYNDROME WITH DIFFUSE MESANGIAL PROLIFERATIVE GLOMERULONEPHRITIS","NEPHRITIS; GLOMERULONEPHRITIS"
"CREAT_C","N044","NEPHROTIC SYNDROME WITH DIFFUSE ENDOCAPILLARY PROLIFERATIVE GLOMERULONEPHRITIS","NEPHRITIS; GLOMERULONEPHRITIS"
"CREAT_C","N045","NEPHROTIC SYNDROME WITH DIFFUSE MESANGIOCAPILLARY GLOMERULONEPHRITIS","NEPHRITIS; GLOMERULONEPHRITIS"
"CREAT_C","N047","NEPHROTIC SYNDROME WITH DIFFUSE CRESCENTIC GLOMERULONEPHRITIS","NEPHRITIS; GLOMERULONEPHRITIS"
"CREAT_C","N04A","NEPHROTIC SYNDROME WITH C3 GLOMERULONEPHRITIS","NEPHRITIS; GLOMERULONEPHRITIS"
"CREAT_C","N04B1","NEPHROTIC SYNDROME WITH IDIOPATHIC IMMUNE COMPLEX MEMBRANOPROLIFERATIVE GLOMERULONEPHRITIS (IC-MPGN)","NEPHRITIS; GLOMERULONEPHRITIS"
"CREAT_C","N04B2","NEPHROTIC SYNDROME WITH SECONDARY IMMUNE COMPLEX MEMBRANOPROLIFERATIVE GLOMERULONEPHRITIS (IC-MPGN)","NEPHRITIS; GLOMERULONEPHRITIS"
"CREAT_C","N052","UNSPECIFIED NEPHRITIC SYNDROME WITH DIFFUSE MEMBRANOUS GLOMERULONEPHRITIS","NEPHRITIS; GLOMERULONEPHRITIS"
"CREAT_C","N053","UNSPECIFIED NEPHRITIC SYNDROME WITH DIFFUSE MESANGIAL PROLIFERATIVE GLOMERULONEPHRITIS","NEPHRITIS; GLOMERULONEPHRITIS"
"CREAT_C","N054","UNSPECIFIED NEPHRITIC SYNDROME WITH DIFFUSE ENDOCAPILLARY PROLIFERATIVE GLOMERULONEPHRITIS","NEPHRITIS; GLOMERULONEPHRITIS"
"CREAT_C","N055","UNSPECIFIED NEPHRITIC SYNDROME WITH DIFFUSE MESANGIOCAPILLARY GLOMERULONEPHRITIS","NEPHRITIS; GLOMERULONEPHRITIS"
"CREAT_C","N057","UNSPECIFIED NEPHRITIC SYNDROME WITH DIFFUSE CRESCENTIC GLOMERULONEPHRITIS","NEPHRITIS; GLOMERULONEPHRITIS"
"CREAT_C","N05A","UNSPECIFIED NEPHRITIC SYNDROME WITH C3 GLOMERULONEPHRITIS","NEPHRITIS; GLOMERULONEPHRITIS"
"CREAT_C","N0620","ISOLATED PROTEINURIA WITH DIFFUSE MEMBRANOUS GLOMERULONEPHRITIS, UNSPECIFIED","NEPHRITIS; GLOMERULONEPHRITIS"
"CREAT_C","N0621","PRIMARY MEMBRANOUS NEPHROPATHY WITH ISOLATED PROTEINURIA","NEPHROPATHY"
"CREAT_C","N0622","SECONDARY MEMBRANOUS NEPHROPATHY WITH ISOLATED PROTEINURIA","NEPHROPATHY"
"CREAT_C","N0629","OTHER ISOLATED PROTEINURIA WITH DIFFUSE MEMBRANOUS GLOMERULONEPHRITIS","NEPHRITIS; GLOMERULONEPHRITIS"
"CREAT_C","N063","ISOLATED PROTEINURIA WITH DIFFUSE MESANGIAL PROLIFERATIVE GLOMERULONEPHRITIS","NEPHRITIS; GLOMERULONEPHRITIS"
"CREAT_C","N064","ISOLATED PROTEINURIA WITH DIFFUSE ENDOCAPILLARY PROLIFERATIVE GLOMERULONEPHRITIS","NEPHRITIS; GLOMERULONEPHRITIS"
"CREAT_C","N065","ISOLATED PROTEINURIA WITH DIFFUSE MESANGIOCAPILLARY GLOMERULONEPHRITIS","NEPHRITIS; GLOMERULONEPHRITIS"
"CREAT_C","N067","ISOLATED PROTEINURIA WITH DIFFUSE CRESCENTIC GLOMERULONEPHRITIS","NEPHRITIS; GLOMERULONEPHRITIS"
"CREAT_C","N06A","ISOLATED PROTEINURIA WITH C3 GLOMERULONEPHRITIS","NEPHRITIS; GLOMERULONEPHRITIS"
"CREAT_C","N070","HEREDITARY NEPHROPATHY, NOT ELSEWHERE CLASSIFIED WITH MINOR GLOMERULAR ABNORMALITY","NEPHROPATHY"
"CREAT_C","N071","HEREDITARY NEPHROPATHY, NOT ELSEWHERE CLASSIFIED WITH FOCAL AND SEGMENTAL GLOMERULAR LESIONS","NEPHROPATHY"
"CREAT_C","N072","HEREDITARY NEPHROPATHY, NOT ELSEWHERE CLASSIFIED WITH DIFFUSE MEMBRANOUS GLOMERULONEPHRITIS","NEPHROPATHY; NEPHRITIS; GLOMERULONEPHRITIS"
"CREAT_C","N073","HEREDITARY NEPHROPATHY, NOT ELSEWHERE CLASSIFIED WITH DIFFUSE MESANGIAL PROLIFERATIVE GLOMERULONEPHRITIS","NEPHROPATHY; NEPHRITIS; GLOMERULONEPHRITIS"
"CREAT_C","N074","HEREDITARY NEPHROPATHY, NOT ELSEWHERE CLASSIFIED WITH DIFFUSE ENDOCAPILLARY PROLIFERATIVE GLOMERULONEPHRITIS","NEPHROPATHY; NEPHRITIS; GLOMERULONEPHRITIS"
"CREAT_C","N075","HEREDITARY NEPHROPATHY, NOT ELSEWHERE CLASSIFIED WITH DIFFUSE MESANGIOCAPILLARY GLOMERULONEPHRITIS","NEPHROPATHY; NEPHRITIS; GLOMERULONEPHRITIS"
"CREAT_C","N076","HEREDITARY NEPHROPATHY, NOT ELSEWHERE CLASSIFIED WITH DENSE DEPOSIT DISEASE","NEPHROPATHY"
"CREAT_C","N077","HEREDITARY NEPHROPATHY, NOT ELSEWHERE CLASSIFIED WITH DIFFUSE CRESCENTIC GLOMERULONEPHRITIS","NEPHROPATHY; NEPHRITIS; GLOMERULONEPHRITIS"
"CREAT_C","N078","HEREDITARY NEPHROPATHY, NOT ELSEWHERE CLASSIFIED WITH OTHER MORPHOLOGIC LESIONS","NEPHROPATHY"
"CREAT_C","N079","HEREDITARY NEPHROPATHY, NOT ELSEWHERE CLASSIFIED WITH UNSPECIFIED MORPHOLOGIC LESIONS","NEPHROPATHY"
"CREAT_C","N07A","HEREDITARY NEPHROPATHY, NOT ELSEWHERE CLASSIFIED WITH C3 GLOMERULONEPHRITIS","NEPHROPATHY; NEPHRITIS; GLOMERULONEPHRITIS"
"CREAT_C","N07B","HEREDITARY NEPHROPATHY, NOT ELSEWHERE CLASSIFIED WITH APOL1-MEDIATED KIDNEY DISEASE [AMKD]","KIDNEY.*DISEASE; NEPHROPATHY"
"CREAT_C","N08","GLOMERULAR DISORDERS IN DISEASES CLASSIFIED ELSEWHERE","GLOMERULAR.*DISEASE"
"CREAT_C","N10","ACUTE PYELONEPHRITIS","NEPHRITIS; PYELONEPHRITIS"
"CREAT_C","N110","NONOBSTRUCTIVE REFLUX-ASSOCIATED CHRONIC PYELONEPHRITIS","NEPHRITIS; PYELONEPHRITIS"
"CREAT_C","N111","CHRONIC OBSTRUCTIVE PYELONEPHRITIS","NEPHRITIS; PYELONEPHRITIS"
"CREAT_C","N118","OTHER CHRONIC TUBULO-INTERSTITIAL NEPHRITIS","NEPHRITIS; INTERSTITIAL.*NEPHRITIS"
"CREAT_C","N119","CHRONIC TUBULO-INTERSTITIAL NEPHRITIS, UNSPECIFIED","NEPHRITIS; INTERSTITIAL.*NEPHRITIS"
"CREAT_C","N12","TUBULO-INTERSTITIAL NEPHRITIS, NOT SPECIFIED AS ACUTE OR CHRONIC","NEPHRITIS; INTERSTITIAL.*NEPHRITIS"
"CREAT_C","N1371","VESICOURETERAL-REFLUX WITHOUT REFLUX NEPHROPATHY","NEPHROPATHY"
"CREAT_C","N13721","VESICOURETERAL-REFLUX WITH REFLUX NEPHROPATHY WITHOUT HYDROURETER, UNILATERAL","NEPHROPATHY"
"CREAT_C","N13722","VESICOURETERAL-REFLUX WITH REFLUX NEPHROPATHY WITHOUT HYDROURETER, BILATERAL","NEPHROPATHY"
"CREAT_C","N13729","VESICOURETERAL-REFLUX WITH REFLUX NEPHROPATHY WITHOUT HYDROURETER, UNSPECIFIED","NEPHROPATHY"
"CREAT_C","N13731","VESICOURETERAL-REFLUX WITH REFLUX NEPHROPATHY WITH HYDROURETER, UNILATERAL","NEPHROPATHY"
"CREAT_C","N13732","VESICOURETERAL-REFLUX WITH REFLUX NEPHROPATHY WITH HYDROURETER, BILATERAL","NEPHROPATHY"
"CREAT_C","N13739","VESICOURETERAL-REFLUX WITH REFLUX NEPHROPATHY WITH HYDROURETER, UNSPECIFIED","NEPHROPATHY"
"CREAT_C","N140","ANALGESIC NEPHROPATHY","NEPHROPATHY"
"CREAT_C","N1411","CONTRAST-INDUCED NEPHROPATHY","NEPHROPATHY"
"CREAT_C","N1419","NEPHROPATHY INDUCED BY OTHER DRUGS, MEDICAMENTS AND BIOLOGICAL SUBSTANCES","NEPHROPATHY"
"CREAT_C","N142","NEPHROPATHY INDUCED BY UNSPECIFIED DRUG, MEDICAMENT OR BIOLOGICAL SUBSTANCE","NEPHROPATHY"
"CREAT_C","N143","NEPHROPATHY INDUCED BY HEAVY METALS","NEPHROPATHY"
"CREAT_C","N144","TOXIC NEPHROPATHY, NOT ELSEWHERE CLASSIFIED","NEPHROPATHY"
"CREAT_C","N150","BALKAN NEPHROPATHY","NEPHROPATHY"
"CREAT_C","N170","ACUTE KIDNEY FAILURE WITH TUBULAR NECROSIS","KIDNEY.*FAILURE; TUBULAR.*NECROSIS; ACUTE.*KIDNEY.*FAILURE"
"CREAT_C","N171","ACUTE KIDNEY FAILURE WITH ACUTE CORTICAL NECROSIS","KIDNEY.*FAILURE; ACUTE.*KIDNEY.*FAILURE"
"CREAT_C","N172","ACUTE KIDNEY FAILURE WITH MEDULLARY NECROSIS","KIDNEY.*FAILURE; ACUTE.*KIDNEY.*FAILURE"
"CREAT_C","N178","OTHER ACUTE KIDNEY FAILURE","KIDNEY.*FAILURE; ACUTE.*KIDNEY.*FAILURE"
"CREAT_C","N179","ACUTE KIDNEY FAILURE, UNSPECIFIED","KIDNEY.*FAILURE; ACUTE.*KIDNEY.*FAILURE"
"CREAT_C","N181","CHRONIC KIDNEY DISEASE, STAGE 1","KIDNEY.*DISEASE; CHRONIC.*KIDNEY.*DISEASE"
"CREAT_C","N182","CHRONIC KIDNEY DISEASE, STAGE 2 (MILD)","KIDNEY.*DISEASE; CHRONIC.*KIDNEY.*DISEASE"
"CREAT_C","N1830","CHRONIC KIDNEY DISEASE, STAGE 3 UNSPECIFIED","KIDNEY.*DISEASE; CHRONIC.*KIDNEY.*DISEASE"
"CREAT_C","N1831","CHRONIC KIDNEY DISEASE, STAGE 3A","KIDNEY.*DISEASE; CHRONIC.*KIDNEY.*DISEASE"
"CREAT_C","N1832","CHRONIC KIDNEY DISEASE, STAGE 3B","KIDNEY.*DISEASE; CHRONIC.*KIDNEY.*DISEASE"
"CREAT_C","N184","CHRONIC KIDNEY DISEASE, STAGE 4 (SEVERE)","KIDNEY.*DISEASE; CHRONIC.*KIDNEY.*DISEASE"
"CREAT_C","N185","CHRONIC KIDNEY DISEASE, STAGE 5","KIDNEY.*DISEASE; CHRONIC.*KIDNEY.*DISEASE"
"CREAT_C","N186","END STAGE RENAL DISEASE","END.*STAGE.*RENAL.*DISEASE"
"CREAT_C","N189","CHRONIC KIDNEY DISEASE, UNSPECIFIED","KIDNEY.*DISEASE; CHRONIC.*KIDNEY.*DISEASE"
"CREAT_C","N19","UNSPECIFIED KIDNEY FAILURE","KIDNEY.*FAILURE"
"CREAT_C","N2589","OTHER DISORDERS RESULTING FROM IMPAIRED RENAL TUBULAR FUNCTION","IMPAIRED.*RENAL.*FUNCTION"
"CREAT_C","N259","DISORDER RESULTING FROM IMPAIRED RENAL TUBULAR FUNCTION, UNSPECIFIED","IMPAIRED.*RENAL.*FUNCTION"
"CREAT_C","N29","OTHER DISORDERS OF KIDNEY AND URETER IN DISEASES CLASSIFIED ELSEWHERE","KIDNEY.*DISEASE"
"CREAT_C","N990","POSTPROCEDURAL (ACUTE) (CHRONIC) KIDNEY FAILURE","KIDNEY.*FAILURE; ACUTE.*KIDNEY.*FAILURE"
"CREAT_C","O0332","RENAL FAILURE FOLLOWING INCOMPLETE SPONTANEOUS ABORTION","RENAL.*FAILURE"
"CREAT_C","O0382","RENAL FAILURE FOLLOWING COMPLETE OR UNSPECIFIED SPONTANEOUS ABORTION","RENAL.*FAILURE"
"CREAT_C","O0482","RENAL FAILURE FOLLOWING (INDUCED) TERMINATION OF PREGNANCY","RENAL.*FAILURE"
"CREAT_C","O0732","RENAL FAILURE FOLLOWING FAILED ATTEMPTED TERMINATION OF PREGNANCY","RENAL.*FAILURE"
"CREAT_C","O084","RENAL FAILURE FOLLOWING ECTOPIC AND MOLAR PREGNANCY","RENAL.*FAILURE"
"CREAT_C","O10211","PRE-EXISTING HYPERTENSIVE CHRONIC KIDNEY DISEASE COMPLICATING PREGNANCY, FIRST TRIMESTER","KIDNEY.*DISEASE; CHRONIC.*KIDNEY.*DISEASE"
"CREAT_C","O10212","PRE-EXISTING HYPERTENSIVE CHRONIC KIDNEY DISEASE COMPLICATING PREGNANCY, SECOND TRIMESTER","KIDNEY.*DISEASE; CHRONIC.*KIDNEY.*DISEASE"
"CREAT_C","O10213","PRE-EXISTING HYPERTENSIVE CHRONIC KIDNEY DISEASE COMPLICATING PREGNANCY, THIRD TRIMESTER","KIDNEY.*DISEASE; CHRONIC.*KIDNEY.*DISEASE"
"CREAT_C","O10219","PRE-EXISTING HYPERTENSIVE CHRONIC KIDNEY DISEASE COMPLICATING PREGNANCY, UNSPECIFIED TRIMESTER","KIDNEY.*DISEASE; CHRONIC.*KIDNEY.*DISEASE"
"CREAT_C","O1022","PRE-EXISTING HYPERTENSIVE CHRONIC KIDNEY DISEASE COMPLICATING CHILDBIRTH","KIDNEY.*DISEASE; CHRONIC.*KIDNEY.*DISEASE"
"CREAT_C","O1023","PRE-EXISTING HYPERTENSIVE CHRONIC KIDNEY DISEASE COMPLICATING THE PUERPERIUM","KIDNEY.*DISEASE; CHRONIC.*KIDNEY.*DISEASE"
"CREAT_C","O10311","PRE-EXISTING HYPERTENSIVE HEART AND CHRONIC KIDNEY DISEASE COMPLICATING PREGNANCY, FIRST TRIMESTER","KIDNEY.*DISEASE; CHRONIC.*KIDNEY.*DISEASE"
"CREAT_C","O10312","PRE-EXISTING HYPERTENSIVE HEART AND CHRONIC KIDNEY DISEASE COMPLICATING PREGNANCY, SECOND TRIMESTER","KIDNEY.*DISEASE; CHRONIC.*KIDNEY.*DISEASE"
"CREAT_C","O10313","PRE-EXISTING HYPERTENSIVE HEART AND CHRONIC KIDNEY DISEASE COMPLICATING PREGNANCY, THIRD TRIMESTER","KIDNEY.*DISEASE; CHRONIC.*KIDNEY.*DISEASE"
"CREAT_C","O10319","PRE-EXISTING HYPERTENSIVE HEART AND CHRONIC KIDNEY DISEASE COMPLICATING PREGNANCY, UNSPECIFIED TRIMESTER","KIDNEY.*DISEASE; CHRONIC.*KIDNEY.*DISEASE"
"CREAT_C","O1032","PRE-EXISTING HYPERTENSIVE HEART AND CHRONIC KIDNEY DISEASE COMPLICATING CHILDBIRTH","KIDNEY.*DISEASE; CHRONIC.*KIDNEY.*DISEASE"
"CREAT_C","O1033","PRE-EXISTING HYPERTENSIVE HEART AND CHRONIC KIDNEY DISEASE COMPLICATING THE PUERPERIUM","KIDNEY.*DISEASE; CHRONIC.*KIDNEY.*DISEASE"
"CREAT_C","O9049","OTHER POSTPARTUM ACUTE KIDNEY FAILURE","KIDNEY.*FAILURE; ACUTE.*KIDNEY.*FAILURE"
"CREAT_C","P960","CONGENITAL RENAL FAILURE","RENAL.*FAILURE"
"CREAT_C","Q618","OTHER CYSTIC KIDNEY DISEASES","KIDNEY.*DISEASE"
"CREAT_C","Q619","CYSTIC KIDNEY DISEASE, UNSPECIFIED","KIDNEY.*DISEASE"
"CREAT_C","R392","EXTRARENAL UREMIA","UREMIA"
"CREAT_C","T8612","KIDNEY TRANSPLANT FAILURE","KIDNEY.*FAILURE"
"CREAT_C","Z153","GENETIC SUSCEPTIBILITY TO KIDNEY DISEASE","KIDNEY.*DISEASE"
"CREAT_C","Z8411","FAMILY HISTORY OF APOL1-MEDIATED KIDNEY DISEASE [AMKD]","KIDNEY.*DISEASE"
"CRP","A0101","TYPHOID MENINGITIS","MENINGITIS"
"CRP","A0103","TYPHOID PNEUMONIA","PNEUMONIA"
"CRP","A0104","TYPHOID ARTHRITIS","ARTHRITIS"
"CRP","A0105","TYPHOID OSTEOMYELITIS","OSTEOMYELITIS"
"CRP","A021","SALMONELLA SEPSIS","SEPSIS"
"CRP","A0220","LOCALIZED SALMONELLA INFECTION, UNSPECIFIED","INFECTION"
"CRP","A0221","SALMONELLA MENINGITIS","MENINGITIS"
"CRP","A0222","SALMONELLA PNEUMONIA","PNEUMONIA"
"CRP","A0223","SALMONELLA ARTHRITIS","ARTHRITIS"
"CRP","A0224","SALMONELLA OSTEOMYELITIS","OSTEOMYELITIS"
"CRP","A0225","SALMONELLA PYELONEPHRITIS","PYELONEPHRITIS"
"CRP","A0229","SALMONELLA WITH OTHER LOCALIZED INFECTION","INFECTION"
"CRP","A028","OTHER SPECIFIED SALMONELLA INFECTIONS","INFECTION"
"CRP","A029","SALMONELLA INFECTION, UNSPECIFIED","INFECTION"
"CRP","A040","ENTEROPATHOGENIC ESCHERICHIA COLI INFECTION","INFECTION"
"CRP","A041","ENTEROTOXIGENIC ESCHERICHIA COLI INFECTION","INFECTION"
"CRP","A042","ENTEROINVASIVE ESCHERICHIA COLI INFECTION","INFECTION"
"CRP","A043","ENTEROHEMORRHAGIC ESCHERICHIA COLI INFECTION","INFECTION"
"CRP","A044","OTHER INTESTINAL ESCHERICHIA COLI INFECTIONS","INFECTION"
"CRP","A0471","ENTEROCOLITIS DUE TO CLOSTRIDIUM DIFFICILE, RECURRENT","COLITIS"
"CRP","A0472","ENTEROCOLITIS DUE TO CLOSTRIDIUM DIFFICILE, NOT SPECIFIED AS RECURRENT","COLITIS"
"CRP","A048","OTHER SPECIFIED BACTERIAL INTESTINAL INFECTIONS","INFECTION; BACTERIAL.*INFECTION"
"CRP","A049","BACTERIAL INTESTINAL INFECTION, UNSPECIFIED","INFECTION; BACTERIAL.*INFECTION"
"CRP","A062","AMEBIC NONDYSENTERIC COLITIS","COLITIS"
"CRP","A0682","OTHER AMEBIC GENITOURINARY INFECTIONS","INFECTION"
"CRP","A0689","OTHER AMEBIC INFECTIONS","INFECTION"
"CRP","A084","VIRAL INTESTINAL INFECTION, UNSPECIFIED","INFECTION; VIRAL.*INFECTION"
"CRP","A088","OTHER SPECIFIED INTESTINAL INFECTIONS","INFECTION"
"CRP","A09","INFECTIOUS GASTROENTERITIS AND COLITIS, UNSPECIFIED","COLITIS"
"CRP","A170","TUBERCULOUS MENINGITIS","MENINGITIS"
"CRP","A1782","TUBERCULOUS MENINGOENCEPHALITIS","ENCEPHALITIS"
"CRP","A1802","TUBERCULOUS ARTHRITIS OF OTHER JOINTS","ARTHRITIS"
"CRP","A1817","TUBERCULOUS FEMALE PELVIC INFLAMMATORY DISEASE","INFLAMMATORY.*DISEASE"
"CRP","A203","PLAGUE MENINGITIS","MENINGITIS"
"CRP","A227","ANTHRAX SEPSIS","SEPSIS"
"CRP","A267","ERYSIPELOTHRIX SEPSIS","SEPSIS"
"CRP","A2781","ASEPTIC MENINGITIS IN LEPTOSPIROSIS","MENINGITIS"
"CRP","A310","PULMONARY MYCOBACTERIAL INFECTION","INFECTION; BACTERIAL.*INFECTION"
"CRP","A311","CUTANEOUS MYCOBACTERIAL INFECTION","INFECTION; BACTERIAL.*INFECTION"
"CRP","A318","OTHER MYCOBACTERIAL INFECTIONS","INFECTION; BACTERIAL.*INFECTION"
"CRP","A319","MYCOBACTERIAL INFECTION, UNSPECIFIED","INFECTION; BACTERIAL.*INFECTION"
"CRP","A3211","LISTERIAL MENINGITIS","MENINGITIS"
"CRP","A3212","LISTERIAL MENINGOENCEPHALITIS","ENCEPHALITIS"
"CRP","A327","LISTERIAL SEPSIS","SEPSIS"
"CRP","A3282","LISTERIAL ENDOCARDITIS","ENDOCARDITIS"
"CRP","A3700","WHOOPING COUGH DUE TO BORDETELLA PERTUSSIS WITHOUT PNEUMONIA","PNEUMONIA"
"CRP","A3701","WHOOPING COUGH DUE TO BORDETELLA PERTUSSIS WITH PNEUMONIA","PNEUMONIA"
"CRP","A3710","WHOOPING COUGH DUE TO BORDETELLA PARAPERTUSSIS WITHOUT PNEUMONIA","PNEUMONIA"
"CRP","A3711","WHOOPING COUGH DUE TO BORDETELLA PARAPERTUSSIS WITH PNEUMONIA","PNEUMONIA"
"CRP","A3780","WHOOPING COUGH DUE TO OTHER BORDETELLA SPECIES WITHOUT PNEUMONIA","PNEUMONIA"
"CRP","A3781","WHOOPING COUGH DUE TO OTHER BORDETELLA SPECIES WITH PNEUMONIA","PNEUMONIA"
"CRP","A3790","WHOOPING COUGH, UNSPECIFIED SPECIES WITHOUT PNEUMONIA","PNEUMONIA"
"CRP","A3791","WHOOPING COUGH, UNSPECIFIED SPECIES WITH PNEUMONIA","PNEUMONIA"
"CRP","A381","SCARLET FEVER WITH MYOCARDITIS","MYOCARDITIS"
"CRP","A390","MENINGOCOCCAL MENINGITIS","MENINGITIS"
"CRP","A3951","MENINGOCOCCAL ENDOCARDITIS","ENDOCARDITIS"
"CRP","A3952","MENINGOCOCCAL MYOCARDITIS","MYOCARDITIS"
"CRP","A3953","MENINGOCOCCAL PERICARDITIS","PERICARDITIS"
"CRP","A3981","MENINGOCOCCAL ENCEPHALITIS","ENCEPHALITIS"
"CRP","A3983","MENINGOCOCCAL ARTHRITIS","ARTHRITIS"
"CRP","A3984","POSTMENINGOCOCCAL ARTHRITIS","ARTHRITIS"
"CRP","A3989","OTHER MENINGOCOCCAL INFECTIONS","INFECTION"
"CRP","A399","MENINGOCOCCAL INFECTION, UNSPECIFIED","INFECTION"
"CRP","A400","SEPSIS DUE TO STREPTOCOCCUS, GROUP A","SEPSIS"
"CRP","A401","SEPSIS DUE TO STREPTOCOCCUS, GROUP B","SEPSIS"
"CRP","A403","SEPSIS DUE TO STREPTOCOCCUS PNEUMONIAE","SEPSIS; PNEUMONIA"
"CRP","A408","OTHER STREPTOCOCCAL SEPSIS","SEPSIS"
"CRP","A409","STREPTOCOCCAL SEPSIS, UNSPECIFIED","SEPSIS"
"CRP","A4101","SEPSIS DUE TO METHICILLIN SUSCEPTIBLE STAPHYLOCOCCUS AUREUS","SEPSIS"
"CRP","A4102","SEPSIS DUE TO METHICILLIN RESISTANT STAPHYLOCOCCUS AUREUS","SEPSIS"
"CRP","A411","SEPSIS DUE TO OTHER SPECIFIED STAPHYLOCOCCUS","SEPSIS"
"CRP","A412","SEPSIS DUE TO UNSPECIFIED STAPHYLOCOCCUS","SEPSIS"
"CRP","A413","SEPSIS DUE TO HEMOPHILUS INFLUENZAE","SEPSIS"
"CRP","A414","SEPSIS DUE TO ANAEROBES","SEPSIS"
"CRP","A4150","GRAM-NEGATIVE SEPSIS, UNSPECIFIED","SEPSIS"
"CRP","A4151","SEPSIS DUE TO ESCHERICHIA COLI [E. COLI]","SEPSIS"
"CRP","A4152","SEPSIS DUE TO PSEUDOMONAS","SEPSIS"
"CRP","A4153","SEPSIS DUE TO SERRATIA","SEPSIS"
"CRP","A4154","SEPSIS DUE TO ACINETOBACTER BAUMANNII","SEPSIS"
"CRP","A4159","OTHER GRAM-NEGATIVE SEPSIS","SEPSIS"
"CRP","A4181","SEPSIS DUE TO ENTEROCOCCUS","SEPSIS"
"CRP","A4189","OTHER SPECIFIED SEPSIS","SEPSIS"
"CRP","A419","SEPSIS, UNSPECIFIED ORGANISM","SEPSIS"
"CRP","A427","ACTINOMYCOTIC SEPSIS","SEPSIS"
"CRP","A4281","ACTINOMYCOTIC MENINGITIS","MENINGITIS"
"CRP","A4282","ACTINOMYCOTIC ENCEPHALITIS","ENCEPHALITIS"
"CRP","A4901","METHICILLIN SUSCEPTIBLE STAPHYLOCOCCUS AUREUS INFECTION, UNSPECIFIED SITE","INFECTION"
"CRP","A4902","METHICILLIN RESISTANT STAPHYLOCOCCUS AUREUS INFECTION, UNSPECIFIED SITE","INFECTION"
"CRP","A491","STREPTOCOCCAL INFECTION, UNSPECIFIED SITE","INFECTION"
"CRP","A492","HEMOPHILUS INFLUENZAE INFECTION, UNSPECIFIED SITE","INFECTION"
"CRP","A493","MYCOPLASMA INFECTION, UNSPECIFIED SITE","INFECTION"
"CRP","A498","OTHER BACTERIAL INFECTIONS OF UNSPECIFIED SITE","INFECTION; BACTERIAL.*INFECTION"
"CRP","A499","BACTERIAL INFECTION, UNSPECIFIED","INFECTION; BACTERIAL.*INFECTION"
"CRP","A5004","EARLY CONGENITAL SYPHILITIC PNEUMONIA","PNEUMONIA"
"CRP","A5041","LATE CONGENITAL SYPHILITIC MENINGITIS","MENINGITIS"
"CRP","A5042","LATE CONGENITAL SYPHILITIC ENCEPHALITIS","ENCEPHALITIS"
"CRP","A5141","SECONDARY SYPHILITIC MENINGITIS","MENINGITIS"
"CRP","A5145","SECONDARY SYPHILITIC HEPATITIS","HEPATITIS"
"CRP","A5203","SYPHILITIC ENDOCARDITIS","ENDOCARDITIS"
"CRP","A5213","LATE SYPHILITIC MENINGITIS","MENINGITIS"
"CRP","A5214","LATE SYPHILITIC ENCEPHALITIS","ENCEPHALITIS"
"CRP","A5400","GONOCOCCAL INFECTION OF LOWER GENITOURINARY TRACT, UNSPECIFIED","INFECTION"
"CRP","A5409","OTHER GONOCOCCAL INFECTION OF LOWER GENITOURINARY TRACT","INFECTION"
"CRP","A541","GONOCOCCAL INFECTION OF LOWER GENITOURINARY TRACT WITH PERIURETHRAL AND ACCESSORY GLAND ABSCESS","INFECTION"
"CRP","A5421","GONOCOCCAL INFECTION OF KIDNEY AND URETER","INFECTION"
"CRP","A5423","GONOCOCCAL INFECTION OF OTHER MALE GENITAL ORGANS","INFECTION"
"CRP","A5424","GONOCOCCAL FEMALE PELVIC INFLAMMATORY DISEASE","INFLAMMATORY.*DISEASE"
"CRP","A5429","OTHER GONOCOCCAL GENITOURINARY INFECTIONS","INFECTION"
"CRP","A5430","GONOCOCCAL INFECTION OF EYE, UNSPECIFIED","INFECTION"
"CRP","A5439","OTHER GONOCOCCAL EYE INFECTION","INFECTION"
"CRP","A5440","GONOCOCCAL INFECTION OF MUSCULOSKELETAL SYSTEM, UNSPECIFIED","INFECTION"
"CRP","A5442","GONOCOCCAL ARTHRITIS","ARTHRITIS"
"CRP","A5443","GONOCOCCAL OSTEOMYELITIS","OSTEOMYELITIS"
"CRP","A5449","GONOCOCCAL INFECTION OF OTHER MUSCULOSKELETAL TISSUE","INFECTION"
"CRP","A546","GONOCOCCAL INFECTION OF ANUS AND RECTUM","INFECTION"
"CRP","A5481","GONOCOCCAL MENINGITIS","MENINGITIS"
"CRP","A5483","GONOCOCCAL HEART INFECTION","INFECTION"
"CRP","A5484","GONOCOCCAL PNEUMONIA","PNEUMONIA"
"CRP","A5486","GONOCOCCAL SEPSIS","SEPSIS"
"CRP","A5489","OTHER GONOCOCCAL INFECTIONS","INFECTION"
"CRP","A549","GONOCOCCAL INFECTION, UNSPECIFIED","INFECTION"
"CRP","A5600","CHLAMYDIAL INFECTION OF LOWER GENITOURINARY TRACT, UNSPECIFIED","INFECTION"
"CRP","A5609","OTHER CHLAMYDIAL INFECTION OF LOWER GENITOURINARY TRACT","INFECTION"
"CRP","A5611","CHLAMYDIAL FEMALE PELVIC INFLAMMATORY DISEASE","INFLAMMATORY.*DISEASE"
"CRP","A5619","OTHER CHLAMYDIAL GENITOURINARY INFECTION","INFECTION"
"CRP","A562","CHLAMYDIAL INFECTION OF GENITOURINARY TRACT, UNSPECIFIED","INFECTION"
"CRP","A563","CHLAMYDIAL INFECTION OF ANUS AND RECTUM","INFECTION"
"CRP","A564","CHLAMYDIAL INFECTION OF PHARYNX","INFECTION"
"CRP","A568","SEXUALLY TRANSMITTED CHLAMYDIAL INFECTION OF OTHER SITES","INFECTION"
"CRP","A6000","HERPESVIRAL INFECTION OF UROGENITAL SYSTEM, UNSPECIFIED","INFECTION; VIRAL.*INFECTION"
"CRP","A6001","HERPESVIRAL INFECTION OF PENIS","INFECTION; VIRAL.*INFECTION"
"CRP","A6002","HERPESVIRAL INFECTION OF OTHER MALE GENITAL ORGANS","INFECTION; VIRAL.*INFECTION"
"CRP","A6009","HERPESVIRAL INFECTION OF OTHER UROGENITAL TRACT","INFECTION; VIRAL.*INFECTION"
"CRP","A601","HERPESVIRAL INFECTION OF PERIANAL SKIN AND RECTUM","INFECTION; VIRAL.*INFECTION"
"CRP","A609","ANOGENITAL HERPESVIRAL INFECTION, UNSPECIFIED","INFECTION; VIRAL.*INFECTION"
"CRP","A691","OTHER VINCENT'S INFECTIONS","INFECTION"
"CRP","A6921","MENINGITIS DUE TO LYME DISEASE","MENINGITIS"
"CRP","A6923","ARTHRITIS DUE TO LYME DISEASE","ARTHRITIS"
"CRP","A698","OTHER SPECIFIED SPIROCHETAL INFECTIONS","INFECTION"
"CRP","A699","SPIROCHETAL INFECTION, UNSPECIFIED","INFECTION"
"CRP","A70","CHLAMYDIA PSITTACI INFECTIONS","INFECTION"
"CRP","A749","CHLAMYDIAL INFECTION, UNSPECIFIED","INFECTION"
"CRP","A811","SUBACUTE SCLEROSING PANENCEPHALITIS","ENCEPHALITIS"
"CRP","A8189","OTHER ATYPICAL VIRUS INFECTIONS OF CENTRAL NERVOUS SYSTEM","INFECTION"
"CRP","A819","ATYPICAL VIRUS INFECTION OF CENTRAL NERVOUS SYSTEM, UNSPECIFIED","INFECTION"
"CRP","A830","JAPANESE ENCEPHALITIS","ENCEPHALITIS"
"CRP","A831","WESTERN EQUINE ENCEPHALITIS","ENCEPHALITIS"
"CRP","A832","EASTERN EQUINE ENCEPHALITIS","ENCEPHALITIS"
"CRP","A833","ST LOUIS ENCEPHALITIS","ENCEPHALITIS"
"CRP","A834","AUSTRALIAN ENCEPHALITIS","ENCEPHALITIS"
"CRP","A835","CALIFORNIA ENCEPHALITIS","ENCEPHALITIS"
"CRP","A838","OTHER MOSQUITO-BORNE VIRAL ENCEPHALITIS","ENCEPHALITIS"
"CRP","A839","MOSQUITO-BORNE VIRAL ENCEPHALITIS, UNSPECIFIED","ENCEPHALITIS"
"CRP","A840","FAR EASTERN TICK-BORNE ENCEPHALITIS [RUSSIAN SPRING-SUMMER ENCEPHALITIS]","ENCEPHALITIS"
"CRP","A841","CENTRAL EUROPEAN TICK-BORNE ENCEPHALITIS","ENCEPHALITIS"
"CRP","A8489","OTHER TICK-BORNE VIRAL ENCEPHALITIS","ENCEPHALITIS"
"CRP","A849","TICK-BORNE VIRAL ENCEPHALITIS, UNSPECIFIED","ENCEPHALITIS"
"CRP","A850","ENTEROVIRAL ENCEPHALITIS","ENCEPHALITIS"
"CRP","A851","ADENOVIRAL ENCEPHALITIS","ENCEPHALITIS"
"CRP","A852","ARTHROPOD-BORNE VIRAL ENCEPHALITIS, UNSPECIFIED","ENCEPHALITIS"
"CRP","A858","OTHER SPECIFIED VIRAL ENCEPHALITIS","ENCEPHALITIS"
"CRP","A86","UNSPECIFIED VIRAL ENCEPHALITIS","ENCEPHALITIS"
"CRP","A870","ENTEROVIRAL MENINGITIS","MENINGITIS"
"CRP","A871","ADENOVIRAL MENINGITIS","MENINGITIS"
"CRP","A872","LYMPHOCYTIC CHORIOMENINGITIS","MENINGITIS"
"CRP","A878","OTHER VIRAL MENINGITIS","MENINGITIS"
"CRP","A879","VIRAL MENINGITIS, UNSPECIFIED","MENINGITIS"
"CRP","A888","OTHER SPECIFIED VIRAL INFECTIONS OF CENTRAL NERVOUS SYSTEM","INFECTION; VIRAL.*INFECTION"
"CRP","A89","UNSPECIFIED VIRAL INFECTION OF CENTRAL NERVOUS SYSTEM","INFECTION; VIRAL.*INFECTION"
"CRP","A9230","WEST NILE VIRUS INFECTION, UNSPECIFIED","INFECTION"
"CRP","A9231","WEST NILE VIRUS INFECTION WITH ENCEPHALITIS","INFECTION; ENCEPHALITIS"
"CRP","A9232","WEST NILE VIRUS INFECTION WITH OTHER NEUROLOGIC MANIFESTATION","INFECTION"
"CRP","A9239","WEST NILE VIRUS INFECTION WITH OTHER COMPLICATIONS","INFECTION"
"CRP","B003","HERPESVIRAL MENINGITIS","MENINGITIS"
"CRP","B004","HERPESVIRAL ENCEPHALITIS","ENCEPHALITIS"
"CRP","B0081","HERPESVIRAL HEPATITIS","HEPATITIS"
"CRP","B0089","OTHER HERPESVIRAL INFECTION","INFECTION; VIRAL.*INFECTION"
"CRP","B009","HERPESVIRAL INFECTION, UNSPECIFIED","INFECTION; VIRAL.*INFECTION"
"CRP","B010","VARICELLA MENINGITIS","MENINGITIS"
"CRP","B0111","VARICELLA ENCEPHALITIS AND ENCEPHALOMYELITIS","ENCEPHALITIS"
"CRP","B012","VARICELLA PNEUMONIA","PNEUMONIA"
"CRP","B020","ZOSTER ENCEPHALITIS","ENCEPHALITIS"
"CRP","B021","ZOSTER MENINGITIS","MENINGITIS"
"CRP","B050","MEASLES COMPLICATED BY ENCEPHALITIS","ENCEPHALITIS"
"CRP","B051","MEASLES COMPLICATED BY MENINGITIS","MENINGITIS"
"CRP","B052","MEASLES COMPLICATED BY PNEUMONIA","PNEUMONIA"
"CRP","B0601","RUBELLA ENCEPHALITIS","ENCEPHALITIS"
"CRP","B0602","RUBELLA MENINGITIS","MENINGITIS"
"CRP","B0681","RUBELLA PNEUMONIA","PNEUMONIA"
"CRP","B0682","RUBELLA ARTHRITIS","ARTHRITIS"
"CRP","B0809","OTHER ORTHOPOXVIRUS INFECTIONS","INFECTION"
"CRP","B0860","PARAPOXVIRUS INFECTION, UNSPECIFIED","INFECTION"
"CRP","B0869","OTHER PARAPOXVIRUS INFECTIONS","INFECTION"
"CRP","B0870","YATAPOXVIRUS INFECTION, UNSPECIFIED","INFECTION"
"CRP","B0879","OTHER YATAPOXVIRUS INFECTIONS","INFECTION"
"CRP","B088","OTHER SPECIFIED VIRAL INFECTIONS CHARACTERIZED BY SKIN AND MUCOUS MEMBRANE LESIONS","INFECTION; VIRAL.*INFECTION"
"CRP","B09","UNSPECIFIED VIRAL INFECTION CHARACTERIZED BY SKIN AND MUCOUS MEMBRANE LESIONS","INFECTION; VIRAL.*INFECTION"
"CRP","B1001","HUMAN HERPESVIRUS 6 ENCEPHALITIS","ENCEPHALITIS"
"CRP","B1009","OTHER HUMAN HERPESVIRUS ENCEPHALITIS","ENCEPHALITIS"
"CRP","B1081","HUMAN HERPESVIRUS 6 INFECTION","INFECTION"
"CRP","B1082","HUMAN HERPESVIRUS 7 INFECTION","INFECTION"
"CRP","B1089","OTHER HUMAN HERPESVIRUS INFECTION","INFECTION"
"CRP","B150","HEPATITIS A WITH HEPATIC COMA","HEPATITIS"
"CRP","B159","HEPATITIS A WITHOUT HEPATIC COMA","HEPATITIS"
"CRP","B160","ACUTE HEPATITIS B WITH DELTA-AGENT WITH HEPATIC COMA","HEPATITIS"
"CRP","B161","ACUTE HEPATITIS B WITH DELTA-AGENT WITHOUT HEPATIC COMA","HEPATITIS"
"CRP","B162","ACUTE HEPATITIS B WITHOUT DELTA-AGENT WITH HEPATIC COMA","HEPATITIS"
"CRP","B169","ACUTE HEPATITIS B WITHOUT DELTA-AGENT AND WITHOUT HEPATIC COMA","HEPATITIS"
"CRP","B170","ACUTE DELTA-(SUPER) INFECTION OF HEPATITIS B CARRIER","INFECTION; HEPATITIS"
"CRP","B1710","ACUTE HEPATITIS C WITHOUT HEPATIC COMA","HEPATITIS"
"CRP","B1711","ACUTE HEPATITIS C WITH HEPATIC COMA","HEPATITIS"
"CRP","B172","ACUTE HEPATITIS E","HEPATITIS"
"CRP","B178","OTHER SPECIFIED ACUTE VIRAL HEPATITIS","HEPATITIS"
"CRP","B179","ACUTE VIRAL HEPATITIS, UNSPECIFIED","HEPATITIS"
"CRP","B180","CHRONIC VIRAL HEPATITIS B WITH DELTA-AGENT","HEPATITIS"
"CRP","B181","CHRONIC VIRAL HEPATITIS B WITHOUT DELTA-AGENT","HEPATITIS"
"CRP","B182","CHRONIC VIRAL HEPATITIS C","HEPATITIS"
"CRP","B188","OTHER CHRONIC VIRAL HEPATITIS","HEPATITIS"
"CRP","B189","CHRONIC VIRAL HEPATITIS, UNSPECIFIED","HEPATITIS"
"CRP","B190","UNSPECIFIED VIRAL HEPATITIS WITH HEPATIC COMA","HEPATITIS"
"CRP","B1910","UNSPECIFIED VIRAL HEPATITIS B WITHOUT HEPATIC COMA","HEPATITIS"
"CRP","B1911","UNSPECIFIED VIRAL HEPATITIS B WITH HEPATIC COMA","HEPATITIS"
"CRP","B1920","UNSPECIFIED VIRAL HEPATITIS C WITHOUT HEPATIC COMA","HEPATITIS"
"CRP","B1921","UNSPECIFIED VIRAL HEPATITIS C WITH HEPATIC COMA","HEPATITIS"
"CRP","B199","UNSPECIFIED VIRAL HEPATITIS WITHOUT HEPATIC COMA","HEPATITIS"
"CRP","B251","CYTOMEGALOVIRAL HEPATITIS","HEPATITIS"
"CRP","B252","CYTOMEGALOVIRAL PANCREATITIS","PANCREATITIS"
"CRP","B261","MUMPS MENINGITIS","MENINGITIS"
"CRP","B262","MUMPS ENCEPHALITIS","ENCEPHALITIS"
"CRP","B263","MUMPS PANCREATITIS","PANCREATITIS"
"CRP","B2681","MUMPS HEPATITIS","HEPATITIS"
"CRP","B2682","MUMPS MYOCARDITIS","MYOCARDITIS"
"CRP","B2685","MUMPS ARTHRITIS","ARTHRITIS"
"CRP","B2702","GAMMAHERPESVIRAL MONONUCLEOSIS WITH MENINGITIS","MENINGITIS"
"CRP","B2712","CYTOMEGALOVIRAL MONONUCLEOSIS WITH MENINGITIS","MENINGITIS"
"CRP","B2782","OTHER INFECTIOUS MONONUCLEOSIS WITH MENINGITIS","MENINGITIS"
"CRP","B2792","INFECTIOUS MONONUCLEOSIS, UNSPECIFIED WITH MENINGITIS","MENINGITIS"
"CRP","B3321","VIRAL ENDOCARDITIS","ENDOCARDITIS"
"CRP","B3322","VIRAL MYOCARDITIS","MYOCARDITIS"
"CRP","B3323","VIRAL PERICARDITIS","PERICARDITIS"
"CRP","B333","RETROVIRUS INFECTIONS, NOT ELSEWHERE CLASSIFIED","INFECTION"
"CRP","B340","ADENOVIRUS INFECTION, UNSPECIFIED","INFECTION"
"CRP","B341","ENTEROVIRUS INFECTION, UNSPECIFIED","INFECTION"
"CRP","B342","CORONAVIRUS INFECTION, UNSPECIFIED","INFECTION"
"CRP","B343","PARVOVIRUS INFECTION, UNSPECIFIED","INFECTION"
"CRP","B344","PAPOVAVIRUS INFECTION, UNSPECIFIED","INFECTION"
"CRP","B348","OTHER VIRAL INFECTIONS OF UNSPECIFIED SITE","INFECTION; VIRAL.*INFECTION"
"CRP","B349","VIRAL INFECTION, UNSPECIFIED","INFECTION; VIRAL.*INFECTION"
"CRP","B375","CANDIDAL MENINGITIS","MENINGITIS"
"CRP","B376","CANDIDAL ENDOCARDITIS","ENDOCARDITIS"
"CRP","B377","CANDIDAL SEPSIS","SEPSIS"
"CRP","B384","COCCIDIOIDOMYCOSIS MENINGITIS","MENINGITIS"
"CRP","B4081","BLASTOMYCOTIC MENINGOENCEPHALITIS","ENCEPHALITIS"
"CRP","B4282","SPOROTRICHOSIS ARTHRITIS","ARTHRITIS"
"CRP","B5741","MENINGITIS IN CHAGAS' DISEASE","MENINGITIS"
"CRP","B5742","MENINGOENCEPHALITIS IN CHAGAS' DISEASE","ENCEPHALITIS"
"CRP","B581","TOXOPLASMA HEPATITIS","HEPATITIS"
"CRP","B582","TOXOPLASMA MENINGOENCEPHALITIS","ENCEPHALITIS"
"CRP","B5881","TOXOPLASMA MYOCARDITIS","MYOCARDITIS"
"CRP","B6011","MENINGOENCEPHALITIS DUE TO ACANTHAMOEBA (CULBERTSONI)","ENCEPHALITIS"
"CRP","B668","OTHER SPECIFIED FLUKE INFECTIONS","INFECTION"
"CRP","B669","FLUKE INFECTION, UNSPECIFIED","INFECTION"
"CRP","B670","ECHINOCOCCUS GRANULOSUS INFECTION OF LIVER","INFECTION"
"CRP","B671","ECHINOCOCCUS GRANULOSUS INFECTION OF LUNG","INFECTION"
"CRP","B672","ECHINOCOCCUS GRANULOSUS INFECTION OF BONE","INFECTION"
"CRP","B6731","ECHINOCOCCUS GRANULOSUS INFECTION, THYROID GLAND","INFECTION"
"CRP","B6732","ECHINOCOCCUS GRANULOSUS INFECTION, MULTIPLE SITES","INFECTION"
"CRP","B6739","ECHINOCOCCUS GRANULOSUS INFECTION, OTHER SITES","INFECTION"
"CRP","B674","ECHINOCOCCUS GRANULOSUS INFECTION, UNSPECIFIED","INFECTION"
"CRP","B675","ECHINOCOCCUS MULTILOCULARIS INFECTION OF LIVER","INFECTION"
"CRP","B6761","ECHINOCOCCUS MULTILOCULARIS INFECTION, MULTIPLE SITES","INFECTION"
"CRP","B6769","ECHINOCOCCUS MULTILOCULARIS INFECTION, OTHER SITES","INFECTION"
"CRP","B677","ECHINOCOCCUS MULTILOCULARIS INFECTION, UNSPECIFIED","INFECTION"
"CRP","B718","OTHER SPECIFIED CESTODE INFECTIONS","INFECTION"
"CRP","B719","CESTODE INFECTION, UNSPECIFIED","INFECTION"
"CRP","B7781","ASCARIASIS PNEUMONIA","PNEUMONIA"
"CRP","B941","SEQUELAE OF VIRAL ENCEPHALITIS","ENCEPHALITIS"
"CRP","B942","SEQUELAE OF VIRAL HEPATITIS","HEPATITIS"
"CRP","B953","STREPTOCOCCUS PNEUMONIAE AS THE CAUSE OF DISEASES CLASSIFIED ELSEWHERE","PNEUMONIA"
"CRP","B9561","METHICILLIN SUSCEPTIBLE STAPHYLOCOCCUS AUREUS INFECTION AS THE CAUSE OF DISEASES CLASSIFIED ELSEWHERE","INFECTION"
"CRP","B9562","METHICILLIN RESISTANT STAPHYLOCOCCUS AUREUS INFECTION AS THE CAUSE OF DISEASES CLASSIFIED ELSEWHERE","INFECTION"
"CRP","B960","MYCOPLASMA PNEUMONIAE [M. PNEUMONIAE] AS THE CAUSE OF DISEASES CLASSIFIED ELSEWHERE","PNEUMONIA"
"CRP","B961","KLEBSIELLA PNEUMONIAE [K. PNEUMONIAE] AS THE CAUSE OF DISEASES CLASSIFIED ELSEWHERE","PNEUMONIA"
"CRP","D5931","INFECTION-ASSOCIATED HEMOLYTIC-UREMIC SYNDROME","INFECTION"
"CRP","D6862","LUPUS ANTICOAGULANT SYNDROME","LUPUS"
"CRP","D701","AGRANULOCYTOSIS SECONDARY TO CANCER CHEMOTHERAPY","CANCER"
"CRP","D703","NEUTROPENIA DUE TO INFECTION","INFECTION"
"CRP","D762","HEMOPHAGOCYTIC SYNDROME, INFECTION-ASSOCIATED","INFECTION"
"CRP","D8681","SARCOID MENINGITIS","MENINGITIS"
"CRP","D8684","SARCOID PYELONEPHRITIS","PYELONEPHRITIS"
"CRP","D8685","SARCOID MYOCARDITIS","MYOCARDITIS"
"CRP","E7881","LIPOID DERMATOARTHRITIS","ARTHRITIS"
"CRP","E790","HYPERURICEMIA WITHOUT SIGNS OF INFLAMMATORY ARTHRITIS AND TOPHACEOUS DISEASE","ARTHRITIS; INFLAMMATORY.*DISEASE; INFLAMMATORY.*ARTHRITIS"
"CRP","F4310","POST-TRAUMATIC STRESS DISORDER, UNSPECIFIED","TRAUMA"
"CRP","F4311","POST-TRAUMATIC STRESS DISORDER, ACUTE","TRAUMA"
"CRP","F4312","POST-TRAUMATIC STRESS DISORDER, CHRONIC","TRAUMA"
"CRP","G000","HEMOPHILUS MENINGITIS","MENINGITIS"
"CRP","G001","PNEUMOCOCCAL MENINGITIS","MENINGITIS"
"CRP","G002","STREPTOCOCCAL MENINGITIS","MENINGITIS"
"CRP","G003","STAPHYLOCOCCAL MENINGITIS","MENINGITIS"
"CRP","G008","OTHER BACTERIAL MENINGITIS","MENINGITIS"
"CRP","G009","BACTERIAL MENINGITIS, UNSPECIFIED","MENINGITIS"
"CRP","G01","MENINGITIS IN BACTERIAL DISEASES CLASSIFIED ELSEWHERE","MENINGITIS"
"CRP","G02","MENINGITIS IN OTHER INFECTIOUS AND PARASITIC DISEASES CLASSIFIED ELSEWHERE","MENINGITIS"
"CRP","G030","NONPYOGENIC MENINGITIS","MENINGITIS"
"CRP","G031","CHRONIC MENINGITIS","MENINGITIS"
"CRP","G032","BENIGN RECURRENT MENINGITIS [MOLLARET]","MENINGITIS"
"CRP","G038","MENINGITIS DUE TO OTHER SPECIFIED CAUSES","MENINGITIS"
"CRP","G039","MENINGITIS, UNSPECIFIED","MENINGITIS"
"CRP","G0400","ACUTE DISSEMINATED ENCEPHALITIS AND ENCEPHALOMYELITIS, UNSPECIFIED","ENCEPHALITIS"
"CRP","G0401","POSTINFECTIOUS ACUTE DISSEMINATED ENCEPHALITIS AND ENCEPHALOMYELITIS (POSTINFECTIOUS ADEM)","ENCEPHALITIS"
"CRP","G0402","POSTIMMUNIZATION ACUTE DISSEMINATED ENCEPHALITIS, MYELITIS AND ENCEPHALOMYELITIS","ENCEPHALITIS"
"CRP","G042","BACTERIAL MENINGOENCEPHALITIS AND MENINGOMYELITIS, NOT ELSEWHERE CLASSIFIED","ENCEPHALITIS"
"CRP","G0481","OTHER ENCEPHALITIS AND ENCEPHALOMYELITIS","ENCEPHALITIS"
"CRP","G0490","ENCEPHALITIS AND ENCEPHALOMYELITIS, UNSPECIFIED","ENCEPHALITIS"
"CRP","G053","ENCEPHALITIS AND ENCEPHALOMYELITIS IN DISEASES CLASSIFIED ELSEWHERE","ENCEPHALITIS"
"CRP","G09","SEQUELAE OF INFLAMMATORY DISEASES OF CENTRAL NERVOUS SYSTEM","INFLAMMATORY.*DISEASE"
"CRP","G361","ACUTE AND SUBACUTE HEMORRHAGIC LEUKOENCEPHALITIS [HURST]","ENCEPHALITIS"
"CRP","G44301","POST-TRAUMATIC HEADACHE, UNSPECIFIED, INTRACTABLE","TRAUMA"
"CRP","G44309","POST-TRAUMATIC HEADACHE, UNSPECIFIED, NOT INTRACTABLE","TRAUMA"
"CRP","G44311","ACUTE POST-TRAUMATIC HEADACHE, INTRACTABLE","TRAUMA"
"CRP","G44319","ACUTE POST-TRAUMATIC HEADACHE, NOT INTRACTABLE","TRAUMA"
"CRP","G44321","CHRONIC POST-TRAUMATIC HEADACHE, INTRACTABLE","TRAUMA"
"CRP","G44329","CHRONIC POST-TRAUMATIC HEADACHE, NOT INTRACTABLE","TRAUMA"
"CRP","G463","BRAIN STEM STROKE SYNDROME","STROKE"
"CRP","G464","CEREBELLAR STROKE SYNDROME","STROKE"
"CRP","G8911","ACUTE PAIN DUE TO TRAUMA","TRAUMA"
"CRP","G8921","CHRONIC PAIN DUE TO TRAUMA","TRAUMA"
"CRP","G913","POST-TRAUMATIC HYDROCEPHALUS, UNSPECIFIED","TRAUMA"
"CRP","G9339","OTHER POST INFECTION AND RELATED FATIGUE SYNDROMES","INFECTION"
"CRP","G980","NEUROGENIC ARTHRITIS, NOT ELSEWHERE CLASSIFIED","ARTHRITIS"
"CRP","H01121","DISCOID LUPUS ERYTHEMATOSUS OF RIGHT UPPER EYELID","LUPUS; LUPUS.*ERYTHEMATOSUS"
"CRP","H01122","DISCOID LUPUS ERYTHEMATOSUS OF RIGHT LOWER EYELID","LUPUS; LUPUS.*ERYTHEMATOSUS"
"CRP","H01123","DISCOID LUPUS ERYTHEMATOSUS OF RIGHT EYE, UNSPECIFIED EYELID","LUPUS; LUPUS.*ERYTHEMATOSUS"
"CRP","H01124","DISCOID LUPUS ERYTHEMATOSUS OF LEFT UPPER EYELID","LUPUS; LUPUS.*ERYTHEMATOSUS"
"CRP","H01125","DISCOID LUPUS ERYTHEMATOSUS OF LEFT LOWER EYELID","LUPUS; LUPUS.*ERYTHEMATOSUS"
"CRP","H01126","DISCOID LUPUS ERYTHEMATOSUS OF LEFT EYE, UNSPECIFIED EYELID","LUPUS; LUPUS.*ERYTHEMATOSUS"
"CRP","H01129","DISCOID LUPUS ERYTHEMATOSUS OF UNSPECIFIED EYE, UNSPECIFIED EYELID","LUPUS; LUPUS.*ERYTHEMATOSUS"
"CRP","H0181","OTHER SPECIFIED INFLAMMATION OF RIGHT UPPER EYELID","INFLAMMATION"
"CRP","H0182","OTHER SPECIFIED INFLAMMATION OF RIGHT LOWER EYELID","INFLAMMATION"
"CRP","H0183","OTHER SPECIFIED INFLAMMATION OF RIGHT EYE, UNSPECIFIED EYELID","INFLAMMATION"
"CRP","H0184","OTHER SPECIFIED INFLAMMATION OF LEFT UPPER EYELID","INFLAMMATION"
"CRP","H0185","OTHER SPECIFIED INFLAMMATION OF LEFT LOWER EYELID","INFLAMMATION"
"CRP","H0186","OTHER SPECIFIED INFLAMMATION OF LEFT EYE, UNSPECIFIED EYELID","INFLAMMATION"
"CRP","H0189","OTHER SPECIFIED INFLAMMATION OF UNSPECIFIED EYE, UNSPECIFIED EYELID","INFLAMMATION"
"CRP","H018A","OTHER SPECIFIED INFLAMMATION OF RIGHT EYE, UPPER AND LOWER EYELIDS","INFLAMMATION"
"CRP","H018B","OTHER SPECIFIED INFLAMMATION OF LEFT EYE, UPPER AND LOWER EYELIDS","INFLAMMATION"
"CRP","H019","UNSPECIFIED INFLAMMATION OF EYELID","INFLAMMATION"
"CRP","H0500","UNSPECIFIED ACUTE INFLAMMATION OF ORBIT","INFLAMMATION; ACUTE.*INFLAMMATION"
"CRP","H05011","CELLULITIS OF RIGHT ORBIT","CELLULITIS"
"CRP","H05012","CELLULITIS OF LEFT ORBIT","CELLULITIS"
"CRP","H05013","CELLULITIS OF BILATERAL ORBITS","CELLULITIS"
"CRP","H05019","CELLULITIS OF UNSPECIFIED ORBIT","CELLULITIS"
"CRP","H05021","OSTEOMYELITIS OF RIGHT ORBIT","OSTEOMYELITIS"
"CRP","H05022","OSTEOMYELITIS OF LEFT ORBIT","OSTEOMYELITIS"
"CRP","H05023","OSTEOMYELITIS OF BILATERAL ORBITS","OSTEOMYELITIS"
"CRP","H05029","OSTEOMYELITIS OF UNSPECIFIED ORBIT","OSTEOMYELITIS"
"CRP","H05331","DEFORMITY OF RIGHT ORBIT DUE TO TRAUMA OR SURGERY","TRAUMA"
"CRP","H05332","DEFORMITY OF LEFT ORBIT DUE TO TRAUMA OR SURGERY","TRAUMA"
"CRP","H05333","DEFORMITY OF BILATERAL ORBITS DUE TO TRAUMA OR SURGERY","TRAUMA"
"CRP","H05339","DEFORMITY OF UNSPECIFIED ORBIT DUE TO TRAUMA OR SURGERY","TRAUMA"
"CRP","H05421","ENOPHTHALMOS DUE TO TRAUMA OR SURGERY, RIGHT EYE","TRAUMA"
"CRP","H05422","ENOPHTHALMOS DUE TO TRAUMA OR SURGERY, LEFT EYE","TRAUMA"
"CRP","H05423","ENOPHTHALMOS DUE TO TRAUMA OR SURGERY, BILATERAL","TRAUMA"
"CRP","H05429","ENOPHTHALMOS DUE TO TRAUMA OR SURGERY, UNSPECIFIED EYE","TRAUMA"
"CRP","H26101","UNSPECIFIED TRAUMATIC CATARACT, RIGHT EYE","TRAUMA"
"CRP","H26102","UNSPECIFIED TRAUMATIC CATARACT, LEFT EYE","TRAUMA"
"CRP","H26103","UNSPECIFIED TRAUMATIC CATARACT, BILATERAL","TRAUMA"
"CRP","H26109","UNSPECIFIED TRAUMATIC CATARACT, UNSPECIFIED EYE","TRAUMA"
"CRP","H26111","LOCALIZED TRAUMATIC OPACITIES, RIGHT EYE","TRAUMA"
"CRP","H26112","LOCALIZED TRAUMATIC OPACITIES, LEFT EYE","TRAUMA"
"CRP","H26113","LOCALIZED TRAUMATIC OPACITIES, BILATERAL","TRAUMA"
"CRP","H26119","LOCALIZED TRAUMATIC OPACITIES, UNSPECIFIED EYE","TRAUMA"
"CRP","H26121","PARTIALLY RESOLVED TRAUMATIC CATARACT, RIGHT EYE","TRAUMA"
"CRP","H26122","PARTIALLY RESOLVED TRAUMATIC CATARACT, LEFT EYE","TRAUMA"
"CRP","H26123","PARTIALLY RESOLVED TRAUMATIC CATARACT, BILATERAL","TRAUMA"
"CRP","H26129","PARTIALLY RESOLVED TRAUMATIC CATARACT, UNSPECIFIED EYE","TRAUMA"
"CRP","H26131","TOTAL TRAUMATIC CATARACT, RIGHT EYE","TRAUMA"
"CRP","H26132","TOTAL TRAUMATIC CATARACT, LEFT EYE","TRAUMA"
"CRP","H26133","TOTAL TRAUMATIC CATARACT, BILATERAL","TRAUMA"
"CRP","H26139","TOTAL TRAUMATIC CATARACT, UNSPECIFIED EYE","TRAUMA"
"CRP","H30001","UNSPECIFIED FOCAL CHORIORETINAL INFLAMMATION, RIGHT EYE","INFLAMMATION"
"CRP","H30002","UNSPECIFIED FOCAL CHORIORETINAL INFLAMMATION, LEFT EYE","INFLAMMATION"
"CRP","H30003","UNSPECIFIED FOCAL CHORIORETINAL INFLAMMATION, BILATERAL","INFLAMMATION"
"CRP","H30009","UNSPECIFIED FOCAL CHORIORETINAL INFLAMMATION, UNSPECIFIED EYE","INFLAMMATION"
"CRP","H30011","FOCAL CHORIORETINAL INFLAMMATION, JUXTAPAPILLARY, RIGHT EYE","INFLAMMATION"
"CRP","H30012","FOCAL CHORIORETINAL INFLAMMATION, JUXTAPAPILLARY, LEFT EYE","INFLAMMATION"
"CRP","H30013","FOCAL CHORIORETINAL INFLAMMATION, JUXTAPAPILLARY, BILATERAL","INFLAMMATION"
"CRP","H30019","FOCAL CHORIORETINAL INFLAMMATION, JUXTAPAPILLARY, UNSPECIFIED EYE","INFLAMMATION"
"CRP","H30021","FOCAL CHORIORETINAL INFLAMMATION OF POSTERIOR POLE, RIGHT EYE","INFLAMMATION"
"CRP","H30022","FOCAL CHORIORETINAL INFLAMMATION OF POSTERIOR POLE, LEFT EYE","INFLAMMATION"
"CRP","H30023","FOCAL CHORIORETINAL INFLAMMATION OF POSTERIOR POLE, BILATERAL","INFLAMMATION"
"CRP","H30029","FOCAL CHORIORETINAL INFLAMMATION OF POSTERIOR POLE, UNSPECIFIED EYE","INFLAMMATION"
"CRP","H30031","FOCAL CHORIORETINAL INFLAMMATION, PERIPHERAL, RIGHT EYE","INFLAMMATION"
"CRP","H30032","FOCAL CHORIORETINAL INFLAMMATION, PERIPHERAL, LEFT EYE","INFLAMMATION"
"CRP","H30033","FOCAL CHORIORETINAL INFLAMMATION, PERIPHERAL, BILATERAL","INFLAMMATION"
"CRP","H30039","FOCAL CHORIORETINAL INFLAMMATION, PERIPHERAL, UNSPECIFIED EYE","INFLAMMATION"
"CRP","H30041","FOCAL CHORIORETINAL INFLAMMATION, MACULAR OR PARAMACULAR, RIGHT EYE","INFLAMMATION"
"CRP","H30042","FOCAL CHORIORETINAL INFLAMMATION, MACULAR OR PARAMACULAR, LEFT EYE","INFLAMMATION"
"CRP","H30043","FOCAL CHORIORETINAL INFLAMMATION, MACULAR OR PARAMACULAR, BILATERAL","INFLAMMATION"
"CRP","H30049","FOCAL CHORIORETINAL INFLAMMATION, MACULAR OR PARAMACULAR, UNSPECIFIED EYE","INFLAMMATION"
"CRP","H30101","UNSPECIFIED DISSEMINATED CHORIORETINAL INFLAMMATION, RIGHT EYE","INFLAMMATION"
"CRP","H30102","UNSPECIFIED DISSEMINATED CHORIORETINAL INFLAMMATION, LEFT EYE","INFLAMMATION"
"CRP","H30103","UNSPECIFIED DISSEMINATED CHORIORETINAL INFLAMMATION, BILATERAL","INFLAMMATION"
"CRP","H30109","UNSPECIFIED DISSEMINATED CHORIORETINAL INFLAMMATION, UNSPECIFIED EYE","INFLAMMATION"
"CRP","H30111","DISSEMINATED CHORIORETINAL INFLAMMATION OF POSTERIOR POLE, RIGHT EYE","INFLAMMATION"
"CRP","H30112","DISSEMINATED CHORIORETINAL INFLAMMATION OF POSTERIOR POLE, LEFT EYE","INFLAMMATION"
"CRP","H30113","DISSEMINATED CHORIORETINAL INFLAMMATION OF POSTERIOR POLE, BILATERAL","INFLAMMATION"
"CRP","H30119","DISSEMINATED CHORIORETINAL INFLAMMATION OF POSTERIOR POLE, UNSPECIFIED EYE","INFLAMMATION"
"CRP","H30121","DISSEMINATED CHORIORETINAL INFLAMMATION, PERIPHERAL RIGHT EYE","INFLAMMATION"
"CRP","H30122","DISSEMINATED CHORIORETINAL INFLAMMATION, PERIPHERAL, LEFT EYE","INFLAMMATION"
"CRP","H30123","DISSEMINATED CHORIORETINAL INFLAMMATION, PERIPHERAL, BILATERAL","INFLAMMATION"
"CRP","H30129","DISSEMINATED CHORIORETINAL INFLAMMATION, PERIPHERAL, UNSPECIFIED EYE","INFLAMMATION"
"CRP","H30131","DISSEMINATED CHORIORETINAL INFLAMMATION, GENERALIZED, RIGHT EYE","INFLAMMATION"
"CRP","H30132","DISSEMINATED CHORIORETINAL INFLAMMATION, GENERALIZED, LEFT EYE","INFLAMMATION"
"CRP","H30133","DISSEMINATED CHORIORETINAL INFLAMMATION, GENERALIZED, BILATERAL","INFLAMMATION"
"CRP","H30139","DISSEMINATED CHORIORETINAL INFLAMMATION, GENERALIZED, UNSPECIFIED EYE","INFLAMMATION"
"CRP","H30891","OTHER CHORIORETINAL INFLAMMATIONS, RIGHT EYE","INFLAMMATION"
"CRP","H30892","OTHER CHORIORETINAL INFLAMMATIONS, LEFT EYE","INFLAMMATION"
"CRP","H30893","OTHER CHORIORETINAL INFLAMMATIONS, BILATERAL","INFLAMMATION"
"CRP","H30899","OTHER CHORIORETINAL INFLAMMATIONS, UNSPECIFIED EYE","INFLAMMATION"
"CRP","H3090","UNSPECIFIED CHORIORETINAL INFLAMMATION, UNSPECIFIED EYE","INFLAMMATION"
"CRP","H3091","UNSPECIFIED CHORIORETINAL INFLAMMATION, RIGHT EYE","INFLAMMATION"
"CRP","H3092","UNSPECIFIED CHORIORETINAL INFLAMMATION, LEFT EYE","INFLAMMATION"
"CRP","H3093","UNSPECIFIED CHORIORETINAL INFLAMMATION, BILATERAL","INFLAMMATION"
"CRP","H31011","MACULA SCARS OF POSTERIOR POLE (POSTINFLAMMATORY) (POST-TRAUMATIC), RIGHT EYE","TRAUMA"
"CRP","H31012","MACULA SCARS OF POSTERIOR POLE (POSTINFLAMMATORY) (POST-TRAUMATIC), LEFT EYE","TRAUMA"
"CRP","H31013","MACULA SCARS OF POSTERIOR POLE (POSTINFLAMMATORY) (POST-TRAUMATIC), BILATERAL","TRAUMA"
"CRP","H31019","MACULA SCARS OF POSTERIOR POLE (POSTINFLAMMATORY) (POST-TRAUMATIC), UNSPECIFIED EYE","TRAUMA"
"CRP","H35061","RETINAL VASCULITIS, RIGHT EYE","VASCULITIS"
"CRP","H35062","RETINAL VASCULITIS, LEFT EYE","VASCULITIS"
"CRP","H35063","RETINAL VASCULITIS, BILATERAL","VASCULITIS"
"CRP","H35069","RETINAL VASCULITIS, UNSPECIFIED EYE","VASCULITIS"
"CRP","H4030X0","GLAUCOMA SECONDARY TO EYE TRAUMA, UNSPECIFIED EYE, STAGE UNSPECIFIED","TRAUMA"
"CRP","H4030X1","GLAUCOMA SECONDARY TO EYE TRAUMA, UNSPECIFIED EYE, MILD STAGE","TRAUMA"
"CRP","H4030X2","GLAUCOMA SECONDARY TO EYE TRAUMA, UNSPECIFIED EYE, MODERATE STAGE","TRAUMA"
"CRP","H4030X3","GLAUCOMA SECONDARY TO EYE TRAUMA, UNSPECIFIED EYE, SEVERE STAGE","TRAUMA"
"CRP","H4030X4","GLAUCOMA SECONDARY TO EYE TRAUMA, UNSPECIFIED EYE, INDETERMINATE STAGE","TRAUMA"
"CRP","H4031X0","GLAUCOMA SECONDARY TO EYE TRAUMA, RIGHT EYE, STAGE UNSPECIFIED","TRAUMA"
"CRP","H4031X1","GLAUCOMA SECONDARY TO EYE TRAUMA, RIGHT EYE, MILD STAGE","TRAUMA"
"CRP","H4031X2","GLAUCOMA SECONDARY TO EYE TRAUMA, RIGHT EYE, MODERATE STAGE","TRAUMA"
"CRP","H4031X3","GLAUCOMA SECONDARY TO EYE TRAUMA, RIGHT EYE, SEVERE STAGE","TRAUMA"
"CRP","H4031X4","GLAUCOMA SECONDARY TO EYE TRAUMA, RIGHT EYE, INDETERMINATE STAGE","TRAUMA"
"CRP","H4032X0","GLAUCOMA SECONDARY TO EYE TRAUMA, LEFT EYE, STAGE UNSPECIFIED","TRAUMA"
"CRP","H4032X1","GLAUCOMA SECONDARY TO EYE TRAUMA, LEFT EYE, MILD STAGE","TRAUMA"
"CRP","H4032X2","GLAUCOMA SECONDARY TO EYE TRAUMA, LEFT EYE, MODERATE STAGE","TRAUMA"
"CRP","H4032X3","GLAUCOMA SECONDARY TO EYE TRAUMA, LEFT EYE, SEVERE STAGE","TRAUMA"
"CRP","H4032X4","GLAUCOMA SECONDARY TO EYE TRAUMA, LEFT EYE, INDETERMINATE STAGE","TRAUMA"
"CRP","H4033X0","GLAUCOMA SECONDARY TO EYE TRAUMA, BILATERAL, STAGE UNSPECIFIED","TRAUMA"
"CRP","H4033X1","GLAUCOMA SECONDARY TO EYE TRAUMA, BILATERAL, MILD STAGE","TRAUMA"
"CRP","H4033X2","GLAUCOMA SECONDARY TO EYE TRAUMA, BILATERAL, MODERATE STAGE","TRAUMA"
"CRP","H4033X3","GLAUCOMA SECONDARY TO EYE TRAUMA, BILATERAL, SEVERE STAGE","TRAUMA"
"CRP","H4033X4","GLAUCOMA SECONDARY TO EYE TRAUMA, BILATERAL, INDETERMINATE STAGE","TRAUMA"
"CRP","H4040X0","GLAUCOMA SECONDARY TO EYE INFLAMMATION, UNSPECIFIED EYE, STAGE UNSPECIFIED","INFLAMMATION"
"CRP","H4040X1","GLAUCOMA SECONDARY TO EYE INFLAMMATION, UNSPECIFIED EYE, MILD STAGE","INFLAMMATION"
"CRP","H4040X2","GLAUCOMA SECONDARY TO EYE INFLAMMATION, UNSPECIFIED EYE, MODERATE STAGE","INFLAMMATION"
"CRP","H4040X3","GLAUCOMA SECONDARY TO EYE INFLAMMATION, UNSPECIFIED EYE, SEVERE STAGE","INFLAMMATION"
"CRP","H4040X4","GLAUCOMA SECONDARY TO EYE INFLAMMATION, UNSPECIFIED EYE, INDETERMINATE STAGE","INFLAMMATION"
"CRP","H4041X0","GLAUCOMA SECONDARY TO EYE INFLAMMATION, RIGHT EYE, STAGE UNSPECIFIED","INFLAMMATION"
"CRP","H4041X1","GLAUCOMA SECONDARY TO EYE INFLAMMATION, RIGHT EYE, MILD STAGE","INFLAMMATION"
"CRP","H4041X2","GLAUCOMA SECONDARY TO EYE INFLAMMATION, RIGHT EYE, MODERATE STAGE","INFLAMMATION"
"CRP","H4041X3","GLAUCOMA SECONDARY TO EYE INFLAMMATION, RIGHT EYE, SEVERE STAGE","INFLAMMATION"
"CRP","H4041X4","GLAUCOMA SECONDARY TO EYE INFLAMMATION, RIGHT EYE, INDETERMINATE STAGE","INFLAMMATION"
"CRP","H4042X0","GLAUCOMA SECONDARY TO EYE INFLAMMATION, LEFT EYE, STAGE UNSPECIFIED","INFLAMMATION"
"CRP","H4042X1","GLAUCOMA SECONDARY TO EYE INFLAMMATION, LEFT EYE, MILD STAGE","INFLAMMATION"
"CRP","H4042X2","GLAUCOMA SECONDARY TO EYE INFLAMMATION, LEFT EYE, MODERATE STAGE","INFLAMMATION"
"CRP","H4042X3","GLAUCOMA SECONDARY TO EYE INFLAMMATION, LEFT EYE, SEVERE STAGE","INFLAMMATION"
"CRP","H4042X4","GLAUCOMA SECONDARY TO EYE INFLAMMATION, LEFT EYE, INDETERMINATE STAGE","INFLAMMATION"
"CRP","H4043X0","GLAUCOMA SECONDARY TO EYE INFLAMMATION, BILATERAL, STAGE UNSPECIFIED","INFLAMMATION"
"CRP","H4043X1","GLAUCOMA SECONDARY TO EYE INFLAMMATION, BILATERAL, MILD STAGE","INFLAMMATION"
"CRP","H4043X2","GLAUCOMA SECONDARY TO EYE INFLAMMATION, BILATERAL, MODERATE STAGE","INFLAMMATION"
"CRP","H4043X3","GLAUCOMA SECONDARY TO EYE INFLAMMATION, BILATERAL, SEVERE STAGE","INFLAMMATION"
"CRP","H4043X4","GLAUCOMA SECONDARY TO EYE INFLAMMATION, BILATERAL, INDETERMINATE STAGE","INFLAMMATION"
"CRP","H5940","INFLAMMATION (INFECTION) OF POSTPROCEDURAL BLEB, UNSPECIFIED","INFECTION; INFLAMMATION"
"CRP","H5941","INFLAMMATION (INFECTION) OF POSTPROCEDURAL BLEB, STAGE 1","INFECTION; INFLAMMATION"
"CRP","H5942","INFLAMMATION (INFECTION) OF POSTPROCEDURAL BLEB, STAGE 2","INFECTION; INFLAMMATION"
"CRP","H5943","INFLAMMATION (INFECTION) OF POSTPROCEDURAL BLEB, STAGE 3","INFECTION; INFLAMMATION"
"CRP","H6010","CELLULITIS OF EXTERNAL EAR, UNSPECIFIED EAR","CELLULITIS"
"CRP","H6011","CELLULITIS OF RIGHT EXTERNAL EAR","CELLULITIS"
"CRP","H6012","CELLULITIS OF LEFT EXTERNAL EAR","CELLULITIS"
"CRP","H6013","CELLULITIS OF EXTERNAL EAR, BILATERAL","CELLULITIS"
"CRP","H61311","ACQUIRED STENOSIS OF RIGHT EXTERNAL EAR CANAL SECONDARY TO TRAUMA","TRAUMA"
"CRP","H61312","ACQUIRED STENOSIS OF LEFT EXTERNAL EAR CANAL SECONDARY TO TRAUMA","TRAUMA"
"CRP","H61313","ACQUIRED STENOSIS OF EXTERNAL EAR CANAL SECONDARY TO TRAUMA, BILATERAL","TRAUMA"
"CRP","H61319","ACQUIRED STENOSIS OF EXTERNAL EAR CANAL SECONDARY TO TRAUMA, UNSPECIFIED EAR","TRAUMA"
"CRP","H61321","ACQUIRED STENOSIS OF RIGHT EXTERNAL EAR CANAL SECONDARY TO INFLAMMATION AND INFECTION","INFECTION; INFLAMMATION"
"CRP","H61322","ACQUIRED STENOSIS OF LEFT EXTERNAL EAR CANAL SECONDARY TO INFLAMMATION AND INFECTION","INFECTION; INFLAMMATION"
"CRP","H61323","ACQUIRED STENOSIS OF EXTERNAL EAR CANAL SECONDARY TO INFLAMMATION AND INFECTION, BILATERAL","INFECTION; INFLAMMATION"
"CRP","H61329","ACQUIRED STENOSIS OF EXTERNAL EAR CANAL SECONDARY TO INFLAMMATION AND INFECTION, UNSPECIFIED EAR","INFECTION; INFLAMMATION"
"CRP","H95111","CHRONIC INFLAMMATION OF POSTMASTOIDECTOMY CAVITY, RIGHT EAR","INFLAMMATION; CHRONIC.*INFLAMMATION"
"CRP","H95112","CHRONIC INFLAMMATION OF POSTMASTOIDECTOMY CAVITY, LEFT EAR","INFLAMMATION; CHRONIC.*INFLAMMATION"
"CRP","H95113","CHRONIC INFLAMMATION OF POSTMASTOIDECTOMY CAVITY, BILATERAL EARS","INFLAMMATION; CHRONIC.*INFLAMMATION"
"CRP","H95119","CHRONIC INFLAMMATION OF POSTMASTOIDECTOMY CAVITY, UNSPECIFIED EAR","INFLAMMATION; CHRONIC.*INFLAMMATION"
"CRP","I010","ACUTE RHEUMATIC PERICARDITIS","PERICARDITIS"
"CRP","I011","ACUTE RHEUMATIC ENDOCARDITIS","ENDOCARDITIS"
"CRP","I012","ACUTE RHEUMATIC MYOCARDITIS","MYOCARDITIS"
"CRP","I090","RHEUMATIC MYOCARDITIS","MYOCARDITIS"
"CRP","I092","CHRONIC RHEUMATIC PERICARDITIS","PERICARDITIS"
"CRP","I2101","ST ELEVATION (STEMI) MYOCARDIAL INFARCTION INVOLVING LEFT MAIN CORONARY ARTERY","MYOCARDIAL.*INFARCTION"
"CRP","I2102","ST ELEVATION (STEMI) MYOCARDIAL INFARCTION INVOLVING LEFT ANTERIOR DESCENDING CORONARY ARTERY","MYOCARDIAL.*INFARCTION"
"CRP","I2109","ST ELEVATION (STEMI) MYOCARDIAL INFARCTION INVOLVING OTHER CORONARY ARTERY OF ANTERIOR WALL","MYOCARDIAL.*INFARCTION"
"CRP","I2111","ST ELEVATION (STEMI) MYOCARDIAL INFARCTION INVOLVING RIGHT CORONARY ARTERY","MYOCARDIAL.*INFARCTION"
"CRP","I2119","ST ELEVATION (STEMI) MYOCARDIAL INFARCTION INVOLVING OTHER CORONARY ARTERY OF INFERIOR WALL","MYOCARDIAL.*INFARCTION"
"CRP","I2121","ST ELEVATION (STEMI) MYOCARDIAL INFARCTION INVOLVING LEFT CIRCUMFLEX CORONARY ARTERY","MYOCARDIAL.*INFARCTION"
"CRP","I2129","ST ELEVATION (STEMI) MYOCARDIAL INFARCTION INVOLVING OTHER SITES","MYOCARDIAL.*INFARCTION"
"CRP","I213","ST ELEVATION (STEMI) MYOCARDIAL INFARCTION OF UNSPECIFIED SITE","MYOCARDIAL.*INFARCTION"
"CRP","I214","NON-ST ELEVATION (NSTEMI) MYOCARDIAL INFARCTION","MYOCARDIAL.*INFARCTION"
"CRP","I219","ACUTE MYOCARDIAL INFARCTION, UNSPECIFIED","MYOCARDIAL.*INFARCTION"
"CRP","I21A1","MYOCARDIAL INFARCTION TYPE 2","MYOCARDIAL.*INFARCTION"
"CRP","I21A9","OTHER MYOCARDIAL INFARCTION TYPE","MYOCARDIAL.*INFARCTION"
"CRP","I21B","MYOCARDIAL INFARCTION WITH CORONARY MICROVASCULAR DYSFUNCTION","MYOCARDIAL.*INFARCTION"
"CRP","I220","SUBSEQUENT ST ELEVATION (STEMI) MYOCARDIAL INFARCTION OF ANTERIOR WALL","MYOCARDIAL.*INFARCTION"
"CRP","I221","SUBSEQUENT ST ELEVATION (STEMI) MYOCARDIAL INFARCTION OF INFERIOR WALL","MYOCARDIAL.*INFARCTION"
"CRP","I222","SUBSEQUENT NON-ST ELEVATION (NSTEMI) MYOCARDIAL INFARCTION","MYOCARDIAL.*INFARCTION"
"CRP","I228","SUBSEQUENT ST ELEVATION (STEMI) MYOCARDIAL INFARCTION OF OTHER SITES","MYOCARDIAL.*INFARCTION"
"CRP","I229","SUBSEQUENT ST ELEVATION (STEMI) MYOCARDIAL INFARCTION OF UNSPECIFIED SITE","MYOCARDIAL.*INFARCTION"
"CRP","I230","HEMOPERICARDIUM AS CURRENT COMPLICATION FOLLOWING ACUTE MYOCARDIAL INFARCTION","MYOCARDIAL.*INFARCTION"
"CRP","I231","ATRIAL SEPTAL DEFECT AS CURRENT COMPLICATION FOLLOWING ACUTE MYOCARDIAL INFARCTION","MYOCARDIAL.*INFARCTION"
"CRP","I232","VENTRICULAR SEPTAL DEFECT AS CURRENT COMPLICATION FOLLOWING ACUTE MYOCARDIAL INFARCTION","MYOCARDIAL.*INFARCTION"
"CRP","I233","RUPTURE OF CARDIAC WALL WITHOUT HEMOPERICARDIUM AS CURRENT COMPLICATION FOLLOWING ACUTE MYOCARDIAL INFARCTION","MYOCARDIAL.*INFARCTION"
"CRP","I234","RUPTURE OF CHORDAE TENDINEAE AS CURRENT COMPLICATION FOLLOWING ACUTE MYOCARDIAL INFARCTION","MYOCARDIAL.*INFARCTION"
"CRP","I235","RUPTURE OF PAPILLARY MUSCLE AS CURRENT COMPLICATION FOLLOWING ACUTE MYOCARDIAL INFARCTION","MYOCARDIAL.*INFARCTION"
"CRP","I236","THROMBOSIS OF ATRIUM, AURICULAR APPENDAGE, AND VENTRICLE AS CURRENT COMPLICATIONS FOLLOWING ACUTE MYOCARDIAL INFARCTION","MYOCARDIAL.*INFARCTION"
"CRP","I238","OTHER CURRENT COMPLICATIONS FOLLOWING ACUTE MYOCARDIAL INFARCTION","MYOCARDIAL.*INFARCTION"
"CRP","I240","ACUTE CORONARY THROMBOSIS NOT RESULTING IN MYOCARDIAL INFARCTION","MYOCARDIAL.*INFARCTION"
"CRP","I252","OLD MYOCARDIAL INFARCTION","MYOCARDIAL.*INFARCTION"
"CRP","I300","ACUTE NONSPECIFIC IDIOPATHIC PERICARDITIS","PERICARDITIS"
"CRP","I301","INFECTIVE PERICARDITIS","PERICARDITIS"
"CRP","I308","OTHER FORMS OF ACUTE PERICARDITIS","PERICARDITIS"
"CRP","I309","ACUTE PERICARDITIS, UNSPECIFIED","PERICARDITIS"
"CRP","I310","CHRONIC ADHESIVE PERICARDITIS","PERICARDITIS"
"CRP","I311","CHRONIC CONSTRICTIVE PERICARDITIS","PERICARDITIS"
"CRP","I32","PERICARDITIS IN DISEASES CLASSIFIED ELSEWHERE","PERICARDITIS"
"CRP","I330","ACUTE AND SUBACUTE INFECTIVE ENDOCARDITIS","ENDOCARDITIS"
"CRP","I339","ACUTE AND SUBACUTE ENDOCARDITIS, UNSPECIFIED","ENDOCARDITIS"
"CRP","I38","ENDOCARDITIS, VALVE UNSPECIFIED","ENDOCARDITIS"
"CRP","I39","ENDOCARDITIS AND HEART VALVE DISORDERS IN DISEASES CLASSIFIED ELSEWHERE","ENDOCARDITIS"
"CRP","I400","INFECTIVE MYOCARDITIS","MYOCARDITIS"
"CRP","I401","ISOLATED MYOCARDITIS","MYOCARDITIS"
"CRP","I408","OTHER ACUTE MYOCARDITIS","MYOCARDITIS"
"CRP","I409","ACUTE MYOCARDITIS, UNSPECIFIED","MYOCARDITIS"
"CRP","I41","MYOCARDITIS IN DISEASES CLASSIFIED ELSEWHERE","MYOCARDITIS"
"CRP","I514","MYOCARDITIS, UNSPECIFIED","MYOCARDITIS"
"CRP","I5A","NON-ISCHEMIC MYOCARDIAL INJURY (NON-TRAUMATIC)","TRAUMA"
"CRP","I6000","NONTRAUMATIC SUBARACHNOID HEMORRHAGE FROM UNSPECIFIED CAROTID SIPHON AND BIFURCATION","TRAUMA"
"CRP","I6001","NONTRAUMATIC SUBARACHNOID HEMORRHAGE FROM RIGHT CAROTID SIPHON AND BIFURCATION","TRAUMA"
"CRP","I6002","NONTRAUMATIC SUBARACHNOID HEMORRHAGE FROM LEFT CAROTID SIPHON AND BIFURCATION","TRAUMA"
"CRP","I6010","NONTRAUMATIC SUBARACHNOID HEMORRHAGE FROM UNSPECIFIED MIDDLE CEREBRAL ARTERY","TRAUMA"
"CRP","I6011","NONTRAUMATIC SUBARACHNOID HEMORRHAGE FROM RIGHT MIDDLE CEREBRAL ARTERY","TRAUMA"
"CRP","I6012","NONTRAUMATIC SUBARACHNOID HEMORRHAGE FROM LEFT MIDDLE CEREBRAL ARTERY","TRAUMA"
"CRP","I602","NONTRAUMATIC SUBARACHNOID HEMORRHAGE FROM ANTERIOR COMMUNICATING ARTERY","TRAUMA"
"CRP","I6030","NONTRAUMATIC SUBARACHNOID HEMORRHAGE FROM UNSPECIFIED POSTERIOR COMMUNICATING ARTERY","TRAUMA"
"CRP","I6031","NONTRAUMATIC SUBARACHNOID HEMORRHAGE FROM RIGHT POSTERIOR COMMUNICATING ARTERY","TRAUMA"
"CRP","I6032","NONTRAUMATIC SUBARACHNOID HEMORRHAGE FROM LEFT POSTERIOR COMMUNICATING ARTERY","TRAUMA"
"CRP","I604","NONTRAUMATIC SUBARACHNOID HEMORRHAGE FROM BASILAR ARTERY","TRAUMA"
"CRP","I6050","NONTRAUMATIC SUBARACHNOID HEMORRHAGE FROM UNSPECIFIED VERTEBRAL ARTERY","TRAUMA"
"CRP","I6051","NONTRAUMATIC SUBARACHNOID HEMORRHAGE FROM RIGHT VERTEBRAL ARTERY","TRAUMA"
"CRP","I6052","NONTRAUMATIC SUBARACHNOID HEMORRHAGE FROM LEFT VERTEBRAL ARTERY","TRAUMA"
"CRP","I606","NONTRAUMATIC SUBARACHNOID HEMORRHAGE FROM OTHER INTRACRANIAL ARTERIES","TRAUMA"
"CRP","I607","NONTRAUMATIC SUBARACHNOID HEMORRHAGE FROM UNSPECIFIED INTRACRANIAL ARTERY","TRAUMA"
"CRP","I608","OTHER NONTRAUMATIC SUBARACHNOID HEMORRHAGE","TRAUMA"
"CRP","I609","NONTRAUMATIC SUBARACHNOID HEMORRHAGE, UNSPECIFIED","TRAUMA"
"CRP","I610","NONTRAUMATIC INTRACEREBRAL HEMORRHAGE IN HEMISPHERE, SUBCORTICAL","TRAUMA"
"CRP","I611","NONTRAUMATIC INTRACEREBRAL HEMORRHAGE IN HEMISPHERE, CORTICAL","TRAUMA"
"CRP","I612","NONTRAUMATIC INTRACEREBRAL HEMORRHAGE IN HEMISPHERE, UNSPECIFIED","TRAUMA"
"CRP","I613","NONTRAUMATIC INTRACEREBRAL HEMORRHAGE IN BRAIN STEM","TRAUMA"
"CRP","I614","NONTRAUMATIC INTRACEREBRAL HEMORRHAGE IN CEREBELLUM","TRAUMA"
"CRP","I615","NONTRAUMATIC INTRACEREBRAL HEMORRHAGE, INTRAVENTRICULAR","TRAUMA"
"CRP","I616","NONTRAUMATIC INTRACEREBRAL HEMORRHAGE, MULTIPLE LOCALIZED","TRAUMA"
"CRP","I618","OTHER NONTRAUMATIC INTRACEREBRAL HEMORRHAGE","TRAUMA"
"CRP","I619","NONTRAUMATIC INTRACEREBRAL HEMORRHAGE, UNSPECIFIED","TRAUMA"
"CRP","I6200","NONTRAUMATIC SUBDURAL HEMORRHAGE, UNSPECIFIED","TRAUMA"
"CRP","I6201","NONTRAUMATIC ACUTE SUBDURAL HEMORRHAGE","TRAUMA"
"CRP","I6202","NONTRAUMATIC SUBACUTE SUBDURAL HEMORRHAGE","TRAUMA"
"CRP","I6203","NONTRAUMATIC CHRONIC SUBDURAL HEMORRHAGE","TRAUMA"
"CRP","I621","NONTRAUMATIC EXTRADURAL HEMORRHAGE","TRAUMA"
"CRP","I629","NONTRAUMATIC INTRACRANIAL HEMORRHAGE, UNSPECIFIED","TRAUMA"
"CRP","I6900","UNSPECIFIED SEQUELAE OF NONTRAUMATIC SUBARACHNOID HEMORRHAGE","TRAUMA"
"CRP","I69010","ATTENTION AND CONCENTRATION DEFICIT FOLLOWING NONTRAUMATIC SUBARACHNOID HEMORRHAGE","TRAUMA"
"CRP","I69011","MEMORY DEFICIT FOLLOWING NONTRAUMATIC SUBARACHNOID HEMORRHAGE","TRAUMA"
"CRP","I69012","VISUOSPATIAL DEFICIT AND SPATIAL NEGLECT FOLLOWING NONTRAUMATIC SUBARACHNOID HEMORRHAGE","TRAUMA"
"CRP","I69013","PSYCHOMOTOR DEFICIT FOLLOWING NONTRAUMATIC SUBARACHNOID HEMORRHAGE","TRAUMA"
"CRP","I69014","FRONTAL LOBE AND EXECUTIVE FUNCTION DEFICIT FOLLOWING NONTRAUMATIC SUBARACHNOID HEMORRHAGE","TRAUMA"
"CRP","I69015","COGNITIVE SOCIAL OR EMOTIONAL DEFICIT FOLLOWING NONTRAUMATIC SUBARACHNOID HEMORRHAGE","TRAUMA"
"CRP","I69018","OTHER SYMPTOMS AND SIGNS INVOLVING COGNITIVE FUNCTIONS FOLLOWING NONTRAUMATIC SUBARACHNOID HEMORRHAGE","TRAUMA"
"CRP","I69019","UNSPECIFIED SYMPTOMS AND SIGNS INVOLVING COGNITIVE FUNCTIONS FOLLOWING NONTRAUMATIC SUBARACHNOID HEMORRHAGE","TRAUMA"
"CRP","I69020","APHASIA FOLLOWING NONTRAUMATIC SUBARACHNOID HEMORRHAGE","TRAUMA"
"CRP","I69021","DYSPHASIA FOLLOWING NONTRAUMATIC SUBARACHNOID HEMORRHAGE","TRAUMA"
"CRP","I69022","DYSARTHRIA FOLLOWING NONTRAUMATIC SUBARACHNOID HEMORRHAGE","TRAUMA"
"CRP","I69023","FLUENCY DISORDER FOLLOWING NONTRAUMATIC SUBARACHNOID HEMORRHAGE","TRAUMA"
"CRP","I69028","OTHER SPEECH AND LANGUAGE DEFICITS FOLLOWING NONTRAUMATIC SUBARACHNOID HEMORRHAGE","TRAUMA"
"CRP","I69031","MONOPLEGIA OF UPPER LIMB FOLLOWING NONTRAUMATIC SUBARACHNOID HEMORRHAGE AFFECTING RIGHT DOMINANT SIDE","TRAUMA"
"CRP","I69032","MONOPLEGIA OF UPPER LIMB FOLLOWING NONTRAUMATIC SUBARACHNOID HEMORRHAGE AFFECTING LEFT DOMINANT SIDE","TRAUMA"
"CRP","I69033","MONOPLEGIA OF UPPER LIMB FOLLOWING NONTRAUMATIC SUBARACHNOID HEMORRHAGE AFFECTING RIGHT NON-DOMINANT SIDE","TRAUMA"
"CRP","I69034","MONOPLEGIA OF UPPER LIMB FOLLOWING NONTRAUMATIC SUBARACHNOID HEMORRHAGE AFFECTING LEFT NON-DOMINANT SIDE","TRAUMA"
"CRP","I69039","MONOPLEGIA OF UPPER LIMB FOLLOWING NONTRAUMATIC SUBARACHNOID HEMORRHAGE AFFECTING UNSPECIFIED SIDE","TRAUMA"
"CRP","I69041","MONOPLEGIA OF LOWER LIMB FOLLOWING NONTRAUMATIC SUBARACHNOID HEMORRHAGE AFFECTING RIGHT DOMINANT SIDE","TRAUMA"
"CRP","I69042","MONOPLEGIA OF LOWER LIMB FOLLOWING NONTRAUMATIC SUBARACHNOID HEMORRHAGE AFFECTING LEFT DOMINANT SIDE","TRAUMA"
"CRP","I69043","MONOPLEGIA OF LOWER LIMB FOLLOWING NONTRAUMATIC SUBARACHNOID HEMORRHAGE AFFECTING RIGHT NON-DOMINANT SIDE","TRAUMA"
"CRP","I69044","MONOPLEGIA OF LOWER LIMB FOLLOWING NONTRAUMATIC SUBARACHNOID HEMORRHAGE AFFECTING LEFT NON-DOMINANT SIDE","TRAUMA"
"CRP","I69049","MONOPLEGIA OF LOWER LIMB FOLLOWING NONTRAUMATIC SUBARACHNOID HEMORRHAGE AFFECTING UNSPECIFIED SIDE","TRAUMA"
"CRP","I69051","HEMIPLEGIA AND HEMIPARESIS FOLLOWING NONTRAUMATIC SUBARACHNOID HEMORRHAGE AFFECTING RIGHT DOMINANT SIDE","TRAUMA"
"CRP","I69052","HEMIPLEGIA AND HEMIPARESIS FOLLOWING NONTRAUMATIC SUBARACHNOID HEMORRHAGE AFFECTING LEFT DOMINANT SIDE","TRAUMA"
"CRP","I69053","HEMIPLEGIA AND HEMIPARESIS FOLLOWING NONTRAUMATIC SUBARACHNOID HEMORRHAGE AFFECTING RIGHT NON-DOMINANT SIDE","TRAUMA"
"CRP","I69054","HEMIPLEGIA AND HEMIPARESIS FOLLOWING NONTRAUMATIC SUBARACHNOID HEMORRHAGE AFFECTING LEFT NON-DOMINANT SIDE","TRAUMA"
"CRP","I69059","HEMIPLEGIA AND HEMIPARESIS FOLLOWING NONTRAUMATIC SUBARACHNOID HEMORRHAGE AFFECTING UNSPECIFIED SIDE","TRAUMA"
"CRP","I69061","OTHER PARALYTIC SYNDROME FOLLOWING NONTRAUMATIC SUBARACHNOID HEMORRHAGE AFFECTING RIGHT DOMINANT SIDE","TRAUMA"
"CRP","I69062","OTHER PARALYTIC SYNDROME FOLLOWING NONTRAUMATIC SUBARACHNOID HEMORRHAGE AFFECTING LEFT DOMINANT SIDE","TRAUMA"
"CRP","I69063","OTHER PARALYTIC SYNDROME FOLLOWING NONTRAUMATIC SUBARACHNOID HEMORRHAGE AFFECTING RIGHT NON-DOMINANT SIDE","TRAUMA"
"CRP","I69064","OTHER PARALYTIC SYNDROME FOLLOWING NONTRAUMATIC SUBARACHNOID HEMORRHAGE AFFECTING LEFT NON-DOMINANT SIDE","TRAUMA"
"CRP","I69065","OTHER PARALYTIC SYNDROME FOLLOWING NONTRAUMATIC SUBARACHNOID HEMORRHAGE, BILATERAL","TRAUMA"
"CRP","I69069","OTHER PARALYTIC SYNDROME FOLLOWING NONTRAUMATIC SUBARACHNOID HEMORRHAGE AFFECTING UNSPECIFIED SIDE","TRAUMA"
"CRP","I69090","APRAXIA FOLLOWING NONTRAUMATIC SUBARACHNOID HEMORRHAGE","TRAUMA"
"CRP","I69091","DYSPHAGIA FOLLOWING NONTRAUMATIC SUBARACHNOID HEMORRHAGE","TRAUMA"
"CRP","I69092","FACIAL WEAKNESS FOLLOWING NONTRAUMATIC SUBARACHNOID HEMORRHAGE","TRAUMA"
"CRP","I69093","ATAXIA FOLLOWING NONTRAUMATIC SUBARACHNOID HEMORRHAGE","TRAUMA"
"CRP","I69098","OTHER SEQUELAE FOLLOWING NONTRAUMATIC SUBARACHNOID HEMORRHAGE","TRAUMA"
"CRP","I6910","UNSPECIFIED SEQUELAE OF NONTRAUMATIC INTRACEREBRAL HEMORRHAGE","TRAUMA"
"CRP","I69110","ATTENTION AND CONCENTRATION DEFICIT FOLLOWING NONTRAUMATIC INTRACEREBRAL HEMORRHAGE","TRAUMA"
"CRP","I69111","MEMORY DEFICIT FOLLOWING NONTRAUMATIC INTRACEREBRAL HEMORRHAGE","TRAUMA"
"CRP","I69112","VISUOSPATIAL DEFICIT AND SPATIAL NEGLECT FOLLOWING NONTRAUMATIC INTRACEREBRAL HEMORRHAGE","TRAUMA"
"CRP","I69113","PSYCHOMOTOR DEFICIT FOLLOWING NONTRAUMATIC INTRACEREBRAL HEMORRHAGE","TRAUMA"
"CRP","I69114","FRONTAL LOBE AND EXECUTIVE FUNCTION DEFICIT FOLLOWING NONTRAUMATIC INTRACEREBRAL HEMORRHAGE","TRAUMA"
"CRP","I69115","COGNITIVE SOCIAL OR EMOTIONAL DEFICIT FOLLOWING NONTRAUMATIC INTRACEREBRAL HEMORRHAGE","TRAUMA"
"CRP","I69118","OTHER SYMPTOMS AND SIGNS INVOLVING COGNITIVE FUNCTIONS FOLLOWING NONTRAUMATIC INTRACEREBRAL HEMORRHAGE","TRAUMA"
"CRP","I69119","UNSPECIFIED SYMPTOMS AND SIGNS INVOLVING COGNITIVE FUNCTIONS FOLLOWING NONTRAUMATIC INTRACEREBRAL HEMORRHAGE","TRAUMA"
"CRP","I69120","APHASIA FOLLOWING NONTRAUMATIC INTRACEREBRAL HEMORRHAGE","TRAUMA"
"CRP","I69121","DYSPHASIA FOLLOWING NONTRAUMATIC INTRACEREBRAL HEMORRHAGE","TRAUMA"
"CRP","I69122","DYSARTHRIA FOLLOWING NONTRAUMATIC INTRACEREBRAL HEMORRHAGE","TRAUMA"
"CRP","I69123","FLUENCY DISORDER FOLLOWING NONTRAUMATIC INTRACEREBRAL HEMORRHAGE","TRAUMA"
"CRP","I69128","OTHER SPEECH AND LANGUAGE DEFICITS FOLLOWING NONTRAUMATIC INTRACEREBRAL HEMORRHAGE","TRAUMA"
"CRP","I69131","MONOPLEGIA OF UPPER LIMB FOLLOWING NONTRAUMATIC INTRACEREBRAL HEMORRHAGE AFFECTING RIGHT DOMINANT SIDE","TRAUMA"
"CRP","I69132","MONOPLEGIA OF UPPER LIMB FOLLOWING NONTRAUMATIC INTRACEREBRAL HEMORRHAGE AFFECTING LEFT DOMINANT SIDE","TRAUMA"
"CRP","I69133","MONOPLEGIA OF UPPER LIMB FOLLOWING NONTRAUMATIC INTRACEREBRAL HEMORRHAGE AFFECTING RIGHT NON-DOMINANT SIDE","TRAUMA"
"CRP","I69134","MONOPLEGIA OF UPPER LIMB FOLLOWING NONTRAUMATIC INTRACEREBRAL HEMORRHAGE AFFECTING LEFT NON-DOMINANT SIDE","TRAUMA"
"CRP","I69139","MONOPLEGIA OF UPPER LIMB FOLLOWING NONTRAUMATIC INTRACEREBRAL HEMORRHAGE AFFECTING UNSPECIFIED SIDE","TRAUMA"
"CRP","I69141","MONOPLEGIA OF LOWER LIMB FOLLOWING NONTRAUMATIC INTRACEREBRAL HEMORRHAGE AFFECTING RIGHT DOMINANT SIDE","TRAUMA"
"CRP","I69142","MONOPLEGIA OF LOWER LIMB FOLLOWING NONTRAUMATIC INTRACEREBRAL HEMORRHAGE AFFECTING LEFT DOMINANT SIDE","TRAUMA"
"CRP","I69143","MONOPLEGIA OF LOWER LIMB FOLLOWING NONTRAUMATIC INTRACEREBRAL HEMORRHAGE AFFECTING RIGHT NON-DOMINANT SIDE","TRAUMA"
"CRP","I69144","MONOPLEGIA OF LOWER LIMB FOLLOWING NONTRAUMATIC INTRACEREBRAL HEMORRHAGE AFFECTING LEFT NON-DOMINANT SIDE","TRAUMA"
"CRP","I69149","MONOPLEGIA OF LOWER LIMB FOLLOWING NONTRAUMATIC INTRACEREBRAL HEMORRHAGE AFFECTING UNSPECIFIED SIDE","TRAUMA"
"CRP","I69151","HEMIPLEGIA AND HEMIPARESIS FOLLOWING NONTRAUMATIC INTRACEREBRAL HEMORRHAGE AFFECTING RIGHT DOMINANT SIDE","TRAUMA"
"CRP","I69152","HEMIPLEGIA AND HEMIPARESIS FOLLOWING NONTRAUMATIC INTRACEREBRAL HEMORRHAGE AFFECTING LEFT DOMINANT SIDE","TRAUMA"
"CRP","I69153","HEMIPLEGIA AND HEMIPARESIS FOLLOWING NONTRAUMATIC INTRACEREBRAL HEMORRHAGE AFFECTING RIGHT NON-DOMINANT SIDE","TRAUMA"
"CRP","I69154","HEMIPLEGIA AND HEMIPARESIS FOLLOWING NONTRAUMATIC INTRACEREBRAL HEMORRHAGE AFFECTING LEFT NON-DOMINANT SIDE","TRAUMA"
"CRP","I69159","HEMIPLEGIA AND HEMIPARESIS FOLLOWING NONTRAUMATIC INTRACEREBRAL HEMORRHAGE AFFECTING UNSPECIFIED SIDE","TRAUMA"
"CRP","I69161","OTHER PARALYTIC SYNDROME FOLLOWING NONTRAUMATIC INTRACEREBRAL HEMORRHAGE AFFECTING RIGHT DOMINANT SIDE","TRAUMA"
"CRP","I69162","OTHER PARALYTIC SYNDROME FOLLOWING NONTRAUMATIC INTRACEREBRAL HEMORRHAGE AFFECTING LEFT DOMINANT SIDE","TRAUMA"
"CRP","I69163","OTHER PARALYTIC SYNDROME FOLLOWING NONTRAUMATIC INTRACEREBRAL HEMORRHAGE AFFECTING RIGHT NON-DOMINANT SIDE","TRAUMA"
"CRP","I69164","OTHER PARALYTIC SYNDROME FOLLOWING NONTRAUMATIC INTRACEREBRAL HEMORRHAGE AFFECTING LEFT NON-DOMINANT SIDE","TRAUMA"
"CRP","I69165","OTHER PARALYTIC SYNDROME FOLLOWING NONTRAUMATIC INTRACEREBRAL HEMORRHAGE, BILATERAL","TRAUMA"
"CRP","I69169","OTHER PARALYTIC SYNDROME FOLLOWING NONTRAUMATIC INTRACEREBRAL HEMORRHAGE AFFECTING UNSPECIFIED SIDE","TRAUMA"
"CRP","I69190","APRAXIA FOLLOWING NONTRAUMATIC INTRACEREBRAL HEMORRHAGE","TRAUMA"
"CRP","I69191","DYSPHAGIA FOLLOWING NONTRAUMATIC INTRACEREBRAL HEMORRHAGE","TRAUMA"
"CRP","I69192","FACIAL WEAKNESS FOLLOWING NONTRAUMATIC INTRACEREBRAL HEMORRHAGE","TRAUMA"
"CRP","I69193","ATAXIA FOLLOWING NONTRAUMATIC INTRACEREBRAL HEMORRHAGE","TRAUMA"
"CRP","I69198","OTHER SEQUELAE OF NONTRAUMATIC INTRACEREBRAL HEMORRHAGE","TRAUMA"
"CRP","I6920","UNSPECIFIED SEQUELAE OF OTHER NONTRAUMATIC INTRACRANIAL HEMORRHAGE","TRAUMA"
"CRP","I69210","ATTENTION AND CONCENTRATION DEFICIT FOLLOWING OTHER NONTRAUMATIC INTRACRANIAL HEMORRHAGE","TRAUMA"
"CRP","I69211","MEMORY DEFICIT FOLLOWING OTHER NONTRAUMATIC INTRACRANIAL HEMORRHAGE","TRAUMA"
"CRP","I69212","VISUOSPATIAL DEFICIT AND SPATIAL NEGLECT FOLLOWING OTHER NONTRAUMATIC INTRACRANIAL HEMORRHAGE","TRAUMA"
"CRP","I69213","PSYCHOMOTOR DEFICIT FOLLOWING OTHER NONTRAUMATIC INTRACRANIAL HEMORRHAGE","TRAUMA"
"CRP","I69214","FRONTAL LOBE AND EXECUTIVE FUNCTION DEFICIT FOLLOWING OTHER NONTRAUMATIC INTRACRANIAL HEMORRHAGE","TRAUMA"
"CRP","I69215","COGNITIVE SOCIAL OR EMOTIONAL DEFICIT FOLLOWING OTHER NONTRAUMATIC INTRACRANIAL HEMORRHAGE","TRAUMA"
"CRP","I69218","OTHER SYMPTOMS AND SIGNS INVOLVING COGNITIVE FUNCTIONS FOLLOWING OTHER NONTRAUMATIC INTRACRANIAL HEMORRHAGE","TRAUMA"
"CRP","I69219","UNSPECIFIED SYMPTOMS AND SIGNS INVOLVING COGNITIVE FUNCTIONS FOLLOWING OTHER NONTRAUMATIC INTRACRANIAL HEMORRHAGE","TRAUMA"
"CRP","I69220","APHASIA FOLLOWING OTHER NONTRAUMATIC INTRACRANIAL HEMORRHAGE","TRAUMA"
"CRP","I69221","DYSPHASIA FOLLOWING OTHER NONTRAUMATIC INTRACRANIAL HEMORRHAGE","TRAUMA"
"CRP","I69222","DYSARTHRIA FOLLOWING OTHER NONTRAUMATIC INTRACRANIAL HEMORRHAGE","TRAUMA"
"CRP","I69223","FLUENCY DISORDER FOLLOWING OTHER NONTRAUMATIC INTRACRANIAL HEMORRHAGE","TRAUMA"
"CRP","I69228","OTHER SPEECH AND LANGUAGE DEFICITS FOLLOWING OTHER NONTRAUMATIC INTRACRANIAL HEMORRHAGE","TRAUMA"
"CRP","I69231","MONOPLEGIA OF UPPER LIMB FOLLOWING OTHER NONTRAUMATIC INTRACRANIAL HEMORRHAGE AFFECTING RIGHT DOMINANT SIDE","TRAUMA"
"CRP","I69232","MONOPLEGIA OF UPPER LIMB FOLLOWING OTHER NONTRAUMATIC INTRACRANIAL HEMORRHAGE AFFECTING LEFT DOMINANT SIDE","TRAUMA"
"CRP","I69233","MONOPLEGIA OF UPPER LIMB FOLLOWING OTHER NONTRAUMATIC INTRACRANIAL HEMORRHAGE AFFECTING RIGHT NON-DOMINANT SIDE","TRAUMA"
"CRP","I69234","MONOPLEGIA OF UPPER LIMB FOLLOWING OTHER NONTRAUMATIC INTRACRANIAL HEMORRHAGE AFFECTING LEFT NON-DOMINANT SIDE","TRAUMA"
"CRP","I69239","MONOPLEGIA OF UPPER LIMB FOLLOWING OTHER NONTRAUMATIC INTRACRANIAL HEMORRHAGE AFFECTING UNSPECIFIED SIDE","TRAUMA"
"CRP","I69241","MONOPLEGIA OF LOWER LIMB FOLLOWING OTHER NONTRAUMATIC INTRACRANIAL HEMORRHAGE AFFECTING RIGHT DOMINANT SIDE","TRAUMA"
"CRP","I69242","MONOPLEGIA OF LOWER LIMB FOLLOWING OTHER NONTRAUMATIC INTRACRANIAL HEMORRHAGE AFFECTING LEFT DOMINANT SIDE","TRAUMA"
"CRP","I69243","MONOPLEGIA OF LOWER LIMB FOLLOWING OTHER NONTRAUMATIC INTRACRANIAL HEMORRHAGE AFFECTING RIGHT NON-DOMINANT SIDE","TRAUMA"
"CRP","I69244","MONOPLEGIA OF LOWER LIMB FOLLOWING OTHER NONTRAUMATIC INTRACRANIAL HEMORRHAGE AFFECTING LEFT NON-DOMINANT SIDE","TRAUMA"
"CRP","I69249","MONOPLEGIA OF LOWER LIMB FOLLOWING OTHER NONTRAUMATIC INTRACRANIAL HEMORRHAGE AFFECTING UNSPECIFIED SIDE","TRAUMA"
"CRP","I69251","HEMIPLEGIA AND HEMIPARESIS FOLLOWING OTHER NONTRAUMATIC INTRACRANIAL HEMORRHAGE AFFECTING RIGHT DOMINANT SIDE","TRAUMA"
"CRP","I69252","HEMIPLEGIA AND HEMIPARESIS FOLLOWING OTHER NONTRAUMATIC INTRACRANIAL HEMORRHAGE AFFECTING LEFT DOMINANT SIDE","TRAUMA"
"CRP","I69253","HEMIPLEGIA AND HEMIPARESIS FOLLOWING OTHER NONTRAUMATIC INTRACRANIAL HEMORRHAGE AFFECTING RIGHT NON-DOMINANT SIDE","TRAUMA"
"CRP","I69254","HEMIPLEGIA AND HEMIPARESIS FOLLOWING OTHER NONTRAUMATIC INTRACRANIAL HEMORRHAGE AFFECTING LEFT NON-DOMINANT SIDE","TRAUMA"
"CRP","I69259","HEMIPLEGIA AND HEMIPARESIS FOLLOWING OTHER NONTRAUMATIC INTRACRANIAL HEMORRHAGE AFFECTING UNSPECIFIED SIDE","TRAUMA"
"CRP","I69261","OTHER PARALYTIC SYNDROME FOLLOWING OTHER NONTRAUMATIC INTRACRANIAL HEMORRHAGE AFFECTING RIGHT DOMINANT SIDE","TRAUMA"
"CRP","I69262","OTHER PARALYTIC SYNDROME FOLLOWING OTHER NONTRAUMATIC INTRACRANIAL HEMORRHAGE AFFECTING LEFT DOMINANT SIDE","TRAUMA"
"CRP","I69263","OTHER PARALYTIC SYNDROME FOLLOWING OTHER NONTRAUMATIC INTRACRANIAL HEMORRHAGE AFFECTING RIGHT NON-DOMINANT SIDE","TRAUMA"
"CRP","I69264","OTHER PARALYTIC SYNDROME FOLLOWING OTHER NONTRAUMATIC INTRACRANIAL HEMORRHAGE AFFECTING LEFT NON-DOMINANT SIDE","TRAUMA"
"CRP","I69265","OTHER PARALYTIC SYNDROME FOLLOWING OTHER NONTRAUMATIC INTRACRANIAL HEMORRHAGE, BILATERAL","TRAUMA"
"CRP","I69269","OTHER PARALYTIC SYNDROME FOLLOWING OTHER NONTRAUMATIC INTRACRANIAL HEMORRHAGE AFFECTING UNSPECIFIED SIDE","TRAUMA"
"CRP","I69290","APRAXIA FOLLOWING OTHER NONTRAUMATIC INTRACRANIAL HEMORRHAGE","TRAUMA"
"CRP","I69291","DYSPHAGIA FOLLOWING OTHER NONTRAUMATIC INTRACRANIAL HEMORRHAGE","TRAUMA"
"CRP","I69292","FACIAL WEAKNESS FOLLOWING OTHER NONTRAUMATIC INTRACRANIAL HEMORRHAGE","TRAUMA"
"CRP","I69293","ATAXIA FOLLOWING OTHER NONTRAUMATIC INTRACRANIAL HEMORRHAGE","TRAUMA"
"CRP","I69298","OTHER SEQUELAE OF OTHER NONTRAUMATIC INTRACRANIAL HEMORRHAGE","TRAUMA"
"CRP","I7782","ANTINEUTROPHILIC CYTOPLASMIC ANTIBODY [ANCA] VASCULITIS","VASCULITIS"
"CRP","I8310","VARICOSE VEINS OF UNSPECIFIED LOWER EXTREMITY WITH INFLAMMATION","INFLAMMATION"
"CRP","I8311","VARICOSE VEINS OF RIGHT LOWER EXTREMITY WITH INFLAMMATION","INFLAMMATION"
"CRP","I8312","VARICOSE VEINS OF LEFT LOWER EXTREMITY WITH INFLAMMATION","INFLAMMATION"
"CRP","I83201","VARICOSE VEINS OF UNSPECIFIED LOWER EXTREMITY WITH BOTH ULCER OF THIGH AND INFLAMMATION","INFLAMMATION"
"CRP","I83202","VARICOSE VEINS OF UNSPECIFIED LOWER EXTREMITY WITH BOTH ULCER OF CALF AND INFLAMMATION","INFLAMMATION"
"CRP","I83203","VARICOSE VEINS OF UNSPECIFIED LOWER EXTREMITY WITH BOTH ULCER OF ANKLE AND INFLAMMATION","INFLAMMATION"
"CRP","I83204","VARICOSE VEINS OF UNSPECIFIED LOWER EXTREMITY WITH BOTH ULCER OF HEEL AND MIDFOOT AND INFLAMMATION","INFLAMMATION"
"CRP","I83205","VARICOSE VEINS OF UNSPECIFIED LOWER EXTREMITY WITH BOTH ULCER OTHER PART OF FOOT AND INFLAMMATION","INFLAMMATION"
"CRP","I83208","VARICOSE VEINS OF UNSPECIFIED LOWER EXTREMITY WITH BOTH ULCER OF OTHER PART OF LOWER EXTREMITY AND INFLAMMATION","INFLAMMATION"
"CRP","I83209","VARICOSE VEINS OF UNSPECIFIED LOWER EXTREMITY WITH BOTH ULCER OF UNSPECIFIED SITE AND INFLAMMATION","INFLAMMATION"
"CRP","I83211","VARICOSE VEINS OF RIGHT LOWER EXTREMITY WITH BOTH ULCER OF THIGH AND INFLAMMATION","INFLAMMATION"
"CRP","I83212","VARICOSE VEINS OF RIGHT LOWER EXTREMITY WITH BOTH ULCER OF CALF AND INFLAMMATION","INFLAMMATION"
"CRP","I83213","VARICOSE VEINS OF RIGHT LOWER EXTREMITY WITH BOTH ULCER OF ANKLE AND INFLAMMATION","INFLAMMATION"
"CRP","I83214","VARICOSE VEINS OF RIGHT LOWER EXTREMITY WITH BOTH ULCER OF HEEL AND MIDFOOT AND INFLAMMATION","INFLAMMATION"
"CRP","I83215","VARICOSE VEINS OF RIGHT LOWER EXTREMITY WITH BOTH ULCER OTHER PART OF FOOT AND INFLAMMATION","INFLAMMATION"
"CRP","I83218","VARICOSE VEINS OF RIGHT LOWER EXTREMITY WITH BOTH ULCER OF OTHER PART OF LOWER EXTREMITY AND INFLAMMATION","INFLAMMATION"
"CRP","I83219","VARICOSE VEINS OF RIGHT LOWER EXTREMITY WITH BOTH ULCER OF UNSPECIFIED SITE AND INFLAMMATION","INFLAMMATION"
"CRP","I83221","VARICOSE VEINS OF LEFT LOWER EXTREMITY WITH BOTH ULCER OF THIGH AND INFLAMMATION","INFLAMMATION"
"CRP","I83222","VARICOSE VEINS OF LEFT LOWER EXTREMITY WITH BOTH ULCER OF CALF AND INFLAMMATION","INFLAMMATION"
"CRP","I83223","VARICOSE VEINS OF LEFT LOWER EXTREMITY WITH BOTH ULCER OF ANKLE AND INFLAMMATION","INFLAMMATION"
"CRP","I83224","VARICOSE VEINS OF LEFT LOWER EXTREMITY WITH BOTH ULCER OF HEEL AND MIDFOOT AND INFLAMMATION","INFLAMMATION"
"CRP","I83225","VARICOSE VEINS OF LEFT LOWER EXTREMITY WITH BOTH ULCER OTHER PART OF FOOT AND INFLAMMATION","INFLAMMATION"
"CRP","I83228","VARICOSE VEINS OF LEFT LOWER EXTREMITY WITH BOTH ULCER OF OTHER PART OF LOWER EXTREMITY AND INFLAMMATION","INFLAMMATION"
"CRP","I83229","VARICOSE VEINS OF LEFT LOWER EXTREMITY WITH BOTH ULCER OF UNSPECIFIED SITE AND INFLAMMATION","INFLAMMATION"
"CRP","I87021","POSTTHROMBOTIC SYNDROME WITH INFLAMMATION OF RIGHT LOWER EXTREMITY","INFLAMMATION"
"CRP","I87022","POSTTHROMBOTIC SYNDROME WITH INFLAMMATION OF LEFT LOWER EXTREMITY","INFLAMMATION"
"CRP","I87023","POSTTHROMBOTIC SYNDROME WITH INFLAMMATION OF BILATERAL LOWER EXTREMITY","INFLAMMATION"
"CRP","I87029","POSTTHROMBOTIC SYNDROME WITH INFLAMMATION OF UNSPECIFIED LOWER EXTREMITY","INFLAMMATION"
"CRP","I87031","POSTTHROMBOTIC SYNDROME WITH ULCER AND INFLAMMATION OF RIGHT LOWER EXTREMITY","INFLAMMATION"
"CRP","I87032","POSTTHROMBOTIC SYNDROME WITH ULCER AND INFLAMMATION OF LEFT LOWER EXTREMITY","INFLAMMATION"
"CRP","I87033","POSTTHROMBOTIC SYNDROME WITH ULCER AND INFLAMMATION OF BILATERAL LOWER EXTREMITY","INFLAMMATION"
"CRP","I87039","POSTTHROMBOTIC SYNDROME WITH ULCER AND INFLAMMATION OF UNSPECIFIED LOWER EXTREMITY","INFLAMMATION"
"CRP","I87321","CHRONIC VENOUS HYPERTENSION (IDIOPATHIC) WITH INFLAMMATION OF RIGHT LOWER EXTREMITY","INFLAMMATION; CHRONIC.*INFLAMMATION"
"CRP","I87322","CHRONIC VENOUS HYPERTENSION (IDIOPATHIC) WITH INFLAMMATION OF LEFT LOWER EXTREMITY","INFLAMMATION; CHRONIC.*INFLAMMATION"
"CRP","I87323","CHRONIC VENOUS HYPERTENSION (IDIOPATHIC) WITH INFLAMMATION OF BILATERAL LOWER EXTREMITY","INFLAMMATION; CHRONIC.*INFLAMMATION"
"CRP","I87329","CHRONIC VENOUS HYPERTENSION (IDIOPATHIC) WITH INFLAMMATION OF UNSPECIFIED LOWER EXTREMITY","INFLAMMATION; CHRONIC.*INFLAMMATION"
"CRP","I87331","CHRONIC VENOUS HYPERTENSION (IDIOPATHIC) WITH ULCER AND INFLAMMATION OF RIGHT LOWER EXTREMITY","INFLAMMATION; CHRONIC.*INFLAMMATION"
"CRP","I87332","CHRONIC VENOUS HYPERTENSION (IDIOPATHIC) WITH ULCER AND INFLAMMATION OF LEFT LOWER EXTREMITY","INFLAMMATION; CHRONIC.*INFLAMMATION"
"CRP","I87333","CHRONIC VENOUS HYPERTENSION (IDIOPATHIC) WITH ULCER AND INFLAMMATION OF BILATERAL LOWER EXTREMITY","INFLAMMATION; CHRONIC.*INFLAMMATION"
"CRP","I87339","CHRONIC VENOUS HYPERTENSION (IDIOPATHIC) WITH ULCER AND INFLAMMATION OF UNSPECIFIED LOWER EXTREMITY","INFLAMMATION; CHRONIC.*INFLAMMATION"
"CRP","J0100","ACUTE MAXILLARY SINUSITIS, UNSPECIFIED","SINUSITIS"
"CRP","J0101","ACUTE RECURRENT MAXILLARY SINUSITIS","SINUSITIS"
"CRP","J0110","ACUTE FRONTAL SINUSITIS, UNSPECIFIED","SINUSITIS"
"CRP","J0111","ACUTE RECURRENT FRONTAL SINUSITIS","SINUSITIS"
"CRP","J0120","ACUTE ETHMOIDAL SINUSITIS, UNSPECIFIED","SINUSITIS"
"CRP","J0121","ACUTE RECURRENT ETHMOIDAL SINUSITIS","SINUSITIS"
"CRP","J0130","ACUTE SPHENOIDAL SINUSITIS, UNSPECIFIED","SINUSITIS"
"CRP","J0131","ACUTE RECURRENT SPHENOIDAL SINUSITIS","SINUSITIS"
"CRP","J0140","ACUTE PANSINUSITIS, UNSPECIFIED","SINUSITIS"
"CRP","J0141","ACUTE RECURRENT PANSINUSITIS","SINUSITIS"
"CRP","J0180","OTHER ACUTE SINUSITIS","SINUSITIS"
"CRP","J0181","OTHER ACUTE RECURRENT SINUSITIS","SINUSITIS"
"CRP","J0190","ACUTE SINUSITIS, UNSPECIFIED","SINUSITIS"
"CRP","J0191","ACUTE RECURRENT SINUSITIS, UNSPECIFIED","SINUSITIS"
"CRP","J069","ACUTE UPPER RESPIRATORY INFECTION, UNSPECIFIED","INFECTION"
"CRP","J09X1","INFLUENZA DUE TO IDENTIFIED NOVEL INFLUENZA A VIRUS WITH PNEUMONIA","PNEUMONIA"
"CRP","J1000","INFLUENZA DUE TO OTHER IDENTIFIED INFLUENZA VIRUS WITH UNSPECIFIED TYPE OF PNEUMONIA","PNEUMONIA"
"CRP","J1001","INFLUENZA DUE TO OTHER IDENTIFIED INFLUENZA VIRUS WITH THE SAME OTHER IDENTIFIED INFLUENZA VIRUS PNEUMONIA","PNEUMONIA"
"CRP","J1008","INFLUENZA DUE TO OTHER IDENTIFIED INFLUENZA VIRUS WITH OTHER SPECIFIED PNEUMONIA","PNEUMONIA"
"CRP","J1082","INFLUENZA DUE TO OTHER IDENTIFIED INFLUENZA VIRUS WITH MYOCARDITIS","MYOCARDITIS"
"CRP","J1100","INFLUENZA DUE TO UNIDENTIFIED INFLUENZA VIRUS WITH UNSPECIFIED TYPE OF PNEUMONIA","PNEUMONIA"
"CRP","J1108","INFLUENZA DUE TO UNIDENTIFIED INFLUENZA VIRUS WITH SPECIFIED PNEUMONIA","PNEUMONIA"
"CRP","J1182","INFLUENZA DUE TO UNIDENTIFIED INFLUENZA VIRUS WITH MYOCARDITIS","MYOCARDITIS"
"CRP","J120","ADENOVIRAL PNEUMONIA","PNEUMONIA"
"CRP","J121","RESPIRATORY SYNCYTIAL VIRUS PNEUMONIA","PNEUMONIA"
"CRP","J122","PARAINFLUENZA VIRUS PNEUMONIA","PNEUMONIA"
"CRP","J123","HUMAN METAPNEUMOVIRUS PNEUMONIA","PNEUMONIA"
"CRP","J1281","PNEUMONIA DUE TO SARS-ASSOCIATED CORONAVIRUS","PNEUMONIA"
"CRP","J1282","PNEUMONIA DUE TO CORONAVIRUS DISEASE 2019","PNEUMONIA"
"CRP","J1289","OTHER VIRAL PNEUMONIA","PNEUMONIA"
"CRP","J129","VIRAL PNEUMONIA, UNSPECIFIED","PNEUMONIA"
"CRP","J13","PNEUMONIA DUE TO STREPTOCOCCUS PNEUMONIAE","PNEUMONIA"
"CRP","J14","PNEUMONIA DUE TO HEMOPHILUS INFLUENZAE","PNEUMONIA"
"CRP","J150","PNEUMONIA DUE TO KLEBSIELLA PNEUMONIAE","PNEUMONIA"
"CRP","J151","PNEUMONIA DUE TO PSEUDOMONAS","PNEUMONIA"
"CRP","J1520","PNEUMONIA DUE TO STAPHYLOCOCCUS, UNSPECIFIED","PNEUMONIA"
"CRP","J15211","PNEUMONIA DUE TO METHICILLIN SUSCEPTIBLE STAPHYLOCOCCUS AUREUS","PNEUMONIA"
"CRP","J15212","PNEUMONIA DUE TO METHICILLIN RESISTANT STAPHYLOCOCCUS AUREUS","PNEUMONIA"
"CRP","J1529","PNEUMONIA DUE TO OTHER STAPHYLOCOCCUS","PNEUMONIA"
"CRP","J153","PNEUMONIA DUE TO STREPTOCOCCUS, GROUP B","PNEUMONIA"
"CRP","J154","PNEUMONIA DUE TO OTHER STREPTOCOCCI","PNEUMONIA"
"CRP","J155","PNEUMONIA DUE TO ESCHERICHIA COLI","PNEUMONIA"
"CRP","J1561","PNEUMONIA DUE TO ACINETOBACTER BAUMANNII","PNEUMONIA"
"CRP","J1569","PNEUMONIA DUE TO OTHER GRAM-NEGATIVE BACTERIA","PNEUMONIA"
"CRP","J157","PNEUMONIA DUE TO MYCOPLASMA PNEUMONIAE","PNEUMONIA"
"CRP","J158","PNEUMONIA DUE TO OTHER SPECIFIED BACTERIA","PNEUMONIA"
"CRP","J159","UNSPECIFIED BACTERIAL PNEUMONIA","PNEUMONIA"
"CRP","J160","CHLAMYDIAL PNEUMONIA","PNEUMONIA"
"CRP","J168","PNEUMONIA DUE TO OTHER SPECIFIED INFECTIOUS ORGANISMS","PNEUMONIA"
"CRP","J17","PNEUMONIA IN DISEASES CLASSIFIED ELSEWHERE","PNEUMONIA"
"CRP","J180","BRONCHOPNEUMONIA, UNSPECIFIED ORGANISM","PNEUMONIA"
"CRP","J181","LOBAR PNEUMONIA, UNSPECIFIED ORGANISM","PNEUMONIA"
"CRP","J182","HYPOSTATIC PNEUMONIA, UNSPECIFIED ORGANISM","PNEUMONIA"
"CRP","J188","OTHER PNEUMONIA, UNSPECIFIED ORGANISM","PNEUMONIA"
"CRP","J189","PNEUMONIA, UNSPECIFIED ORGANISM","PNEUMONIA"
"CRP","J200","ACUTE BRONCHITIS DUE TO MYCOPLASMA PNEUMONIAE","PNEUMONIA; BRONCHITIS"
"CRP","J201","ACUTE BRONCHITIS DUE TO HEMOPHILUS INFLUENZAE","BRONCHITIS"
"CRP","J202","ACUTE BRONCHITIS DUE TO STREPTOCOCCUS","BRONCHITIS"
"CRP","J203","ACUTE BRONCHITIS DUE TO COXSACKIEVIRUS","BRONCHITIS"
"CRP","J204","ACUTE BRONCHITIS DUE TO PARAINFLUENZA VIRUS","BRONCHITIS"
"CRP","J205","ACUTE BRONCHITIS DUE TO RESPIRATORY SYNCYTIAL VIRUS","BRONCHITIS"
"CRP","J206","ACUTE BRONCHITIS DUE TO RHINOVIRUS","BRONCHITIS"
"CRP","J207","ACUTE BRONCHITIS DUE TO ECHOVIRUS","BRONCHITIS"
"CRP","J208","ACUTE BRONCHITIS DUE TO OTHER SPECIFIED ORGANISMS","BRONCHITIS"
"CRP","J209","ACUTE BRONCHITIS, UNSPECIFIED","BRONCHITIS"
"CRP","J22","UNSPECIFIED ACUTE LOWER RESPIRATORY INFECTION","INFECTION"
"CRP","J320","CHRONIC MAXILLARY SINUSITIS","SINUSITIS"
"CRP","J321","CHRONIC FRONTAL SINUSITIS","SINUSITIS"
"CRP","J322","CHRONIC ETHMOIDAL SINUSITIS","SINUSITIS"
"CRP","J323","CHRONIC SPHENOIDAL SINUSITIS","SINUSITIS"
"CRP","J324","CHRONIC PANSINUSITIS","SINUSITIS"
"CRP","J328","OTHER CHRONIC SINUSITIS","SINUSITIS"
"CRP","J329","CHRONIC SINUSITIS, UNSPECIFIED","SINUSITIS"
"CRP","J40","BRONCHITIS, NOT SPECIFIED AS ACUTE OR CHRONIC","BRONCHITIS"
"CRP","J410","SIMPLE CHRONIC BRONCHITIS","BRONCHITIS"
"CRP","J411","MUCOPURULENT CHRONIC BRONCHITIS","BRONCHITIS"
"CRP","J418","MIXED SIMPLE AND MUCOPURULENT CHRONIC BRONCHITIS","BRONCHITIS"
"CRP","J42","UNSPECIFIED CHRONIC BRONCHITIS","BRONCHITIS"
"CRP","J440","CHRONIC OBSTRUCTIVE PULMONARY DISEASE WITH (ACUTE) LOWER RESPIRATORY INFECTION","INFECTION"
"CRP","J470","BRONCHIECTASIS WITH ACUTE LOWER RESPIRATORY INFECTION","INFECTION"
"CRP","J680","BRONCHITIS AND PNEUMONITIS DUE TO CHEMICALS, GASES, FUMES AND VAPORS","BRONCHITIS"
"CRP","J682","UPPER RESPIRATORY INFLAMMATION DUE TO CHEMICALS, GASES, FUMES AND VAPORS, NOT ELSEWHERE CLASSIFIED","INFLAMMATION"
"CRP","J8281","CHRONIC EOSINOPHILIC PNEUMONIA","PNEUMONIA"
"CRP","J8282","ACUTE EOSINOPHILIC PNEUMONIA","PNEUMONIA"
"CRP","J84111","IDIOPATHIC INTERSTITIAL PNEUMONIA, NOT OTHERWISE SPECIFIED","PNEUMONIA"
"CRP","J84116","CRYPTOGENIC ORGANIZING PNEUMONIA","PNEUMONIA"
"CRP","J84117","DESQUAMATIVE INTERSTITIAL PNEUMONIA","PNEUMONIA"
"CRP","J842","LYMPHOID INTERSTITIAL PNEUMONIA","PNEUMONIA"
"CRP","J851","ABSCESS OF LUNG WITH PNEUMONIA","PNEUMONIA"
"CRP","J852","ABSCESS OF LUNG WITHOUT PNEUMONIA","PNEUMONIA"
"CRP","J9502","INFECTION OF TRACHEOSTOMY STOMA","INFECTION"
"CRP","J95851","VENTILATOR ASSOCIATED PNEUMONIA","PNEUMONIA"
"CRP","K062","GINGIVAL AND EDENTULOUS ALVEOLAR RIDGE LESIONS ASSOCIATED WITH TRAUMA","TRAUMA"
"CRP","K08111","COMPLETE LOSS OF TEETH DUE TO TRAUMA, CLASS I","TRAUMA"
"CRP","K08112","COMPLETE LOSS OF TEETH DUE TO TRAUMA, CLASS II","TRAUMA"
"CRP","K08113","COMPLETE LOSS OF TEETH DUE TO TRAUMA, CLASS III","TRAUMA"
"CRP","K08114","COMPLETE LOSS OF TEETH DUE TO TRAUMA, CLASS IV","TRAUMA"
"CRP","K08119","COMPLETE LOSS OF TEETH DUE TO TRAUMA, UNSPECIFIED CLASS","TRAUMA"
"CRP","K08411","PARTIAL LOSS OF TEETH DUE TO TRAUMA, CLASS I","TRAUMA"
"CRP","K08412","PARTIAL LOSS OF TEETH DUE TO TRAUMA, CLASS II","TRAUMA"
"CRP","K08413","PARTIAL LOSS OF TEETH DUE TO TRAUMA, CLASS III","TRAUMA"
"CRP","K08414","PARTIAL LOSS OF TEETH DUE TO TRAUMA, CLASS IV","TRAUMA"
"CRP","K08419","PARTIAL LOSS OF TEETH DUE TO TRAUMA, UNSPECIFIED CLASS","TRAUMA"
"CRP","K0881","PRIMARY OCCLUSAL TRAUMA","TRAUMA"
"CRP","K0882","SECONDARY OCCLUSAL TRAUMA","TRAUMA"
"CRP","K122","CELLULITIS AND ABSCESS OF MOUTH","CELLULITIS"
"CRP","K35200","ACUTE APPENDICITIS WITH GENERALIZED PERITONITIS, WITHOUT PERFORATION OR ABSCESS","APPENDICITIS"
"CRP","K35201","ACUTE APPENDICITIS WITH GENERALIZED PERITONITIS, WITH PERFORATION, WITHOUT ABSCESS","APPENDICITIS"
"CRP","K35209","ACUTE APPENDICITIS WITH GENERALIZED PERITONITIS, WITHOUT ABSCESS, UNSPECIFIED AS TO PERFORATION","APPENDICITIS"
"CRP","K35210","ACUTE APPENDICITIS WITH GENERALIZED PERITONITIS, WITHOUT PERFORATION, WITH ABSCESS","APPENDICITIS"
"CRP","K35211","ACUTE APPENDICITIS WITH GENERALIZED PERITONITIS, WITH PERFORATION AND ABSCESS","APPENDICITIS"
"CRP","K35219","ACUTE APPENDICITIS WITH GENERALIZED PERITONITIS, WITH ABSCESS, UNSPECIFIED AS TO PERFORATION","APPENDICITIS"
"CRP","K3530","ACUTE APPENDICITIS WITH LOCALIZED PERITONITIS, WITHOUT PERFORATION OR GANGRENE","APPENDICITIS"
"CRP","K3531","ACUTE APPENDICITIS WITH LOCALIZED PERITONITIS AND GANGRENE, WITHOUT PERFORATION","APPENDICITIS"
"CRP","K3532","ACUTE APPENDICITIS WITH PERFORATION, LOCALIZED PERITONITIS, AND GANGRENE, WITHOUT ABSCESS","APPENDICITIS"
"CRP","K3533","ACUTE APPENDICITIS WITH PERFORATION, LOCALIZED PERITONITIS, AND GANGRENE, WITH ABSCESS","APPENDICITIS"
"CRP","K3580","UNSPECIFIED ACUTE APPENDICITIS","APPENDICITIS"
"CRP","K35890","OTHER ACUTE APPENDICITIS WITHOUT PERFORATION OR GANGRENE","APPENDICITIS"
"CRP","K35891","OTHER ACUTE APPENDICITIS WITHOUT PERFORATION, WITH GANGRENE","APPENDICITIS"
"CRP","K36","OTHER APPENDICITIS","APPENDICITIS"
"CRP","K37","UNSPECIFIED APPENDICITIS","APPENDICITIS"
"CRP","K5100","ULCERATIVE (CHRONIC) PANCOLITIS WITHOUT COMPLICATIONS","COLITIS"
"CRP","K51011","ULCERATIVE (CHRONIC) PANCOLITIS WITH RECTAL BLEEDING","COLITIS"
"CRP","K51012","ULCERATIVE (CHRONIC) PANCOLITIS WITH INTESTINAL OBSTRUCTION","COLITIS"
"CRP","K51013","ULCERATIVE (CHRONIC) PANCOLITIS WITH FISTULA","COLITIS"
"CRP","K51014","ULCERATIVE (CHRONIC) PANCOLITIS WITH ABSCESS","COLITIS"
"CRP","K51018","ULCERATIVE (CHRONIC) PANCOLITIS WITH OTHER COMPLICATION","COLITIS"
"CRP","K51019","ULCERATIVE (CHRONIC) PANCOLITIS WITH UNSPECIFIED COMPLICATIONS","COLITIS"
"CRP","K5150","LEFT SIDED COLITIS WITHOUT COMPLICATIONS","COLITIS"
"CRP","K51511","LEFT SIDED COLITIS WITH RECTAL BLEEDING","COLITIS"
"CRP","K51512","LEFT SIDED COLITIS WITH INTESTINAL OBSTRUCTION","COLITIS"
"CRP","K51513","LEFT SIDED COLITIS WITH FISTULA","COLITIS"
"CRP","K51514","LEFT SIDED COLITIS WITH ABSCESS","COLITIS"
"CRP","K51518","LEFT SIDED COLITIS WITH OTHER COMPLICATION","COLITIS"
"CRP","K51519","LEFT SIDED COLITIS WITH UNSPECIFIED COMPLICATIONS","COLITIS"
"CRP","K5180","OTHER ULCERATIVE COLITIS WITHOUT COMPLICATIONS","COLITIS"
"CRP","K51811","OTHER ULCERATIVE COLITIS WITH RECTAL BLEEDING","COLITIS"
"CRP","K51812","OTHER ULCERATIVE COLITIS WITH INTESTINAL OBSTRUCTION","COLITIS"
"CRP","K51813","OTHER ULCERATIVE COLITIS WITH FISTULA","COLITIS"
"CRP","K51814","OTHER ULCERATIVE COLITIS WITH ABSCESS","COLITIS"
"CRP","K51818","OTHER ULCERATIVE COLITIS WITH OTHER COMPLICATION","COLITIS"
"CRP","K51819","OTHER ULCERATIVE COLITIS WITH UNSPECIFIED COMPLICATIONS","COLITIS"
"CRP","K5190","ULCERATIVE COLITIS, UNSPECIFIED, WITHOUT COMPLICATIONS","COLITIS"
"CRP","K51911","ULCERATIVE COLITIS, UNSPECIFIED WITH RECTAL BLEEDING","COLITIS"
"CRP","K51912","ULCERATIVE COLITIS, UNSPECIFIED WITH INTESTINAL OBSTRUCTION","COLITIS"
"CRP","K51913","ULCERATIVE COLITIS, UNSPECIFIED WITH FISTULA","COLITIS"
"CRP","K51914","ULCERATIVE COLITIS, UNSPECIFIED WITH ABSCESS","COLITIS"
"CRP","K51918","ULCERATIVE COLITIS, UNSPECIFIED WITH OTHER COMPLICATION","COLITIS"
"CRP","K51919","ULCERATIVE COLITIS, UNSPECIFIED WITH UNSPECIFIED COMPLICATIONS","COLITIS"
"CRP","K520","GASTROENTERITIS AND COLITIS DUE TO RADIATION","COLITIS"
"CRP","K521","TOXIC GASTROENTERITIS AND COLITIS","COLITIS"
"CRP","K5221","FOOD PROTEIN-INDUCED ENTEROCOLITIS SYNDROME","COLITIS"
"CRP","K5229","OTHER ALLERGIC AND DIETETIC GASTROENTERITIS AND COLITIS","COLITIS"
"CRP","K523","INDETERMINATE COLITIS","COLITIS"
"CRP","K5282","EOSINOPHILIC COLITIS","COLITIS"
"CRP","K52831","COLLAGENOUS COLITIS","COLITIS"
"CRP","K52832","LYMPHOCYTIC COLITIS","COLITIS"
"CRP","K52838","OTHER MICROSCOPIC COLITIS","COLITIS"
"CRP","K52839","MICROSCOPIC COLITIS, UNSPECIFIED","COLITIS"
"CRP","K5289","OTHER SPECIFIED NONINFECTIVE GASTROENTERITIS AND COLITIS","COLITIS"
"CRP","K529","NONINFECTIVE GASTROENTERITIS AND COLITIS, UNSPECIFIED","COLITIS"
"CRP","K5530","NECROTIZING ENTEROCOLITIS, UNSPECIFIED","COLITIS"
"CRP","K5531","STAGE 1 NECROTIZING ENTEROCOLITIS","COLITIS"
"CRP","K5532","STAGE 2 NECROTIZING ENTEROCOLITIS","COLITIS"
"CRP","K5533","STAGE 3 NECROTIZING ENTEROCOLITIS","COLITIS"
"CRP","K5700","DIVERTICULITIS OF SMALL INTESTINE WITH PERFORATION AND ABSCESS WITHOUT BLEEDING","DIVERTICULITIS"
"CRP","K5701","DIVERTICULITIS OF SMALL INTESTINE WITH PERFORATION AND ABSCESS WITH BLEEDING","DIVERTICULITIS"
"CRP","K5712","DIVERTICULITIS OF SMALL INTESTINE WITHOUT PERFORATION OR ABSCESS WITHOUT BLEEDING","DIVERTICULITIS"
"CRP","K5713","DIVERTICULITIS OF SMALL INTESTINE WITHOUT PERFORATION OR ABSCESS WITH BLEEDING","DIVERTICULITIS"
"CRP","K5720","DIVERTICULITIS OF LARGE INTESTINE WITH PERFORATION AND ABSCESS WITHOUT BLEEDING","DIVERTICULITIS"
"CRP","K5721","DIVERTICULITIS OF LARGE INTESTINE WITH PERFORATION AND ABSCESS WITH BLEEDING","DIVERTICULITIS"
"CRP","K5732","DIVERTICULITIS OF LARGE INTESTINE WITHOUT PERFORATION OR ABSCESS WITHOUT BLEEDING","DIVERTICULITIS"
"CRP","K5733","DIVERTICULITIS OF LARGE INTESTINE WITHOUT PERFORATION OR ABSCESS WITH BLEEDING","DIVERTICULITIS"
"CRP","K5740","DIVERTICULITIS OF BOTH SMALL AND LARGE INTESTINE WITH PERFORATION AND ABSCESS WITHOUT BLEEDING","DIVERTICULITIS"
"CRP","K5741","DIVERTICULITIS OF BOTH SMALL AND LARGE INTESTINE WITH PERFORATION AND ABSCESS WITH BLEEDING","DIVERTICULITIS"
"CRP","K5752","DIVERTICULITIS OF BOTH SMALL AND LARGE INTESTINE WITHOUT PERFORATION OR ABSCESS WITHOUT BLEEDING","DIVERTICULITIS"
"CRP","K5753","DIVERTICULITIS OF BOTH SMALL AND LARGE INTESTINE WITHOUT PERFORATION OR ABSCESS WITH BLEEDING","DIVERTICULITIS"
"CRP","K5780","DIVERTICULITIS OF INTESTINE, PART UNSPECIFIED, WITH PERFORATION AND ABSCESS WITHOUT BLEEDING","DIVERTICULITIS"
"CRP","K5781","DIVERTICULITIS OF INTESTINE, PART UNSPECIFIED, WITH PERFORATION AND ABSCESS WITH BLEEDING","DIVERTICULITIS"
"CRP","K5792","DIVERTICULITIS OF INTESTINE, PART UNSPECIFIED, WITHOUT PERFORATION OR ABSCESS WITHOUT BLEEDING","DIVERTICULITIS"
"CRP","K5793","DIVERTICULITIS OF INTESTINE, PART UNSPECIFIED, WITHOUT PERFORATION OR ABSCESS WITH BLEEDING","DIVERTICULITIS"
"CRP","K6281","ANAL SPHINCTER TEAR (HEALED) (NONTRAUMATIC) (OLD)","TRAUMA"
"CRP","K631","PERFORATION OF INTESTINE (NONTRAUMATIC)","TRAUMA"
"CRP","K660","PERITONEAL ADHESIONS (POSTPROCEDURAL) (POSTINFECTION)","INFECTION"
"CRP","K7010","ALCOHOLIC HEPATITIS WITHOUT ASCITES","HEPATITIS"
"CRP","K7011","ALCOHOLIC HEPATITIS WITH ASCITES","HEPATITIS"
"CRP","K712","TOXIC LIVER DISEASE WITH ACUTE HEPATITIS","HEPATITIS"
"CRP","K713","TOXIC LIVER DISEASE WITH CHRONIC PERSISTENT HEPATITIS","HEPATITIS"
"CRP","K714","TOXIC LIVER DISEASE WITH CHRONIC LOBULAR HEPATITIS","HEPATITIS"
"CRP","K7150","TOXIC LIVER DISEASE WITH CHRONIC ACTIVE HEPATITIS WITHOUT ASCITES","HEPATITIS"
"CRP","K7151","TOXIC LIVER DISEASE WITH CHRONIC ACTIVE HEPATITIS WITH ASCITES","HEPATITIS"
"CRP","K716","TOXIC LIVER DISEASE WITH HEPATITIS, NOT ELSEWHERE CLASSIFIED","HEPATITIS"
"CRP","K730","CHRONIC PERSISTENT HEPATITIS, NOT ELSEWHERE CLASSIFIED","HEPATITIS"
"CRP","K731","CHRONIC LOBULAR HEPATITIS, NOT ELSEWHERE CLASSIFIED","HEPATITIS"
"CRP","K732","CHRONIC ACTIVE HEPATITIS, NOT ELSEWHERE CLASSIFIED","HEPATITIS"
"CRP","K738","OTHER CHRONIC HEPATITIS, NOT ELSEWHERE CLASSIFIED","HEPATITIS"
"CRP","K739","CHRONIC HEPATITIS, UNSPECIFIED","HEPATITIS"
"CRP","K752","NONSPECIFIC REACTIVE HEPATITIS","HEPATITIS"
"CRP","K753","GRANULOMATOUS HEPATITIS, NOT ELSEWHERE CLASSIFIED","HEPATITIS"
"CRP","K754","AUTOIMMUNE HEPATITIS","HEPATITIS"
"CRP","K7581","NONALCOHOLIC STEATOHEPATITIS (NASH)","HEPATITIS"
"CRP","K7589","OTHER SPECIFIED INFLAMMATORY LIVER DISEASES","INFLAMMATORY.*DISEASE"
"CRP","K759","INFLAMMATORY LIVER DISEASE, UNSPECIFIED","INFLAMMATORY.*DISEASE"
"CRP","K8000","CALCULUS OF GALLBLADDER WITH ACUTE CHOLECYSTITIS WITHOUT OBSTRUCTION","CHOLECYSTITIS"
"CRP","K8001","CALCULUS OF GALLBLADDER WITH ACUTE CHOLECYSTITIS WITH OBSTRUCTION","CHOLECYSTITIS"
"CRP","K8010","CALCULUS OF GALLBLADDER WITH CHRONIC CHOLECYSTITIS WITHOUT OBSTRUCTION","CHOLECYSTITIS"
"CRP","K8011","CALCULUS OF GALLBLADDER WITH CHRONIC CHOLECYSTITIS WITH OBSTRUCTION","CHOLECYSTITIS"
"CRP","K8012","CALCULUS OF GALLBLADDER WITH ACUTE AND CHRONIC CHOLECYSTITIS WITHOUT OBSTRUCTION","CHOLECYSTITIS"
"CRP","K8013","CALCULUS OF GALLBLADDER WITH ACUTE AND CHRONIC CHOLECYSTITIS WITH OBSTRUCTION","CHOLECYSTITIS"
"CRP","K8018","CALCULUS OF GALLBLADDER WITH OTHER CHOLECYSTITIS WITHOUT OBSTRUCTION","CHOLECYSTITIS"
"CRP","K8019","CALCULUS OF GALLBLADDER WITH OTHER CHOLECYSTITIS WITH OBSTRUCTION","CHOLECYSTITIS"
"CRP","K8020","CALCULUS OF GALLBLADDER WITHOUT CHOLECYSTITIS WITHOUT OBSTRUCTION","CHOLECYSTITIS"
"CRP","K8021","CALCULUS OF GALLBLADDER WITHOUT CHOLECYSTITIS WITH OBSTRUCTION","CHOLECYSTITIS"
"CRP","K8040","CALCULUS OF BILE DUCT WITH CHOLECYSTITIS, UNSPECIFIED, WITHOUT OBSTRUCTION","CHOLECYSTITIS"
"CRP","K8041","CALCULUS OF BILE DUCT WITH CHOLECYSTITIS, UNSPECIFIED, WITH OBSTRUCTION","CHOLECYSTITIS"
"CRP","K8042","CALCULUS OF BILE DUCT WITH ACUTE CHOLECYSTITIS WITHOUT OBSTRUCTION","CHOLECYSTITIS"
"CRP","K8043","CALCULUS OF BILE DUCT WITH ACUTE CHOLECYSTITIS WITH OBSTRUCTION","CHOLECYSTITIS"
"CRP","K8044","CALCULUS OF BILE DUCT WITH CHRONIC CHOLECYSTITIS WITHOUT OBSTRUCTION","CHOLECYSTITIS"
"CRP","K8045","CALCULUS OF BILE DUCT WITH CHRONIC CHOLECYSTITIS WITH OBSTRUCTION","CHOLECYSTITIS"
"CRP","K8046","CALCULUS OF BILE DUCT WITH ACUTE AND CHRONIC CHOLECYSTITIS WITHOUT OBSTRUCTION","CHOLECYSTITIS"
"CRP","K8047","CALCULUS OF BILE DUCT WITH ACUTE AND CHRONIC CHOLECYSTITIS WITH OBSTRUCTION","CHOLECYSTITIS"
"CRP","K8050","CALCULUS OF BILE DUCT WITHOUT CHOLANGITIS OR CHOLECYSTITIS WITHOUT OBSTRUCTION","CHOLECYSTITIS"
"CRP","K8051","CALCULUS OF BILE DUCT WITHOUT CHOLANGITIS OR CHOLECYSTITIS WITH OBSTRUCTION","CHOLECYSTITIS"
"CRP","K8060","CALCULUS OF GALLBLADDER AND BILE DUCT WITH CHOLECYSTITIS, UNSPECIFIED, WITHOUT OBSTRUCTION","CHOLECYSTITIS"
"CRP","K8061","CALCULUS OF GALLBLADDER AND BILE DUCT WITH CHOLECYSTITIS, UNSPECIFIED, WITH OBSTRUCTION","CHOLECYSTITIS"
"CRP","K8062","CALCULUS OF GALLBLADDER AND BILE DUCT WITH ACUTE CHOLECYSTITIS WITHOUT OBSTRUCTION","CHOLECYSTITIS"
"CRP","K8063","CALCULUS OF GALLBLADDER AND BILE DUCT WITH ACUTE CHOLECYSTITIS WITH OBSTRUCTION","CHOLECYSTITIS"
"CRP","K8064","CALCULUS OF GALLBLADDER AND BILE DUCT WITH CHRONIC CHOLECYSTITIS WITHOUT OBSTRUCTION","CHOLECYSTITIS"
"CRP","K8065","CALCULUS OF GALLBLADDER AND BILE DUCT WITH CHRONIC CHOLECYSTITIS WITH OBSTRUCTION","CHOLECYSTITIS"
"CRP","K8066","CALCULUS OF GALLBLADDER AND BILE DUCT WITH ACUTE AND CHRONIC CHOLECYSTITIS WITHOUT OBSTRUCTION","CHOLECYSTITIS"
"CRP","K8067","CALCULUS OF GALLBLADDER AND BILE DUCT WITH ACUTE AND CHRONIC CHOLECYSTITIS WITH OBSTRUCTION","CHOLECYSTITIS"
"CRP","K8070","CALCULUS OF GALLBLADDER AND BILE DUCT WITHOUT CHOLECYSTITIS WITHOUT OBSTRUCTION","CHOLECYSTITIS"
"CRP","K8071","CALCULUS OF GALLBLADDER AND BILE DUCT WITHOUT CHOLECYSTITIS WITH OBSTRUCTION","CHOLECYSTITIS"
"CRP","K810","ACUTE CHOLECYSTITIS","CHOLECYSTITIS"
"CRP","K811","CHRONIC CHOLECYSTITIS","CHOLECYSTITIS"
"CRP","K812","ACUTE CHOLECYSTITIS WITH CHRONIC CHOLECYSTITIS","CHOLECYSTITIS"
"CRP","K819","CHOLECYSTITIS, UNSPECIFIED","CHOLECYSTITIS"
"CRP","K82A1","GANGRENE OF GALLBLADDER IN CHOLECYSTITIS","CHOLECYSTITIS"
"CRP","K82A2","PERFORATION OF GALLBLADDER IN CHOLECYSTITIS","CHOLECYSTITIS"
"CRP","K8500","IDIOPATHIC ACUTE PANCREATITIS WITHOUT NECROSIS OR INFECTION","INFECTION; PANCREATITIS"
"CRP","K8501","IDIOPATHIC ACUTE PANCREATITIS WITH UNINFECTED NECROSIS","PANCREATITIS"
"CRP","K8502","IDIOPATHIC ACUTE PANCREATITIS WITH INFECTED NECROSIS","PANCREATITIS"
"CRP","K8510","BILIARY ACUTE PANCREATITIS WITHOUT NECROSIS OR INFECTION","INFECTION; PANCREATITIS"
"CRP","K8511","BILIARY ACUTE PANCREATITIS WITH UNINFECTED NECROSIS","PANCREATITIS"
"CRP","K8512","BILIARY ACUTE PANCREATITIS WITH INFECTED NECROSIS","PANCREATITIS"
"CRP","K8520","ALCOHOL INDUCED ACUTE PANCREATITIS WITHOUT NECROSIS OR INFECTION","INFECTION; PANCREATITIS"
"CRP","K8521","ALCOHOL INDUCED ACUTE PANCREATITIS WITH UNINFECTED NECROSIS","PANCREATITIS"
"CRP","K8522","ALCOHOL INDUCED ACUTE PANCREATITIS WITH INFECTED NECROSIS","PANCREATITIS"
"CRP","K8530","DRUG INDUCED ACUTE PANCREATITIS WITHOUT NECROSIS OR INFECTION","INFECTION; PANCREATITIS"
"CRP","K8531","DRUG INDUCED ACUTE PANCREATITIS WITH UNINFECTED NECROSIS","PANCREATITIS"
"CRP","K8532","DRUG INDUCED ACUTE PANCREATITIS WITH INFECTED NECROSIS","PANCREATITIS"
"CRP","K8580","OTHER ACUTE PANCREATITIS WITHOUT NECROSIS OR INFECTION","INFECTION; PANCREATITIS"
"CRP","K8581","OTHER ACUTE PANCREATITIS WITH UNINFECTED NECROSIS","PANCREATITIS"
"CRP","K8582","OTHER ACUTE PANCREATITIS WITH INFECTED NECROSIS","PANCREATITIS"
"CRP","K8590","ACUTE PANCREATITIS WITHOUT NECROSIS OR INFECTION, UNSPECIFIED","INFECTION; PANCREATITIS"
"CRP","K8591","ACUTE PANCREATITIS WITH UNINFECTED NECROSIS, UNSPECIFIED","PANCREATITIS"
"CRP","K8592","ACUTE PANCREATITIS WITH INFECTED NECROSIS, UNSPECIFIED","PANCREATITIS"
"CRP","K860","ALCOHOL-INDUCED CHRONIC PANCREATITIS","PANCREATITIS"
"CRP","K861","OTHER CHRONIC PANCREATITIS","PANCREATITIS"
"CRP","K9402","COLOSTOMY INFECTION","INFECTION"
"CRP","K9412","ENTEROSTOMY INFECTION","INFECTION"
"CRP","K9422","GASTROSTOMY INFECTION","INFECTION"
"CRP","K9432","ESOPHAGOSTOMY INFECTION","INFECTION"
"CRP","K9501","INFECTION DUE TO GASTRIC BAND PROCEDURE","INFECTION"
"CRP","K9581","INFECTION DUE TO OTHER BARIATRIC PROCEDURE","INFECTION"
"CRP","L03011","CELLULITIS OF RIGHT FINGER","CELLULITIS"
"CRP","L03012","CELLULITIS OF LEFT FINGER","CELLULITIS"
"CRP","L03019","CELLULITIS OF UNSPECIFIED FINGER","CELLULITIS"
"CRP","L03031","CELLULITIS OF RIGHT TOE","CELLULITIS"
"CRP","L03032","CELLULITIS OF LEFT TOE","CELLULITIS"
"CRP","L03039","CELLULITIS OF UNSPECIFIED TOE","CELLULITIS"
"CRP","L03111","CELLULITIS OF RIGHT AXILLA","CELLULITIS"
"CRP","L03112","CELLULITIS OF LEFT AXILLA","CELLULITIS"
"CRP","L03113","CELLULITIS OF RIGHT UPPER LIMB","CELLULITIS"
"CRP","L03114","CELLULITIS OF LEFT UPPER LIMB","CELLULITIS"
"CRP","L03115","CELLULITIS OF RIGHT LOWER LIMB","CELLULITIS"
"CRP","L03116","CELLULITIS OF LEFT LOWER LIMB","CELLULITIS"
"CRP","L03119","CELLULITIS OF UNSPECIFIED PART OF LIMB","CELLULITIS"
"CRP","L03211","CELLULITIS OF FACE","CELLULITIS"
"CRP","L03213","PERIORBITAL CELLULITIS","CELLULITIS"
"CRP","L03221","CELLULITIS OF NECK","CELLULITIS"
"CRP","L03311","CELLULITIS OF ABDOMINAL WALL","CELLULITIS"
"CRP","L03312","CELLULITIS OF BACK [ANY PART EXCEPT BUTTOCK]","CELLULITIS"
"CRP","L03313","CELLULITIS OF CHEST WALL","CELLULITIS"
"CRP","L03314","CELLULITIS OF GROIN","CELLULITIS"
"CRP","L03315","CELLULITIS OF PERINEUM","CELLULITIS"
"CRP","L03316","CELLULITIS OF UMBILICUS","CELLULITIS"
"CRP","L03317","CELLULITIS OF BUTTOCK","CELLULITIS"
"CRP","L03319","CELLULITIS OF TRUNK, UNSPECIFIED","CELLULITIS"
"CRP","L0331A","CELLULITIS OF FLANK","CELLULITIS"
"CRP","L03811","CELLULITIS OF HEAD [ANY PART, EXCEPT FACE]","CELLULITIS"
"CRP","L03818","CELLULITIS OF OTHER SITES","CELLULITIS"
"CRP","L0390","CELLULITIS, UNSPECIFIED","CELLULITIS"
"CRP","L0889","OTHER SPECIFIED LOCAL INFECTIONS OF THE SKIN AND SUBCUTANEOUS TISSUE","INFECTION"
"CRP","L089","LOCAL INFECTION OF THE SKIN AND SUBCUTANEOUS TISSUE, UNSPECIFIED","INFECTION"
"CRP","L400","PSORIASIS VULGARIS","PSORIASIS"
"CRP","L401","GENERALIZED PUSTULAR PSORIASIS","PSORIASIS"
"CRP","L404","GUTTATE PSORIASIS","PSORIASIS"
"CRP","L4050","ARTHROPATHIC PSORIASIS, UNSPECIFIED","PSORIASIS"
"CRP","L4052","PSORIATIC ARTHRITIS MUTILANS","ARTHRITIS"
"CRP","L408","OTHER PSORIASIS","PSORIASIS"
"CRP","L409","PSORIASIS, UNSPECIFIED","PSORIASIS"
"CRP","L413","SMALL PLAQUE PARAPSORIASIS","PSORIASIS"
"CRP","L414","LARGE PLAQUE PARAPSORIASIS","PSORIASIS"
"CRP","L415","RETIFORM PARAPSORIASIS","PSORIASIS"
"CRP","L418","OTHER PARAPSORIASIS","PSORIASIS"
"CRP","L419","PARAPSORIASIS, UNSPECIFIED","PSORIASIS"
"CRP","L89006","PRESSURE-INDUCED DEEP TISSUE DAMAGE OF UNSPECIFIED ELBOW","TISSUE.*DAMAGE"
"CRP","L89016","PRESSURE-INDUCED DEEP TISSUE DAMAGE OF RIGHT ELBOW","TISSUE.*DAMAGE"
"CRP","L89026","PRESSURE-INDUCED DEEP TISSUE DAMAGE OF LEFT ELBOW","TISSUE.*DAMAGE"
"CRP","L89106","PRESSURE-INDUCED DEEP TISSUE DAMAGE OF UNSPECIFIED PART OF BACK","TISSUE.*DAMAGE"
"CRP","L89116","PRESSURE-INDUCED DEEP TISSUE DAMAGE OF RIGHT UPPER BACK","TISSUE.*DAMAGE"
"CRP","L89126","PRESSURE-INDUCED DEEP TISSUE DAMAGE OF LEFT UPPER BACK","TISSUE.*DAMAGE"
"CRP","L89136","PRESSURE-INDUCED DEEP TISSUE DAMAGE OF RIGHT LOWER BACK","TISSUE.*DAMAGE"
"CRP","L89146","PRESSURE-INDUCED DEEP TISSUE DAMAGE OF LEFT LOWER BACK","TISSUE.*DAMAGE"
"CRP","L89156","PRESSURE-INDUCED DEEP TISSUE DAMAGE OF SACRAL REGION","TISSUE.*DAMAGE"
"CRP","L89206","PRESSURE-INDUCED DEEP TISSUE DAMAGE OF UNSPECIFIED HIP","TISSUE.*DAMAGE"
"CRP","L89216","PRESSURE-INDUCED DEEP TISSUE DAMAGE OF RIGHT HIP","TISSUE.*DAMAGE"
"CRP","L89226","PRESSURE-INDUCED DEEP TISSUE DAMAGE OF LEFT HIP","TISSUE.*DAMAGE"
"CRP","L89306","PRESSURE-INDUCED DEEP TISSUE DAMAGE OF UNSPECIFIED BUTTOCK","TISSUE.*DAMAGE"
"CRP","L89316","PRESSURE-INDUCED DEEP TISSUE DAMAGE OF RIGHT BUTTOCK","TISSUE.*DAMAGE"
"CRP","L89326","PRESSURE-INDUCED DEEP TISSUE DAMAGE OF LEFT BUTTOCK","TISSUE.*DAMAGE"
"CRP","L8946","PRESSURE-INDUCED DEEP TISSUE DAMAGE OF CONTIGUOUS SITE OF BACK, BUTTOCK AND HIP","TISSUE.*DAMAGE"
"CRP","L89506","PRESSURE-INDUCED DEEP TISSUE DAMAGE OF UNSPECIFIED ANKLE","TISSUE.*DAMAGE"
"CRP","L89516","PRESSURE-INDUCED DEEP TISSUE DAMAGE OF RIGHT ANKLE","TISSUE.*DAMAGE"
"CRP","L89526","PRESSURE-INDUCED DEEP TISSUE DAMAGE OF LEFT ANKLE","TISSUE.*DAMAGE"
"CRP","L89606","PRESSURE-INDUCED DEEP TISSUE DAMAGE OF UNSPECIFIED HEEL","TISSUE.*DAMAGE"
"CRP","L89616","PRESSURE-INDUCED DEEP TISSUE DAMAGE OF RIGHT HEEL","TISSUE.*DAMAGE"
"CRP","L89626","PRESSURE-INDUCED DEEP TISSUE DAMAGE OF LEFT HEEL","TISSUE.*DAMAGE"
"CRP","L89816","PRESSURE-INDUCED DEEP TISSUE DAMAGE OF HEAD","TISSUE.*DAMAGE"
"CRP","L89896","PRESSURE-INDUCED DEEP TISSUE DAMAGE OF OTHER SITE","TISSUE.*DAMAGE"
"CRP","L8996","PRESSURE-INDUCED DEEP TISSUE DAMAGE OF UNSPECIFIED SITE","TISSUE.*DAMAGE"
"CRP","L930","DISCOID LUPUS ERYTHEMATOSUS","LUPUS; LUPUS.*ERYTHEMATOSUS"
"CRP","L931","SUBACUTE CUTANEOUS LUPUS ERYTHEMATOSUS","LUPUS; LUPUS.*ERYTHEMATOSUS"
"CRP","L932","OTHER LOCAL LUPUS ERYTHEMATOSUS","LUPUS; LUPUS.*ERYTHEMATOSUS"
"CRP","L950","LIVEDOID VASCULITIS","VASCULITIS"
"CRP","L958","OTHER VASCULITIS LIMITED TO THE SKIN","VASCULITIS"
"CRP","L959","VASCULITIS LIMITED TO THE SKIN, UNSPECIFIED","VASCULITIS"
"CRP","L983","EOSINOPHILIC CELLULITIS [WELLS]","CELLULITIS"
"CRP","M0000","STAPHYLOCOCCAL ARTHRITIS, UNSPECIFIED JOINT","ARTHRITIS"
"CRP","M00011","STAPHYLOCOCCAL ARTHRITIS, RIGHT SHOULDER","ARTHRITIS"
"CRP","M00012","STAPHYLOCOCCAL ARTHRITIS, LEFT SHOULDER","ARTHRITIS"
"CRP","M00019","STAPHYLOCOCCAL ARTHRITIS, UNSPECIFIED SHOULDER","ARTHRITIS"
"CRP","M00021","STAPHYLOCOCCAL ARTHRITIS, RIGHT ELBOW","ARTHRITIS"
"CRP","M00022","STAPHYLOCOCCAL ARTHRITIS, LEFT ELBOW","ARTHRITIS"
"CRP","M00029","STAPHYLOCOCCAL ARTHRITIS, UNSPECIFIED ELBOW","ARTHRITIS"
"CRP","M00031","STAPHYLOCOCCAL ARTHRITIS, RIGHT WRIST","ARTHRITIS"
"CRP","M00032","STAPHYLOCOCCAL ARTHRITIS, LEFT WRIST","ARTHRITIS"
"CRP","M00039","STAPHYLOCOCCAL ARTHRITIS, UNSPECIFIED WRIST","ARTHRITIS"
"CRP","M00041","STAPHYLOCOCCAL ARTHRITIS, RIGHT HAND","ARTHRITIS"
"CRP","M00042","STAPHYLOCOCCAL ARTHRITIS, LEFT HAND","ARTHRITIS"
"CRP","M00049","STAPHYLOCOCCAL ARTHRITIS, UNSPECIFIED HAND","ARTHRITIS"
"CRP","M00051","STAPHYLOCOCCAL ARTHRITIS, RIGHT HIP","ARTHRITIS"
"CRP","M00052","STAPHYLOCOCCAL ARTHRITIS, LEFT HIP","ARTHRITIS"
"CRP","M00059","STAPHYLOCOCCAL ARTHRITIS, UNSPECIFIED HIP","ARTHRITIS"
"CRP","M00061","STAPHYLOCOCCAL ARTHRITIS, RIGHT KNEE","ARTHRITIS"
"CRP","M00062","STAPHYLOCOCCAL ARTHRITIS, LEFT KNEE","ARTHRITIS"
"CRP","M00069","STAPHYLOCOCCAL ARTHRITIS, UNSPECIFIED KNEE","ARTHRITIS"
"CRP","M00071","STAPHYLOCOCCAL ARTHRITIS, RIGHT ANKLE AND FOOT","ARTHRITIS"
"CRP","M00072","STAPHYLOCOCCAL ARTHRITIS, LEFT ANKLE AND FOOT","ARTHRITIS"
"CRP","M00079","STAPHYLOCOCCAL ARTHRITIS, UNSPECIFIED ANKLE AND FOOT","ARTHRITIS"
"CRP","M0008","STAPHYLOCOCCAL ARTHRITIS, VERTEBRAE","ARTHRITIS"
"CRP","M0009","STAPHYLOCOCCAL POLYARTHRITIS","ARTHRITIS"
"CRP","M0010","PNEUMOCOCCAL ARTHRITIS, UNSPECIFIED JOINT","ARTHRITIS"
"CRP","M00111","PNEUMOCOCCAL ARTHRITIS, RIGHT SHOULDER","ARTHRITIS"
"CRP","M00112","PNEUMOCOCCAL ARTHRITIS, LEFT SHOULDER","ARTHRITIS"
"CRP","M00119","PNEUMOCOCCAL ARTHRITIS, UNSPECIFIED SHOULDER","ARTHRITIS"
"CRP","M00121","PNEUMOCOCCAL ARTHRITIS, RIGHT ELBOW","ARTHRITIS"
"CRP","M00122","PNEUMOCOCCAL ARTHRITIS, LEFT ELBOW","ARTHRITIS"
"CRP","M00129","PNEUMOCOCCAL ARTHRITIS, UNSPECIFIED ELBOW","ARTHRITIS"
"CRP","M00131","PNEUMOCOCCAL ARTHRITIS, RIGHT WRIST","ARTHRITIS"
"CRP","M00132","PNEUMOCOCCAL ARTHRITIS, LEFT WRIST","ARTHRITIS"
"CRP","M00139","PNEUMOCOCCAL ARTHRITIS, UNSPECIFIED WRIST","ARTHRITIS"
"CRP","M00141","PNEUMOCOCCAL ARTHRITIS, RIGHT HAND","ARTHRITIS"
"CRP","M00142","PNEUMOCOCCAL ARTHRITIS, LEFT HAND","ARTHRITIS"
"CRP","M00149","PNEUMOCOCCAL ARTHRITIS, UNSPECIFIED HAND","ARTHRITIS"
"CRP","M00151","PNEUMOCOCCAL ARTHRITIS, RIGHT HIP","ARTHRITIS"
"CRP","M00152","PNEUMOCOCCAL ARTHRITIS, LEFT HIP","ARTHRITIS"
"CRP","M00159","PNEUMOCOCCAL ARTHRITIS, UNSPECIFIED HIP","ARTHRITIS"
"CRP","M00161","PNEUMOCOCCAL ARTHRITIS, RIGHT KNEE","ARTHRITIS"
"CRP","M00162","PNEUMOCOCCAL ARTHRITIS, LEFT KNEE","ARTHRITIS"
"CRP","M00169","PNEUMOCOCCAL ARTHRITIS, UNSPECIFIED KNEE","ARTHRITIS"
"CRP","M00171","PNEUMOCOCCAL ARTHRITIS, RIGHT ANKLE AND FOOT","ARTHRITIS"
"CRP","M00172","PNEUMOCOCCAL ARTHRITIS, LEFT ANKLE AND FOOT","ARTHRITIS"
"CRP","M00179","PNEUMOCOCCAL ARTHRITIS, UNSPECIFIED ANKLE AND FOOT","ARTHRITIS"
"CRP","M0018","PNEUMOCOCCAL ARTHRITIS, VERTEBRAE","ARTHRITIS"
"CRP","M0019","PNEUMOCOCCAL POLYARTHRITIS","ARTHRITIS"
"CRP","M0020","OTHER STREPTOCOCCAL ARTHRITIS, UNSPECIFIED JOINT","ARTHRITIS"
"CRP","M00211","OTHER STREPTOCOCCAL ARTHRITIS, RIGHT SHOULDER","ARTHRITIS"
"CRP","M00212","OTHER STREPTOCOCCAL ARTHRITIS, LEFT SHOULDER","ARTHRITIS"
"CRP","M00219","OTHER STREPTOCOCCAL ARTHRITIS, UNSPECIFIED SHOULDER","ARTHRITIS"
"CRP","M00221","OTHER STREPTOCOCCAL ARTHRITIS, RIGHT ELBOW","ARTHRITIS"
"CRP","M00222","OTHER STREPTOCOCCAL ARTHRITIS, LEFT ELBOW","ARTHRITIS"
"CRP","M00229","OTHER STREPTOCOCCAL ARTHRITIS, UNSPECIFIED ELBOW","ARTHRITIS"
"CRP","M00231","OTHER STREPTOCOCCAL ARTHRITIS, RIGHT WRIST","ARTHRITIS"
"CRP","M00232","OTHER STREPTOCOCCAL ARTHRITIS, LEFT WRIST","ARTHRITIS"
"CRP","M00239","OTHER STREPTOCOCCAL ARTHRITIS, UNSPECIFIED WRIST","ARTHRITIS"
"CRP","M00241","OTHER STREPTOCOCCAL ARTHRITIS, RIGHT HAND","ARTHRITIS"
"CRP","M00242","OTHER STREPTOCOCCAL ARTHRITIS, LEFT HAND","ARTHRITIS"
"CRP","M00249","OTHER STREPTOCOCCAL ARTHRITIS, UNSPECIFIED HAND","ARTHRITIS"
"CRP","M00251","OTHER STREPTOCOCCAL ARTHRITIS, RIGHT HIP","ARTHRITIS"
"CRP","M00252","OTHER STREPTOCOCCAL ARTHRITIS, LEFT HIP","ARTHRITIS"
"CRP","M00259","OTHER STREPTOCOCCAL ARTHRITIS, UNSPECIFIED HIP","ARTHRITIS"
"CRP","M00261","OTHER STREPTOCOCCAL ARTHRITIS, RIGHT KNEE","ARTHRITIS"
"CRP","M00262","OTHER STREPTOCOCCAL ARTHRITIS, LEFT KNEE","ARTHRITIS"
"CRP","M00269","OTHER STREPTOCOCCAL ARTHRITIS, UNSPECIFIED KNEE","ARTHRITIS"
"CRP","M00271","OTHER STREPTOCOCCAL ARTHRITIS, RIGHT ANKLE AND FOOT","ARTHRITIS"
"CRP","M00272","OTHER STREPTOCOCCAL ARTHRITIS, LEFT ANKLE AND FOOT","ARTHRITIS"
"CRP","M00279","OTHER STREPTOCOCCAL ARTHRITIS, UNSPECIFIED ANKLE AND FOOT","ARTHRITIS"
"CRP","M0028","OTHER STREPTOCOCCAL ARTHRITIS, VERTEBRAE","ARTHRITIS"
"CRP","M0029","OTHER STREPTOCOCCAL POLYARTHRITIS","ARTHRITIS"
"CRP","M0080","ARTHRITIS DUE TO OTHER BACTERIA, UNSPECIFIED JOINT","ARTHRITIS"
"CRP","M00811","ARTHRITIS DUE TO OTHER BACTERIA, RIGHT SHOULDER","ARTHRITIS"
"CRP","M00812","ARTHRITIS DUE TO OTHER BACTERIA, LEFT SHOULDER","ARTHRITIS"
"CRP","M00819","ARTHRITIS DUE TO OTHER BACTERIA, UNSPECIFIED SHOULDER","ARTHRITIS"
"CRP","M00821","ARTHRITIS DUE TO OTHER BACTERIA, RIGHT ELBOW","ARTHRITIS"
"CRP","M00822","ARTHRITIS DUE TO OTHER BACTERIA, LEFT ELBOW","ARTHRITIS"
"CRP","M00829","ARTHRITIS DUE TO OTHER BACTERIA, UNSPECIFIED ELBOW","ARTHRITIS"
"CRP","M00831","ARTHRITIS DUE TO OTHER BACTERIA, RIGHT WRIST","ARTHRITIS"
"CRP","M00832","ARTHRITIS DUE TO OTHER BACTERIA, LEFT WRIST","ARTHRITIS"
"CRP","M00839","ARTHRITIS DUE TO OTHER BACTERIA, UNSPECIFIED WRIST","ARTHRITIS"
"CRP","M00841","ARTHRITIS DUE TO OTHER BACTERIA, RIGHT HAND","ARTHRITIS"
"CRP","M00842","ARTHRITIS DUE TO OTHER BACTERIA, LEFT HAND","ARTHRITIS"
"CRP","M00849","ARTHRITIS DUE TO OTHER BACTERIA, UNSPECIFIED HAND","ARTHRITIS"
"CRP","M00851","ARTHRITIS DUE TO OTHER BACTERIA, RIGHT HIP","ARTHRITIS"
"CRP","M00852","ARTHRITIS DUE TO OTHER BACTERIA, LEFT HIP","ARTHRITIS"
"CRP","M00859","ARTHRITIS DUE TO OTHER BACTERIA, UNSPECIFIED HIP","ARTHRITIS"
"CRP","M00861","ARTHRITIS DUE TO OTHER BACTERIA, RIGHT KNEE","ARTHRITIS"
"CRP","M00862","ARTHRITIS DUE TO OTHER BACTERIA, LEFT KNEE","ARTHRITIS"
"CRP","M00869","ARTHRITIS DUE TO OTHER BACTERIA, UNSPECIFIED KNEE","ARTHRITIS"
"CRP","M00871","ARTHRITIS DUE TO OTHER BACTERIA, RIGHT ANKLE AND FOOT","ARTHRITIS"
"CRP","M00872","ARTHRITIS DUE TO OTHER BACTERIA, LEFT ANKLE AND FOOT","ARTHRITIS"
"CRP","M00879","ARTHRITIS DUE TO OTHER BACTERIA, UNSPECIFIED ANKLE AND FOOT","ARTHRITIS"
"CRP","M0088","ARTHRITIS DUE TO OTHER BACTERIA, VERTEBRAE","ARTHRITIS"
"CRP","M0089","POLYARTHRITIS DUE TO OTHER BACTERIA","ARTHRITIS"
"CRP","M009","PYOGENIC ARTHRITIS, UNSPECIFIED","ARTHRITIS"
"CRP","M01X0","DIRECT INFECTION OF UNSPECIFIED JOINT IN INFECTIOUS AND PARASITIC DISEASES CLASSIFIED ELSEWHERE","INFECTION"
"CRP","M01X11","DIRECT INFECTION OF RIGHT SHOULDER IN INFECTIOUS AND PARASITIC DISEASES CLASSIFIED ELSEWHERE","INFECTION"
"CRP","M01X12","DIRECT INFECTION OF LEFT SHOULDER IN INFECTIOUS AND PARASITIC DISEASES CLASSIFIED ELSEWHERE","INFECTION"
"CRP","M01X19","DIRECT INFECTION OF UNSPECIFIED SHOULDER IN INFECTIOUS AND PARASITIC DISEASES CLASSIFIED ELSEWHERE","INFECTION"
"CRP","M01X21","DIRECT INFECTION OF RIGHT ELBOW IN INFECTIOUS AND PARASITIC DISEASES CLASSIFIED ELSEWHERE","INFECTION"
"CRP","M01X22","DIRECT INFECTION OF LEFT ELBOW IN INFECTIOUS AND PARASITIC DISEASES CLASSIFIED ELSEWHERE","INFECTION"
"CRP","M01X29","DIRECT INFECTION OF UNSPECIFIED ELBOW IN INFECTIOUS AND PARASITIC DISEASES CLASSIFIED ELSEWHERE","INFECTION"
"CRP","M01X31","DIRECT INFECTION OF RIGHT WRIST IN INFECTIOUS AND PARASITIC DISEASES CLASSIFIED ELSEWHERE","INFECTION"
"CRP","M01X32","DIRECT INFECTION OF LEFT WRIST IN INFECTIOUS AND PARASITIC DISEASES CLASSIFIED ELSEWHERE","INFECTION"
"CRP","M01X39","DIRECT INFECTION OF UNSPECIFIED WRIST IN INFECTIOUS AND PARASITIC DISEASES CLASSIFIED ELSEWHERE","INFECTION"
"CRP","M01X41","DIRECT INFECTION OF RIGHT HAND IN INFECTIOUS AND PARASITIC DISEASES CLASSIFIED ELSEWHERE","INFECTION"
"CRP","M01X42","DIRECT INFECTION OF LEFT HAND IN INFECTIOUS AND PARASITIC DISEASES CLASSIFIED ELSEWHERE","INFECTION"
"CRP","M01X49","DIRECT INFECTION OF UNSPECIFIED HAND IN INFECTIOUS AND PARASITIC DISEASES CLASSIFIED ELSEWHERE","INFECTION"
"CRP","M01X51","DIRECT INFECTION OF RIGHT HIP IN INFECTIOUS AND PARASITIC DISEASES CLASSIFIED ELSEWHERE","INFECTION"
"CRP","M01X52","DIRECT INFECTION OF LEFT HIP IN INFECTIOUS AND PARASITIC DISEASES CLASSIFIED ELSEWHERE","INFECTION"
"CRP","M01X59","DIRECT INFECTION OF UNSPECIFIED HIP IN INFECTIOUS AND PARASITIC DISEASES CLASSIFIED ELSEWHERE","INFECTION"
"CRP","M01X61","DIRECT INFECTION OF RIGHT KNEE IN INFECTIOUS AND PARASITIC DISEASES CLASSIFIED ELSEWHERE","INFECTION"
"CRP","M01X62","DIRECT INFECTION OF LEFT KNEE IN INFECTIOUS AND PARASITIC DISEASES CLASSIFIED ELSEWHERE","INFECTION"
"CRP","M01X69","DIRECT INFECTION OF UNSPECIFIED KNEE IN INFECTIOUS AND PARASITIC DISEASES CLASSIFIED ELSEWHERE","INFECTION"
"CRP","M01X71","DIRECT INFECTION OF RIGHT ANKLE AND FOOT IN INFECTIOUS AND PARASITIC DISEASES CLASSIFIED ELSEWHERE","INFECTION"
"CRP","M01X72","DIRECT INFECTION OF LEFT ANKLE AND FOOT IN INFECTIOUS AND PARASITIC DISEASES CLASSIFIED ELSEWHERE","INFECTION"
"CRP","M01X79","DIRECT INFECTION OF UNSPECIFIED ANKLE AND FOOT IN INFECTIOUS AND PARASITIC DISEASES CLASSIFIED ELSEWHERE","INFECTION"
"CRP","M01X8","DIRECT INFECTION OF VERTEBRAE IN INFECTIOUS AND PARASITIC DISEASES CLASSIFIED ELSEWHERE","INFECTION"
"CRP","M01X9","DIRECT INFECTION OF MULTIPLE JOINTS IN INFECTIOUS AND PARASITIC DISEASES CLASSIFIED ELSEWHERE","INFECTION"
"CRP","M0510","RHEUMATOID LUNG DISEASE WITH RHEUMATOID ARTHRITIS OF UNSPECIFIED SITE","RHEUMATOID.*ARTHRITIS; ARTHRITIS"
"CRP","M05111","RHEUMATOID LUNG DISEASE WITH RHEUMATOID ARTHRITIS OF RIGHT SHOULDER","RHEUMATOID.*ARTHRITIS; ARTHRITIS"
"CRP","M05112","RHEUMATOID LUNG DISEASE WITH RHEUMATOID ARTHRITIS OF LEFT SHOULDER","RHEUMATOID.*ARTHRITIS; ARTHRITIS"
"CRP","M05119","RHEUMATOID LUNG DISEASE WITH RHEUMATOID ARTHRITIS OF UNSPECIFIED SHOULDER","RHEUMATOID.*ARTHRITIS; ARTHRITIS"
"CRP","M05121","RHEUMATOID LUNG DISEASE WITH RHEUMATOID ARTHRITIS OF RIGHT ELBOW","RHEUMATOID.*ARTHRITIS; ARTHRITIS"
"CRP","M05122","RHEUMATOID LUNG DISEASE WITH RHEUMATOID ARTHRITIS OF LEFT ELBOW","RHEUMATOID.*ARTHRITIS; ARTHRITIS"
"CRP","M05129","RHEUMATOID LUNG DISEASE WITH RHEUMATOID ARTHRITIS OF UNSPECIFIED ELBOW","RHEUMATOID.*ARTHRITIS; ARTHRITIS"
"CRP","M05131","RHEUMATOID LUNG DISEASE WITH RHEUMATOID ARTHRITIS OF RIGHT WRIST","RHEUMATOID.*ARTHRITIS; ARTHRITIS"
"CRP","M05132","RHEUMATOID LUNG DISEASE WITH RHEUMATOID ARTHRITIS OF LEFT WRIST","RHEUMATOID.*ARTHRITIS; ARTHRITIS"
"CRP","M05139","RHEUMATOID LUNG DISEASE WITH RHEUMATOID ARTHRITIS OF UNSPECIFIED WRIST","RHEUMATOID.*ARTHRITIS; ARTHRITIS"
"CRP","M05141","RHEUMATOID LUNG DISEASE WITH RHEUMATOID ARTHRITIS OF RIGHT HAND","RHEUMATOID.*ARTHRITIS; ARTHRITIS"
"CRP","M05142","RHEUMATOID LUNG DISEASE WITH RHEUMATOID ARTHRITIS OF LEFT HAND","RHEUMATOID.*ARTHRITIS; ARTHRITIS"
"CRP","M05149","RHEUMATOID LUNG DISEASE WITH RHEUMATOID ARTHRITIS OF UNSPECIFIED HAND","RHEUMATOID.*ARTHRITIS; ARTHRITIS"
"CRP","M05151","RHEUMATOID LUNG DISEASE WITH RHEUMATOID ARTHRITIS OF RIGHT HIP","RHEUMATOID.*ARTHRITIS; ARTHRITIS"
"CRP","M05152","RHEUMATOID LUNG DISEASE WITH RHEUMATOID ARTHRITIS OF LEFT HIP","RHEUMATOID.*ARTHRITIS; ARTHRITIS"
"CRP","M05159","RHEUMATOID LUNG DISEASE WITH RHEUMATOID ARTHRITIS OF UNSPECIFIED HIP","RHEUMATOID.*ARTHRITIS; ARTHRITIS"
"CRP","M05161","RHEUMATOID LUNG DISEASE WITH RHEUMATOID ARTHRITIS OF RIGHT KNEE","RHEUMATOID.*ARTHRITIS; ARTHRITIS"
"CRP","M05162","RHEUMATOID LUNG DISEASE WITH RHEUMATOID ARTHRITIS OF LEFT KNEE","RHEUMATOID.*ARTHRITIS; ARTHRITIS"
"CRP","M05169","RHEUMATOID LUNG DISEASE WITH RHEUMATOID ARTHRITIS OF UNSPECIFIED KNEE","RHEUMATOID.*ARTHRITIS; ARTHRITIS"
"CRP","M05171","RHEUMATOID LUNG DISEASE WITH RHEUMATOID ARTHRITIS OF RIGHT ANKLE AND FOOT","RHEUMATOID.*ARTHRITIS; ARTHRITIS"
"CRP","M05172","RHEUMATOID LUNG DISEASE WITH RHEUMATOID ARTHRITIS OF LEFT ANKLE AND FOOT","RHEUMATOID.*ARTHRITIS; ARTHRITIS"
"CRP","M05179","RHEUMATOID LUNG DISEASE WITH RHEUMATOID ARTHRITIS OF UNSPECIFIED ANKLE AND FOOT","RHEUMATOID.*ARTHRITIS; ARTHRITIS"
"CRP","M0519","RHEUMATOID LUNG DISEASE WITH RHEUMATOID ARTHRITIS OF MULTIPLE SITES","RHEUMATOID.*ARTHRITIS; ARTHRITIS"
"CRP","M0520","RHEUMATOID VASCULITIS WITH RHEUMATOID ARTHRITIS OF UNSPECIFIED SITE","VASCULITIS; RHEUMATOID.*ARTHRITIS; ARTHRITIS"
"CRP","M05211","RHEUMATOID VASCULITIS WITH RHEUMATOID ARTHRITIS OF RIGHT SHOULDER","VASCULITIS; RHEUMATOID.*ARTHRITIS; ARTHRITIS"
"CRP","M05212","RHEUMATOID VASCULITIS WITH RHEUMATOID ARTHRITIS OF LEFT SHOULDER","VASCULITIS; RHEUMATOID.*ARTHRITIS; ARTHRITIS"
"CRP","M05219","RHEUMATOID VASCULITIS WITH RHEUMATOID ARTHRITIS OF UNSPECIFIED SHOULDER","VASCULITIS; RHEUMATOID.*ARTHRITIS; ARTHRITIS"
"CRP","M05221","RHEUMATOID VASCULITIS WITH RHEUMATOID ARTHRITIS OF RIGHT ELBOW","VASCULITIS; RHEUMATOID.*ARTHRITIS; ARTHRITIS"
"CRP","M05222","RHEUMATOID VASCULITIS WITH RHEUMATOID ARTHRITIS OF LEFT ELBOW","VASCULITIS; RHEUMATOID.*ARTHRITIS; ARTHRITIS"
"CRP","M05229","RHEUMATOID VASCULITIS WITH RHEUMATOID ARTHRITIS OF UNSPECIFIED ELBOW","VASCULITIS; RHEUMATOID.*ARTHRITIS; ARTHRITIS"
"CRP","M05231","RHEUMATOID VASCULITIS WITH RHEUMATOID ARTHRITIS OF RIGHT WRIST","VASCULITIS; RHEUMATOID.*ARTHRITIS; ARTHRITIS"
"CRP","M05232","RHEUMATOID VASCULITIS WITH RHEUMATOID ARTHRITIS OF LEFT WRIST","VASCULITIS; RHEUMATOID.*ARTHRITIS; ARTHRITIS"
"CRP","M05239","RHEUMATOID VASCULITIS WITH RHEUMATOID ARTHRITIS OF UNSPECIFIED WRIST","VASCULITIS; RHEUMATOID.*ARTHRITIS; ARTHRITIS"
"CRP","M05241","RHEUMATOID VASCULITIS WITH RHEUMATOID ARTHRITIS OF RIGHT HAND","VASCULITIS; RHEUMATOID.*ARTHRITIS; ARTHRITIS"
"CRP","M05242","RHEUMATOID VASCULITIS WITH RHEUMATOID ARTHRITIS OF LEFT HAND","VASCULITIS; RHEUMATOID.*ARTHRITIS; ARTHRITIS"
"CRP","M05249","RHEUMATOID VASCULITIS WITH RHEUMATOID ARTHRITIS OF UNSPECIFIED HAND","VASCULITIS; RHEUMATOID.*ARTHRITIS; ARTHRITIS"
"CRP","M05251","RHEUMATOID VASCULITIS WITH RHEUMATOID ARTHRITIS OF RIGHT HIP","VASCULITIS; RHEUMATOID.*ARTHRITIS; ARTHRITIS"
"CRP","M05252","RHEUMATOID VASCULITIS WITH RHEUMATOID ARTHRITIS OF LEFT HIP","VASCULITIS; RHEUMATOID.*ARTHRITIS; ARTHRITIS"
"CRP","M05259","RHEUMATOID VASCULITIS WITH RHEUMATOID ARTHRITIS OF UNSPECIFIED HIP","VASCULITIS; RHEUMATOID.*ARTHRITIS; ARTHRITIS"
"CRP","M05261","RHEUMATOID VASCULITIS WITH RHEUMATOID ARTHRITIS OF RIGHT KNEE","VASCULITIS; RHEUMATOID.*ARTHRITIS; ARTHRITIS"
"CRP","M05262","RHEUMATOID VASCULITIS WITH RHEUMATOID ARTHRITIS OF LEFT KNEE","VASCULITIS; RHEUMATOID.*ARTHRITIS; ARTHRITIS"
"CRP","M05269","RHEUMATOID VASCULITIS WITH RHEUMATOID ARTHRITIS OF UNSPECIFIED KNEE","VASCULITIS; RHEUMATOID.*ARTHRITIS; ARTHRITIS"
"CRP","M05271","RHEUMATOID VASCULITIS WITH RHEUMATOID ARTHRITIS OF RIGHT ANKLE AND FOOT","VASCULITIS; RHEUMATOID.*ARTHRITIS; ARTHRITIS"
"CRP","M05272","RHEUMATOID VASCULITIS WITH RHEUMATOID ARTHRITIS OF LEFT ANKLE AND FOOT","VASCULITIS; RHEUMATOID.*ARTHRITIS; ARTHRITIS"
"CRP","M05279","RHEUMATOID VASCULITIS WITH RHEUMATOID ARTHRITIS OF UNSPECIFIED ANKLE AND FOOT","VASCULITIS; RHEUMATOID.*ARTHRITIS; ARTHRITIS"
"CRP","M0529","RHEUMATOID VASCULITIS WITH RHEUMATOID ARTHRITIS OF MULTIPLE SITES","VASCULITIS; RHEUMATOID.*ARTHRITIS; ARTHRITIS"
"CRP","M0530","RHEUMATOID HEART DISEASE WITH RHEUMATOID ARTHRITIS OF UNSPECIFIED SITE","RHEUMATOID.*ARTHRITIS; ARTHRITIS"
"CRP","M05311","RHEUMATOID HEART DISEASE WITH RHEUMATOID ARTHRITIS OF RIGHT SHOULDER","RHEUMATOID.*ARTHRITIS; ARTHRITIS"
"CRP","M05312","RHEUMATOID HEART DISEASE WITH RHEUMATOID ARTHRITIS OF LEFT SHOULDER","RHEUMATOID.*ARTHRITIS; ARTHRITIS"
"CRP","M05319","RHEUMATOID HEART DISEASE WITH RHEUMATOID ARTHRITIS OF UNSPECIFIED SHOULDER","RHEUMATOID.*ARTHRITIS; ARTHRITIS"
"CRP","M05321","RHEUMATOID HEART DISEASE WITH RHEUMATOID ARTHRITIS OF RIGHT ELBOW","RHEUMATOID.*ARTHRITIS; ARTHRITIS"
"CRP","M05322","RHEUMATOID HEART DISEASE WITH RHEUMATOID ARTHRITIS OF LEFT ELBOW","RHEUMATOID.*ARTHRITIS; ARTHRITIS"
"CRP","M05329","RHEUMATOID HEART DISEASE WITH RHEUMATOID ARTHRITIS OF UNSPECIFIED ELBOW","RHEUMATOID.*ARTHRITIS; ARTHRITIS"
"CRP","M05331","RHEUMATOID HEART DISEASE WITH RHEUMATOID ARTHRITIS OF RIGHT WRIST","RHEUMATOID.*ARTHRITIS; ARTHRITIS"
"CRP","M05332","RHEUMATOID HEART DISEASE WITH RHEUMATOID ARTHRITIS OF LEFT WRIST","RHEUMATOID.*ARTHRITIS; ARTHRITIS"
"CRP","M05339","RHEUMATOID HEART DISEASE WITH RHEUMATOID ARTHRITIS OF UNSPECIFIED WRIST","RHEUMATOID.*ARTHRITIS; ARTHRITIS"
"CRP","M05341","RHEUMATOID HEART DISEASE WITH RHEUMATOID ARTHRITIS OF RIGHT HAND","RHEUMATOID.*ARTHRITIS; ARTHRITIS"
"CRP","M05342","RHEUMATOID HEART DISEASE WITH RHEUMATOID ARTHRITIS OF LEFT HAND","RHEUMATOID.*ARTHRITIS; ARTHRITIS"
"CRP","M05349","RHEUMATOID HEART DISEASE WITH RHEUMATOID ARTHRITIS OF UNSPECIFIED HAND","RHEUMATOID.*ARTHRITIS; ARTHRITIS"
"CRP","M05351","RHEUMATOID HEART DISEASE WITH RHEUMATOID ARTHRITIS OF RIGHT HIP","RHEUMATOID.*ARTHRITIS; ARTHRITIS"
"CRP","M05352","RHEUMATOID HEART DISEASE WITH RHEUMATOID ARTHRITIS OF LEFT HIP","RHEUMATOID.*ARTHRITIS; ARTHRITIS"
"CRP","M05359","RHEUMATOID HEART DISEASE WITH RHEUMATOID ARTHRITIS OF UNSPECIFIED HIP","RHEUMATOID.*ARTHRITIS; ARTHRITIS"
"CRP","M05361","RHEUMATOID HEART DISEASE WITH RHEUMATOID ARTHRITIS OF RIGHT KNEE","RHEUMATOID.*ARTHRITIS; ARTHRITIS"
"CRP","M05362","RHEUMATOID HEART DISEASE WITH RHEUMATOID ARTHRITIS OF LEFT KNEE","RHEUMATOID.*ARTHRITIS; ARTHRITIS"
"CRP","M05369","RHEUMATOID HEART DISEASE WITH RHEUMATOID ARTHRITIS OF UNSPECIFIED KNEE","RHEUMATOID.*ARTHRITIS; ARTHRITIS"
"CRP","M05371","RHEUMATOID HEART DISEASE WITH RHEUMATOID ARTHRITIS OF RIGHT ANKLE AND FOOT","RHEUMATOID.*ARTHRITIS; ARTHRITIS"
"CRP","M05372","RHEUMATOID HEART DISEASE WITH RHEUMATOID ARTHRITIS OF LEFT ANKLE AND FOOT","RHEUMATOID.*ARTHRITIS; ARTHRITIS"
"CRP","M05379","RHEUMATOID HEART DISEASE WITH RHEUMATOID ARTHRITIS OF UNSPECIFIED ANKLE AND FOOT","RHEUMATOID.*ARTHRITIS; ARTHRITIS"
"CRP","M0539","RHEUMATOID HEART DISEASE WITH RHEUMATOID ARTHRITIS OF MULTIPLE SITES","RHEUMATOID.*ARTHRITIS; ARTHRITIS"
"CRP","M0540","RHEUMATOID MYOPATHY WITH RHEUMATOID ARTHRITIS OF UNSPECIFIED SITE","RHEUMATOID.*ARTHRITIS; ARTHRITIS"
"CRP","M05411","RHEUMATOID MYOPATHY WITH RHEUMATOID ARTHRITIS OF RIGHT SHOULDER","RHEUMATOID.*ARTHRITIS; ARTHRITIS"
"CRP","M05412","RHEUMATOID MYOPATHY WITH RHEUMATOID ARTHRITIS OF LEFT SHOULDER","RHEUMATOID.*ARTHRITIS; ARTHRITIS"
"CRP","M05419","RHEUMATOID MYOPATHY WITH RHEUMATOID ARTHRITIS OF UNSPECIFIED SHOULDER","RHEUMATOID.*ARTHRITIS; ARTHRITIS"
"CRP","M05421","RHEUMATOID MYOPATHY WITH RHEUMATOID ARTHRITIS OF RIGHT ELBOW","RHEUMATOID.*ARTHRITIS; ARTHRITIS"
"CRP","M05422","RHEUMATOID MYOPATHY WITH RHEUMATOID ARTHRITIS OF LEFT ELBOW","RHEUMATOID.*ARTHRITIS; ARTHRITIS"
"CRP","M05429","RHEUMATOID MYOPATHY WITH RHEUMATOID ARTHRITIS OF UNSPECIFIED ELBOW","RHEUMATOID.*ARTHRITIS; ARTHRITIS"
"CRP","M05431","RHEUMATOID MYOPATHY WITH RHEUMATOID ARTHRITIS OF RIGHT WRIST","RHEUMATOID.*ARTHRITIS; ARTHRITIS"
"CRP","M05432","RHEUMATOID MYOPATHY WITH RHEUMATOID ARTHRITIS OF LEFT WRIST","RHEUMATOID.*ARTHRITIS; ARTHRITIS"
"CRP","M05439","RHEUMATOID MYOPATHY WITH RHEUMATOID ARTHRITIS OF UNSPECIFIED WRIST","RHEUMATOID.*ARTHRITIS; ARTHRITIS"
"CRP","M05441","RHEUMATOID MYOPATHY WITH RHEUMATOID ARTHRITIS OF RIGHT HAND","RHEUMATOID.*ARTHRITIS; ARTHRITIS"
"CRP","M05442","RHEUMATOID MYOPATHY WITH RHEUMATOID ARTHRITIS OF LEFT HAND","RHEUMATOID.*ARTHRITIS; ARTHRITIS"
"CRP","M05449","RHEUMATOID MYOPATHY WITH RHEUMATOID ARTHRITIS OF UNSPECIFIED HAND","RHEUMATOID.*ARTHRITIS; ARTHRITIS"
"CRP","M05451","RHEUMATOID MYOPATHY WITH RHEUMATOID ARTHRITIS OF RIGHT HIP","RHEUMATOID.*ARTHRITIS; ARTHRITIS"
"CRP","M05452","RHEUMATOID MYOPATHY WITH RHEUMATOID ARTHRITIS OF LEFT HIP","RHEUMATOID.*ARTHRITIS; ARTHRITIS"
"CRP","M05459","RHEUMATOID MYOPATHY WITH RHEUMATOID ARTHRITIS OF UNSPECIFIED HIP","RHEUMATOID.*ARTHRITIS; ARTHRITIS"
"CRP","M05461","RHEUMATOID MYOPATHY WITH RHEUMATOID ARTHRITIS OF RIGHT KNEE","RHEUMATOID.*ARTHRITIS; ARTHRITIS"
"CRP","M05462","RHEUMATOID MYOPATHY WITH RHEUMATOID ARTHRITIS OF LEFT KNEE","RHEUMATOID.*ARTHRITIS; ARTHRITIS"
"CRP","M05469","RHEUMATOID MYOPATHY WITH RHEUMATOID ARTHRITIS OF UNSPECIFIED KNEE","RHEUMATOID.*ARTHRITIS; ARTHRITIS"
"CRP","M05471","RHEUMATOID MYOPATHY WITH RHEUMATOID ARTHRITIS OF RIGHT ANKLE AND FOOT","RHEUMATOID.*ARTHRITIS; ARTHRITIS"
"CRP","M05472","RHEUMATOID MYOPATHY WITH RHEUMATOID ARTHRITIS OF LEFT ANKLE AND FOOT","RHEUMATOID.*ARTHRITIS; ARTHRITIS"
"CRP","M05479","RHEUMATOID MYOPATHY WITH RHEUMATOID ARTHRITIS OF UNSPECIFIED ANKLE AND FOOT","RHEUMATOID.*ARTHRITIS; ARTHRITIS"
"CRP","M0549","RHEUMATOID MYOPATHY WITH RHEUMATOID ARTHRITIS OF MULTIPLE SITES","RHEUMATOID.*ARTHRITIS; ARTHRITIS"
"CRP","M0550","RHEUMATOID POLYNEUROPATHY WITH RHEUMATOID ARTHRITIS OF UNSPECIFIED SITE","RHEUMATOID.*ARTHRITIS; ARTHRITIS"
"CRP","M05511","RHEUMATOID POLYNEUROPATHY WITH RHEUMATOID ARTHRITIS OF RIGHT SHOULDER","RHEUMATOID.*ARTHRITIS; ARTHRITIS"
"CRP","M05512","RHEUMATOID POLYNEUROPATHY WITH RHEUMATOID ARTHRITIS OF LEFT SHOULDER","RHEUMATOID.*ARTHRITIS; ARTHRITIS"
"CRP","M05519","RHEUMATOID POLYNEUROPATHY WITH RHEUMATOID ARTHRITIS OF UNSPECIFIED SHOULDER","RHEUMATOID.*ARTHRITIS; ARTHRITIS"
"CRP","M05521","RHEUMATOID POLYNEUROPATHY WITH RHEUMATOID ARTHRITIS OF RIGHT ELBOW","RHEUMATOID.*ARTHRITIS; ARTHRITIS"
"CRP","M05522","RHEUMATOID POLYNEUROPATHY WITH RHEUMATOID ARTHRITIS OF LEFT ELBOW","RHEUMATOID.*ARTHRITIS; ARTHRITIS"
"CRP","M05529","RHEUMATOID POLYNEUROPATHY WITH RHEUMATOID ARTHRITIS OF UNSPECIFIED ELBOW","RHEUMATOID.*ARTHRITIS; ARTHRITIS"
"CRP","M05531","RHEUMATOID POLYNEUROPATHY WITH RHEUMATOID ARTHRITIS OF RIGHT WRIST","RHEUMATOID.*ARTHRITIS; ARTHRITIS"
"CRP","M05532","RHEUMATOID POLYNEUROPATHY WITH RHEUMATOID ARTHRITIS OF LEFT WRIST","RHEUMATOID.*ARTHRITIS; ARTHRITIS"
"CRP","M05539","RHEUMATOID POLYNEUROPATHY WITH RHEUMATOID ARTHRITIS OF UNSPECIFIED WRIST","RHEUMATOID.*ARTHRITIS; ARTHRITIS"
"CRP","M05541","RHEUMATOID POLYNEUROPATHY WITH RHEUMATOID ARTHRITIS OF RIGHT HAND","RHEUMATOID.*ARTHRITIS; ARTHRITIS"
"CRP","M05542","RHEUMATOID POLYNEUROPATHY WITH RHEUMATOID ARTHRITIS OF LEFT HAND","RHEUMATOID.*ARTHRITIS; ARTHRITIS"
"CRP","M05549","RHEUMATOID POLYNEUROPATHY WITH RHEUMATOID ARTHRITIS OF UNSPECIFIED HAND","RHEUMATOID.*ARTHRITIS; ARTHRITIS"
"CRP","M05551","RHEUMATOID POLYNEUROPATHY WITH RHEUMATOID ARTHRITIS OF RIGHT HIP","RHEUMATOID.*ARTHRITIS; ARTHRITIS"
"CRP","M05552","RHEUMATOID POLYNEUROPATHY WITH RHEUMATOID ARTHRITIS OF LEFT HIP","RHEUMATOID.*ARTHRITIS; ARTHRITIS"
"CRP","M05559","RHEUMATOID POLYNEUROPATHY WITH RHEUMATOID ARTHRITIS OF UNSPECIFIED HIP","RHEUMATOID.*ARTHRITIS; ARTHRITIS"
"CRP","M05561","RHEUMATOID POLYNEUROPATHY WITH RHEUMATOID ARTHRITIS OF RIGHT KNEE","RHEUMATOID.*ARTHRITIS; ARTHRITIS"
"CRP","M05562","RHEUMATOID POLYNEUROPATHY WITH RHEUMATOID ARTHRITIS OF LEFT KNEE","RHEUMATOID.*ARTHRITIS; ARTHRITIS"
"CRP","M05569","RHEUMATOID POLYNEUROPATHY WITH RHEUMATOID ARTHRITIS OF UNSPECIFIED KNEE","RHEUMATOID.*ARTHRITIS; ARTHRITIS"
"CRP","M05571","RHEUMATOID POLYNEUROPATHY WITH RHEUMATOID ARTHRITIS OF RIGHT ANKLE AND FOOT","RHEUMATOID.*ARTHRITIS; ARTHRITIS"
"CRP","M05572","RHEUMATOID POLYNEUROPATHY WITH RHEUMATOID ARTHRITIS OF LEFT ANKLE AND FOOT","RHEUMATOID.*ARTHRITIS; ARTHRITIS"
"CRP","M05579","RHEUMATOID POLYNEUROPATHY WITH RHEUMATOID ARTHRITIS OF UNSPECIFIED ANKLE AND FOOT","RHEUMATOID.*ARTHRITIS; ARTHRITIS"
"CRP","M0559","RHEUMATOID POLYNEUROPATHY WITH RHEUMATOID ARTHRITIS OF MULTIPLE SITES","RHEUMATOID.*ARTHRITIS; ARTHRITIS"
"CRP","M0560","RHEUMATOID ARTHRITIS OF UNSPECIFIED SITE WITH INVOLVEMENT OF OTHER ORGANS AND SYSTEMS","RHEUMATOID.*ARTHRITIS; ARTHRITIS"
"CRP","M05611","RHEUMATOID ARTHRITIS OF RIGHT SHOULDER WITH INVOLVEMENT OF OTHER ORGANS AND SYSTEMS","RHEUMATOID.*ARTHRITIS; ARTHRITIS"
"CRP","M05612","RHEUMATOID ARTHRITIS OF LEFT SHOULDER WITH INVOLVEMENT OF OTHER ORGANS AND SYSTEMS","RHEUMATOID.*ARTHRITIS; ARTHRITIS"
"CRP","M05619","RHEUMATOID ARTHRITIS OF UNSPECIFIED SHOULDER WITH INVOLVEMENT OF OTHER ORGANS AND SYSTEMS","RHEUMATOID.*ARTHRITIS; ARTHRITIS"
"CRP","M05621","RHEUMATOID ARTHRITIS OF RIGHT ELBOW WITH INVOLVEMENT OF OTHER ORGANS AND SYSTEMS","RHEUMATOID.*ARTHRITIS; ARTHRITIS"
"CRP","M05622","RHEUMATOID ARTHRITIS OF LEFT ELBOW WITH INVOLVEMENT OF OTHER ORGANS AND SYSTEMS","RHEUMATOID.*ARTHRITIS; ARTHRITIS"
"CRP","M05629","RHEUMATOID ARTHRITIS OF UNSPECIFIED ELBOW WITH INVOLVEMENT OF OTHER ORGANS AND SYSTEMS","RHEUMATOID.*ARTHRITIS; ARTHRITIS"
"CRP","M05631","RHEUMATOID ARTHRITIS OF RIGHT WRIST WITH INVOLVEMENT OF OTHER ORGANS AND SYSTEMS","RHEUMATOID.*ARTHRITIS; ARTHRITIS"
"CRP","M05632","RHEUMATOID ARTHRITIS OF LEFT WRIST WITH INVOLVEMENT OF OTHER ORGANS AND SYSTEMS","RHEUMATOID.*ARTHRITIS; ARTHRITIS"
"CRP","M05639","RHEUMATOID ARTHRITIS OF UNSPECIFIED WRIST WITH INVOLVEMENT OF OTHER ORGANS AND SYSTEMS","RHEUMATOID.*ARTHRITIS; ARTHRITIS"
"CRP","M05641","RHEUMATOID ARTHRITIS OF RIGHT HAND WITH INVOLVEMENT OF OTHER ORGANS AND SYSTEMS","RHEUMATOID.*ARTHRITIS; ARTHRITIS"
"CRP","M05642","RHEUMATOID ARTHRITIS OF LEFT HAND WITH INVOLVEMENT OF OTHER ORGANS AND SYSTEMS","RHEUMATOID.*ARTHRITIS; ARTHRITIS"
"CRP","M05649","RHEUMATOID ARTHRITIS OF UNSPECIFIED HAND WITH INVOLVEMENT OF OTHER ORGANS AND SYSTEMS","RHEUMATOID.*ARTHRITIS; ARTHRITIS"
"CRP","M05651","RHEUMATOID ARTHRITIS OF RIGHT HIP WITH INVOLVEMENT OF OTHER ORGANS AND SYSTEMS","RHEUMATOID.*ARTHRITIS; ARTHRITIS"
"CRP","M05652","RHEUMATOID ARTHRITIS OF LEFT HIP WITH INVOLVEMENT OF OTHER ORGANS AND SYSTEMS","RHEUMATOID.*ARTHRITIS; ARTHRITIS"
"CRP","M05659","RHEUMATOID ARTHRITIS OF UNSPECIFIED HIP WITH INVOLVEMENT OF OTHER ORGANS AND SYSTEMS","RHEUMATOID.*ARTHRITIS; ARTHRITIS"
"CRP","M05661","RHEUMATOID ARTHRITIS OF RIGHT KNEE WITH INVOLVEMENT OF OTHER ORGANS AND SYSTEMS","RHEUMATOID.*ARTHRITIS; ARTHRITIS"
"CRP","M05662","RHEUMATOID ARTHRITIS OF LEFT KNEE WITH INVOLVEMENT OF OTHER ORGANS AND SYSTEMS","RHEUMATOID.*ARTHRITIS; ARTHRITIS"
"CRP","M05669","RHEUMATOID ARTHRITIS OF UNSPECIFIED KNEE WITH INVOLVEMENT OF OTHER ORGANS AND SYSTEMS","RHEUMATOID.*ARTHRITIS; ARTHRITIS"
"CRP","M05671","RHEUMATOID ARTHRITIS OF RIGHT ANKLE AND FOOT WITH INVOLVEMENT OF OTHER ORGANS AND SYSTEMS","RHEUMATOID.*ARTHRITIS; ARTHRITIS"
"CRP","M05672","RHEUMATOID ARTHRITIS OF LEFT ANKLE AND FOOT WITH INVOLVEMENT OF OTHER ORGANS AND SYSTEMS","RHEUMATOID.*ARTHRITIS; ARTHRITIS"
"CRP","M05679","RHEUMATOID ARTHRITIS OF UNSPECIFIED ANKLE AND FOOT WITH INVOLVEMENT OF OTHER ORGANS AND SYSTEMS","RHEUMATOID.*ARTHRITIS; ARTHRITIS"
"CRP","M0569","RHEUMATOID ARTHRITIS OF MULTIPLE SITES WITH INVOLVEMENT OF OTHER ORGANS AND SYSTEMS","RHEUMATOID.*ARTHRITIS; ARTHRITIS"
"CRP","M0570","RHEUMATOID ARTHRITIS WITH RHEUMATOID FACTOR OF UNSPECIFIED SITE WITHOUT ORGAN OR SYSTEMS INVOLVEMENT","RHEUMATOID.*ARTHRITIS; ARTHRITIS"
"CRP","M05711","RHEUMATOID ARTHRITIS WITH RHEUMATOID FACTOR OF RIGHT SHOULDER WITHOUT ORGAN OR SYSTEMS INVOLVEMENT","RHEUMATOID.*ARTHRITIS; ARTHRITIS"
"CRP","M05712","RHEUMATOID ARTHRITIS WITH RHEUMATOID FACTOR OF LEFT SHOULDER WITHOUT ORGAN OR SYSTEMS INVOLVEMENT","RHEUMATOID.*ARTHRITIS; ARTHRITIS"
"CRP","M05719","RHEUMATOID ARTHRITIS WITH RHEUMATOID FACTOR OF UNSPECIFIED SHOULDER WITHOUT ORGAN OR SYSTEMS INVOLVEMENT","RHEUMATOID.*ARTHRITIS; ARTHRITIS"
"CRP","M05721","RHEUMATOID ARTHRITIS WITH RHEUMATOID FACTOR OF RIGHT ELBOW WITHOUT ORGAN OR SYSTEMS INVOLVEMENT","RHEUMATOID.*ARTHRITIS; ARTHRITIS"
"CRP","M05722","RHEUMATOID ARTHRITIS WITH RHEUMATOID FACTOR OF LEFT ELBOW WITHOUT ORGAN OR SYSTEMS INVOLVEMENT","RHEUMATOID.*ARTHRITIS; ARTHRITIS"
"CRP","M05729","RHEUMATOID ARTHRITIS WITH RHEUMATOID FACTOR OF UNSPECIFIED ELBOW WITHOUT ORGAN OR SYSTEMS INVOLVEMENT","RHEUMATOID.*ARTHRITIS; ARTHRITIS"
"CRP","M05731","RHEUMATOID ARTHRITIS WITH RHEUMATOID FACTOR OF RIGHT WRIST WITHOUT ORGAN OR SYSTEMS INVOLVEMENT","RHEUMATOID.*ARTHRITIS; ARTHRITIS"
"CRP","M05732","RHEUMATOID ARTHRITIS WITH RHEUMATOID FACTOR OF LEFT WRIST WITHOUT ORGAN OR SYSTEMS INVOLVEMENT","RHEUMATOID.*ARTHRITIS; ARTHRITIS"
"CRP","M05739","RHEUMATOID ARTHRITIS WITH RHEUMATOID FACTOR OF UNSPECIFIED WRIST WITHOUT ORGAN OR SYSTEMS INVOLVEMENT","RHEUMATOID.*ARTHRITIS; ARTHRITIS"
"CRP","M05741","RHEUMATOID ARTHRITIS WITH RHEUMATOID FACTOR OF RIGHT HAND WITHOUT ORGAN OR SYSTEMS INVOLVEMENT","RHEUMATOID.*ARTHRITIS; ARTHRITIS"
"CRP","M05742","RHEUMATOID ARTHRITIS WITH RHEUMATOID FACTOR OF LEFT HAND WITHOUT ORGAN OR SYSTEMS INVOLVEMENT","RHEUMATOID.*ARTHRITIS; ARTHRITIS"
"CRP","M05749","RHEUMATOID ARTHRITIS WITH RHEUMATOID FACTOR OF UNSPECIFIED HAND WITHOUT ORGAN OR SYSTEMS INVOLVEMENT","RHEUMATOID.*ARTHRITIS; ARTHRITIS"
"CRP","M05751","RHEUMATOID ARTHRITIS WITH RHEUMATOID FACTOR OF RIGHT HIP WITHOUT ORGAN OR SYSTEMS INVOLVEMENT","RHEUMATOID.*ARTHRITIS; ARTHRITIS"
"CRP","M05752","RHEUMATOID ARTHRITIS WITH RHEUMATOID FACTOR OF LEFT HIP WITHOUT ORGAN OR SYSTEMS INVOLVEMENT","RHEUMATOID.*ARTHRITIS; ARTHRITIS"
"CRP","M05759","RHEUMATOID ARTHRITIS WITH RHEUMATOID FACTOR OF UNSPECIFIED HIP WITHOUT ORGAN OR SYSTEMS INVOLVEMENT","RHEUMATOID.*ARTHRITIS; ARTHRITIS"
"CRP","M05761","RHEUMATOID ARTHRITIS WITH RHEUMATOID FACTOR OF RIGHT KNEE WITHOUT ORGAN OR SYSTEMS INVOLVEMENT","RHEUMATOID.*ARTHRITIS; ARTHRITIS"
"CRP","M05762","RHEUMATOID ARTHRITIS WITH RHEUMATOID FACTOR OF LEFT KNEE WITHOUT ORGAN OR SYSTEMS INVOLVEMENT","RHEUMATOID.*ARTHRITIS; ARTHRITIS"
"CRP","M05769","RHEUMATOID ARTHRITIS WITH RHEUMATOID FACTOR OF UNSPECIFIED KNEE WITHOUT ORGAN OR SYSTEMS INVOLVEMENT","RHEUMATOID.*ARTHRITIS; ARTHRITIS"
"CRP","M05771","RHEUMATOID ARTHRITIS WITH RHEUMATOID FACTOR OF RIGHT ANKLE AND FOOT WITHOUT ORGAN OR SYSTEMS INVOLVEMENT","RHEUMATOID.*ARTHRITIS; ARTHRITIS"
"CRP","M05772","RHEUMATOID ARTHRITIS WITH RHEUMATOID FACTOR OF LEFT ANKLE AND FOOT WITHOUT ORGAN OR SYSTEMS INVOLVEMENT","RHEUMATOID.*ARTHRITIS; ARTHRITIS"
"CRP","M05779","RHEUMATOID ARTHRITIS WITH RHEUMATOID FACTOR OF UNSPECIFIED ANKLE AND FOOT WITHOUT ORGAN OR SYSTEMS INVOLVEMENT","RHEUMATOID.*ARTHRITIS; ARTHRITIS"
"CRP","M0579","RHEUMATOID ARTHRITIS WITH RHEUMATOID FACTOR OF MULTIPLE SITES WITHOUT ORGAN OR SYSTEMS INVOLVEMENT","RHEUMATOID.*ARTHRITIS; ARTHRITIS"
"CRP","M057A","RHEUMATOID ARTHRITIS WITH RHEUMATOID FACTOR OF OTHER SPECIFIED SITE WITHOUT ORGAN OR SYSTEMS INVOLVEMENT","RHEUMATOID.*ARTHRITIS; ARTHRITIS"
"CRP","M0580","OTHER RHEUMATOID ARTHRITIS WITH RHEUMATOID FACTOR OF UNSPECIFIED SITE","RHEUMATOID.*ARTHRITIS; ARTHRITIS"
"CRP","M05811","OTHER RHEUMATOID ARTHRITIS WITH RHEUMATOID FACTOR OF RIGHT SHOULDER","RHEUMATOID.*ARTHRITIS; ARTHRITIS"
"CRP","M05812","OTHER RHEUMATOID ARTHRITIS WITH RHEUMATOID FACTOR OF LEFT SHOULDER","RHEUMATOID.*ARTHRITIS; ARTHRITIS"
"CRP","M05819","OTHER RHEUMATOID ARTHRITIS WITH RHEUMATOID FACTOR OF UNSPECIFIED SHOULDER","RHEUMATOID.*ARTHRITIS; ARTHRITIS"
"CRP","M05821","OTHER RHEUMATOID ARTHRITIS WITH RHEUMATOID FACTOR OF RIGHT ELBOW","RHEUMATOID.*ARTHRITIS; ARTHRITIS"
"CRP","M05822","OTHER RHEUMATOID ARTHRITIS WITH RHEUMATOID FACTOR OF LEFT ELBOW","RHEUMATOID.*ARTHRITIS; ARTHRITIS"
"CRP","M05829","OTHER RHEUMATOID ARTHRITIS WITH RHEUMATOID FACTOR OF UNSPECIFIED ELBOW","RHEUMATOID.*ARTHRITIS; ARTHRITIS"
"CRP","M05831","OTHER RHEUMATOID ARTHRITIS WITH RHEUMATOID FACTOR OF RIGHT WRIST","RHEUMATOID.*ARTHRITIS; ARTHRITIS"
"CRP","M05832","OTHER RHEUMATOID ARTHRITIS WITH RHEUMATOID FACTOR OF LEFT WRIST","RHEUMATOID.*ARTHRITIS; ARTHRITIS"
"CRP","M05839","OTHER RHEUMATOID ARTHRITIS WITH RHEUMATOID FACTOR OF UNSPECIFIED WRIST","RHEUMATOID.*ARTHRITIS; ARTHRITIS"
"CRP","M05841","OTHER RHEUMATOID ARTHRITIS WITH RHEUMATOID FACTOR OF RIGHT HAND","RHEUMATOID.*ARTHRITIS; ARTHRITIS"
"CRP","M05842","OTHER RHEUMATOID ARTHRITIS WITH RHEUMATOID FACTOR OF LEFT HAND","RHEUMATOID.*ARTHRITIS; ARTHRITIS"
"CRP","M05849","OTHER RHEUMATOID ARTHRITIS WITH RHEUMATOID FACTOR OF UNSPECIFIED HAND","RHEUMATOID.*ARTHRITIS; ARTHRITIS"
"CRP","M05851","OTHER RHEUMATOID ARTHRITIS WITH RHEUMATOID FACTOR OF RIGHT HIP","RHEUMATOID.*ARTHRITIS; ARTHRITIS"
"CRP","M05852","OTHER RHEUMATOID ARTHRITIS WITH RHEUMATOID FACTOR OF LEFT HIP","RHEUMATOID.*ARTHRITIS; ARTHRITIS"
"CRP","M05859","OTHER RHEUMATOID ARTHRITIS WITH RHEUMATOID FACTOR OF UNSPECIFIED HIP","RHEUMATOID.*ARTHRITIS; ARTHRITIS"
"CRP","M05861","OTHER RHEUMATOID ARTHRITIS WITH RHEUMATOID FACTOR OF RIGHT KNEE","RHEUMATOID.*ARTHRITIS; ARTHRITIS"
"CRP","M05862","OTHER RHEUMATOID ARTHRITIS WITH RHEUMATOID FACTOR OF LEFT KNEE","RHEUMATOID.*ARTHRITIS; ARTHRITIS"
"CRP","M05869","OTHER RHEUMATOID ARTHRITIS WITH RHEUMATOID FACTOR OF UNSPECIFIED KNEE","RHEUMATOID.*ARTHRITIS; ARTHRITIS"
"CRP","M05871","OTHER RHEUMATOID ARTHRITIS WITH RHEUMATOID FACTOR OF RIGHT ANKLE AND FOOT","RHEUMATOID.*ARTHRITIS; ARTHRITIS"
"CRP","M05872","OTHER RHEUMATOID ARTHRITIS WITH RHEUMATOID FACTOR OF LEFT ANKLE AND FOOT","RHEUMATOID.*ARTHRITIS; ARTHRITIS"
"CRP","M05879","OTHER RHEUMATOID ARTHRITIS WITH RHEUMATOID FACTOR OF UNSPECIFIED ANKLE AND FOOT","RHEUMATOID.*ARTHRITIS; ARTHRITIS"
"CRP","M0589","OTHER RHEUMATOID ARTHRITIS WITH RHEUMATOID FACTOR OF MULTIPLE SITES","RHEUMATOID.*ARTHRITIS; ARTHRITIS"
"CRP","M058A","OTHER RHEUMATOID ARTHRITIS WITH RHEUMATOID FACTOR OF OTHER SPECIFIED SITE","RHEUMATOID.*ARTHRITIS; ARTHRITIS"
"CRP","M059","RHEUMATOID ARTHRITIS WITH RHEUMATOID FACTOR, UNSPECIFIED","RHEUMATOID.*ARTHRITIS; ARTHRITIS"
"CRP","M05A","ABNORMAL RHEUMATOID FACTOR AND ANTI-CITRULLINATED PROTEIN ANTIBODY WITH RHEUMATOID ARTHRITIS","RHEUMATOID.*ARTHRITIS; ARTHRITIS"
"CRP","M0600","RHEUMATOID ARTHRITIS WITHOUT RHEUMATOID FACTOR, UNSPECIFIED SITE","RHEUMATOID.*ARTHRITIS; ARTHRITIS"
"CRP","M06011","RHEUMATOID ARTHRITIS WITHOUT RHEUMATOID FACTOR, RIGHT SHOULDER","RHEUMATOID.*ARTHRITIS; ARTHRITIS"
"CRP","M06012","RHEUMATOID ARTHRITIS WITHOUT RHEUMATOID FACTOR, LEFT SHOULDER","RHEUMATOID.*ARTHRITIS; ARTHRITIS"
"CRP","M06019","RHEUMATOID ARTHRITIS WITHOUT RHEUMATOID FACTOR, UNSPECIFIED SHOULDER","RHEUMATOID.*ARTHRITIS; ARTHRITIS"
"CRP","M06021","RHEUMATOID ARTHRITIS WITHOUT RHEUMATOID FACTOR, RIGHT ELBOW","RHEUMATOID.*ARTHRITIS; ARTHRITIS"
"CRP","M06022","RHEUMATOID ARTHRITIS WITHOUT RHEUMATOID FACTOR, LEFT ELBOW","RHEUMATOID.*ARTHRITIS; ARTHRITIS"
"CRP","M06029","RHEUMATOID ARTHRITIS WITHOUT RHEUMATOID FACTOR, UNSPECIFIED ELBOW","RHEUMATOID.*ARTHRITIS; ARTHRITIS"
"CRP","M06031","RHEUMATOID ARTHRITIS WITHOUT RHEUMATOID FACTOR, RIGHT WRIST","RHEUMATOID.*ARTHRITIS; ARTHRITIS"
"CRP","M06032","RHEUMATOID ARTHRITIS WITHOUT RHEUMATOID FACTOR, LEFT WRIST","RHEUMATOID.*ARTHRITIS; ARTHRITIS"
"CRP","M06039","RHEUMATOID ARTHRITIS WITHOUT RHEUMATOID FACTOR, UNSPECIFIED WRIST","RHEUMATOID.*ARTHRITIS; ARTHRITIS"
"CRP","M06041","RHEUMATOID ARTHRITIS WITHOUT RHEUMATOID FACTOR, RIGHT HAND","RHEUMATOID.*ARTHRITIS; ARTHRITIS"
"CRP","M06042","RHEUMATOID ARTHRITIS WITHOUT RHEUMATOID FACTOR, LEFT HAND","RHEUMATOID.*ARTHRITIS; ARTHRITIS"
"CRP","M06049","RHEUMATOID ARTHRITIS WITHOUT RHEUMATOID FACTOR, UNSPECIFIED HAND","RHEUMATOID.*ARTHRITIS; ARTHRITIS"
"CRP","M06051","RHEUMATOID ARTHRITIS WITHOUT RHEUMATOID FACTOR, RIGHT HIP","RHEUMATOID.*ARTHRITIS; ARTHRITIS"
"CRP","M06052","RHEUMATOID ARTHRITIS WITHOUT RHEUMATOID FACTOR, LEFT HIP","RHEUMATOID.*ARTHRITIS; ARTHRITIS"
"CRP","M06059","RHEUMATOID ARTHRITIS WITHOUT RHEUMATOID FACTOR, UNSPECIFIED HIP","RHEUMATOID.*ARTHRITIS; ARTHRITIS"
"CRP","M06061","RHEUMATOID ARTHRITIS WITHOUT RHEUMATOID FACTOR, RIGHT KNEE","RHEUMATOID.*ARTHRITIS; ARTHRITIS"
"CRP","M06062","RHEUMATOID ARTHRITIS WITHOUT RHEUMATOID FACTOR, LEFT KNEE","RHEUMATOID.*ARTHRITIS; ARTHRITIS"
"CRP","M06069","RHEUMATOID ARTHRITIS WITHOUT RHEUMATOID FACTOR, UNSPECIFIED KNEE","RHEUMATOID.*ARTHRITIS; ARTHRITIS"
"CRP","M06071","RHEUMATOID ARTHRITIS WITHOUT RHEUMATOID FACTOR, RIGHT ANKLE AND FOOT","RHEUMATOID.*ARTHRITIS; ARTHRITIS"
"CRP","M06072","RHEUMATOID ARTHRITIS WITHOUT RHEUMATOID FACTOR, LEFT ANKLE AND FOOT","RHEUMATOID.*ARTHRITIS; ARTHRITIS"
"CRP","M06079","RHEUMATOID ARTHRITIS WITHOUT RHEUMATOID FACTOR, UNSPECIFIED ANKLE AND FOOT","RHEUMATOID.*ARTHRITIS; ARTHRITIS"
"CRP","M0608","RHEUMATOID ARTHRITIS WITHOUT RHEUMATOID FACTOR, VERTEBRAE","RHEUMATOID.*ARTHRITIS; ARTHRITIS"
"CRP","M0609","RHEUMATOID ARTHRITIS WITHOUT RHEUMATOID FACTOR, MULTIPLE SITES","RHEUMATOID.*ARTHRITIS; ARTHRITIS"
"CRP","M060A","RHEUMATOID ARTHRITIS WITHOUT RHEUMATOID FACTOR, OTHER SPECIFIED SITE","RHEUMATOID.*ARTHRITIS; ARTHRITIS"
"CRP","M0680","OTHER SPECIFIED RHEUMATOID ARTHRITIS, UNSPECIFIED SITE","RHEUMATOID.*ARTHRITIS; ARTHRITIS"
"CRP","M06811","OTHER SPECIFIED RHEUMATOID ARTHRITIS, RIGHT SHOULDER","RHEUMATOID.*ARTHRITIS; ARTHRITIS"
"CRP","M06812","OTHER SPECIFIED RHEUMATOID ARTHRITIS, LEFT SHOULDER","RHEUMATOID.*ARTHRITIS; ARTHRITIS"
"CRP","M06819","OTHER SPECIFIED RHEUMATOID ARTHRITIS, UNSPECIFIED SHOULDER","RHEUMATOID.*ARTHRITIS; ARTHRITIS"
"CRP","M06821","OTHER SPECIFIED RHEUMATOID ARTHRITIS, RIGHT ELBOW","RHEUMATOID.*ARTHRITIS; ARTHRITIS"
"CRP","M06822","OTHER SPECIFIED RHEUMATOID ARTHRITIS, LEFT ELBOW","RHEUMATOID.*ARTHRITIS; ARTHRITIS"
"CRP","M06829","OTHER SPECIFIED RHEUMATOID ARTHRITIS, UNSPECIFIED ELBOW","RHEUMATOID.*ARTHRITIS; ARTHRITIS"
"CRP","M06831","OTHER SPECIFIED RHEUMATOID ARTHRITIS, RIGHT WRIST","RHEUMATOID.*ARTHRITIS; ARTHRITIS"
"CRP","M06832","OTHER SPECIFIED RHEUMATOID ARTHRITIS, LEFT WRIST","RHEUMATOID.*ARTHRITIS; ARTHRITIS"
"CRP","M06839","OTHER SPECIFIED RHEUMATOID ARTHRITIS, UNSPECIFIED WRIST","RHEUMATOID.*ARTHRITIS; ARTHRITIS"
"CRP","M06841","OTHER SPECIFIED RHEUMATOID ARTHRITIS, RIGHT HAND","RHEUMATOID.*ARTHRITIS; ARTHRITIS"
"CRP","M06842","OTHER SPECIFIED RHEUMATOID ARTHRITIS, LEFT HAND","RHEUMATOID.*ARTHRITIS; ARTHRITIS"
"CRP","M06849","OTHER SPECIFIED RHEUMATOID ARTHRITIS, UNSPECIFIED HAND","RHEUMATOID.*ARTHRITIS; ARTHRITIS"
"CRP","M06851","OTHER SPECIFIED RHEUMATOID ARTHRITIS, RIGHT HIP","RHEUMATOID.*ARTHRITIS; ARTHRITIS"
"CRP","M06852","OTHER SPECIFIED RHEUMATOID ARTHRITIS, LEFT HIP","RHEUMATOID.*ARTHRITIS; ARTHRITIS"
"CRP","M06859","OTHER SPECIFIED RHEUMATOID ARTHRITIS, UNSPECIFIED HIP","RHEUMATOID.*ARTHRITIS; ARTHRITIS"
"CRP","M06861","OTHER SPECIFIED RHEUMATOID ARTHRITIS, RIGHT KNEE","RHEUMATOID.*ARTHRITIS; ARTHRITIS"
"CRP","M06862","OTHER SPECIFIED RHEUMATOID ARTHRITIS, LEFT KNEE","RHEUMATOID.*ARTHRITIS; ARTHRITIS"
"CRP","M06869","OTHER SPECIFIED RHEUMATOID ARTHRITIS, UNSPECIFIED KNEE","RHEUMATOID.*ARTHRITIS; ARTHRITIS"
"CRP","M06871","OTHER SPECIFIED RHEUMATOID ARTHRITIS, RIGHT ANKLE AND FOOT","RHEUMATOID.*ARTHRITIS; ARTHRITIS"
"CRP","M06872","OTHER SPECIFIED RHEUMATOID ARTHRITIS, LEFT ANKLE AND FOOT","RHEUMATOID.*ARTHRITIS; ARTHRITIS"
"CRP","M06879","OTHER SPECIFIED RHEUMATOID ARTHRITIS, UNSPECIFIED ANKLE AND FOOT","RHEUMATOID.*ARTHRITIS; ARTHRITIS"
"CRP","M0688","OTHER SPECIFIED RHEUMATOID ARTHRITIS, VERTEBRAE","RHEUMATOID.*ARTHRITIS; ARTHRITIS"
"CRP","M0689","OTHER SPECIFIED RHEUMATOID ARTHRITIS, MULTIPLE SITES","RHEUMATOID.*ARTHRITIS; ARTHRITIS"
"CRP","M068A","OTHER SPECIFIED RHEUMATOID ARTHRITIS, OTHER SPECIFIED SITE","RHEUMATOID.*ARTHRITIS; ARTHRITIS"
"CRP","M069","RHEUMATOID ARTHRITIS, UNSPECIFIED","RHEUMATOID.*ARTHRITIS; ARTHRITIS"
"CRP","M0800","UNSPECIFIED JUVENILE RHEUMATOID ARTHRITIS OF UNSPECIFIED SITE","RHEUMATOID.*ARTHRITIS; ARTHRITIS"
"CRP","M08011","UNSPECIFIED JUVENILE RHEUMATOID ARTHRITIS, RIGHT SHOULDER","RHEUMATOID.*ARTHRITIS; ARTHRITIS"
"CRP","M08012","UNSPECIFIED JUVENILE RHEUMATOID ARTHRITIS, LEFT SHOULDER","RHEUMATOID.*ARTHRITIS; ARTHRITIS"
"CRP","M08019","UNSPECIFIED JUVENILE RHEUMATOID ARTHRITIS, UNSPECIFIED SHOULDER","RHEUMATOID.*ARTHRITIS; ARTHRITIS"
"CRP","M08021","UNSPECIFIED JUVENILE RHEUMATOID ARTHRITIS, RIGHT ELBOW","RHEUMATOID.*ARTHRITIS; ARTHRITIS"
"CRP","M08022","UNSPECIFIED JUVENILE RHEUMATOID ARTHRITIS, LEFT ELBOW","RHEUMATOID.*ARTHRITIS; ARTHRITIS"
"CRP","M08029","UNSPECIFIED JUVENILE RHEUMATOID ARTHRITIS, UNSPECIFIED ELBOW","RHEUMATOID.*ARTHRITIS; ARTHRITIS"
"CRP","M08031","UNSPECIFIED JUVENILE RHEUMATOID ARTHRITIS, RIGHT WRIST","RHEUMATOID.*ARTHRITIS; ARTHRITIS"
"CRP","M08032","UNSPECIFIED JUVENILE RHEUMATOID ARTHRITIS, LEFT WRIST","RHEUMATOID.*ARTHRITIS; ARTHRITIS"
"CRP","M08039","UNSPECIFIED JUVENILE RHEUMATOID ARTHRITIS, UNSPECIFIED WRIST","RHEUMATOID.*ARTHRITIS; ARTHRITIS"
"CRP","M08041","UNSPECIFIED JUVENILE RHEUMATOID ARTHRITIS, RIGHT HAND","RHEUMATOID.*ARTHRITIS; ARTHRITIS"
"CRP","M08042","UNSPECIFIED JUVENILE RHEUMATOID ARTHRITIS, LEFT HAND","RHEUMATOID.*ARTHRITIS; ARTHRITIS"
"CRP","M08049","UNSPECIFIED JUVENILE RHEUMATOID ARTHRITIS, UNSPECIFIED HAND","RHEUMATOID.*ARTHRITIS; ARTHRITIS"
"CRP","M08051","UNSPECIFIED JUVENILE RHEUMATOID ARTHRITIS, RIGHT HIP","RHEUMATOID.*ARTHRITIS; ARTHRITIS"
"CRP","M08052","UNSPECIFIED JUVENILE RHEUMATOID ARTHRITIS, LEFT HIP","RHEUMATOID.*ARTHRITIS; ARTHRITIS"
"CRP","M08059","UNSPECIFIED JUVENILE RHEUMATOID ARTHRITIS, UNSPECIFIED HIP","RHEUMATOID.*ARTHRITIS; ARTHRITIS"
"CRP","M08061","UNSPECIFIED JUVENILE RHEUMATOID ARTHRITIS, RIGHT KNEE","RHEUMATOID.*ARTHRITIS; ARTHRITIS"
"CRP","M08062","UNSPECIFIED JUVENILE RHEUMATOID ARTHRITIS, LEFT KNEE","RHEUMATOID.*ARTHRITIS; ARTHRITIS"
"CRP","M08069","UNSPECIFIED JUVENILE RHEUMATOID ARTHRITIS, UNSPECIFIED KNEE","RHEUMATOID.*ARTHRITIS; ARTHRITIS"
"CRP","M08071","UNSPECIFIED JUVENILE RHEUMATOID ARTHRITIS, RIGHT ANKLE AND FOOT","RHEUMATOID.*ARTHRITIS; ARTHRITIS"
"CRP","M08072","UNSPECIFIED JUVENILE RHEUMATOID ARTHRITIS, LEFT ANKLE AND FOOT","RHEUMATOID.*ARTHRITIS; ARTHRITIS"
"CRP","M08079","UNSPECIFIED JUVENILE RHEUMATOID ARTHRITIS, UNSPECIFIED ANKLE AND FOOT","RHEUMATOID.*ARTHRITIS; ARTHRITIS"
"CRP","M0808","UNSPECIFIED JUVENILE RHEUMATOID ARTHRITIS, VERTEBRAE","RHEUMATOID.*ARTHRITIS; ARTHRITIS"
"CRP","M0809","UNSPECIFIED JUVENILE RHEUMATOID ARTHRITIS, MULTIPLE SITES","RHEUMATOID.*ARTHRITIS; ARTHRITIS"
"CRP","M080A","UNSPECIFIED JUVENILE RHEUMATOID ARTHRITIS, OTHER SPECIFIED SITE","RHEUMATOID.*ARTHRITIS; ARTHRITIS"
"CRP","M081","JUVENILE ANKYLOSING SPONDYLITIS","ANKYLOSING.*SPONDYLITIS"
"CRP","M0820","JUVENILE RHEUMATOID ARTHRITIS WITH SYSTEMIC ONSET, UNSPECIFIED SITE","RHEUMATOID.*ARTHRITIS; ARTHRITIS"
"CRP","M08211","JUVENILE RHEUMATOID ARTHRITIS WITH SYSTEMIC ONSET, RIGHT SHOULDER","RHEUMATOID.*ARTHRITIS; ARTHRITIS"
"CRP","M08212","JUVENILE RHEUMATOID ARTHRITIS WITH SYSTEMIC ONSET, LEFT SHOULDER","RHEUMATOID.*ARTHRITIS; ARTHRITIS"
"CRP","M08219","JUVENILE RHEUMATOID ARTHRITIS WITH SYSTEMIC ONSET, UNSPECIFIED SHOULDER","RHEUMATOID.*ARTHRITIS; ARTHRITIS"
"CRP","M08221","JUVENILE RHEUMATOID ARTHRITIS WITH SYSTEMIC ONSET, RIGHT ELBOW","RHEUMATOID.*ARTHRITIS; ARTHRITIS"
"CRP","M08222","JUVENILE RHEUMATOID ARTHRITIS WITH SYSTEMIC ONSET, LEFT ELBOW","RHEUMATOID.*ARTHRITIS; ARTHRITIS"
"CRP","M08229","JUVENILE RHEUMATOID ARTHRITIS WITH SYSTEMIC ONSET, UNSPECIFIED ELBOW","RHEUMATOID.*ARTHRITIS; ARTHRITIS"
"CRP","M08231","JUVENILE RHEUMATOID ARTHRITIS WITH SYSTEMIC ONSET, RIGHT WRIST","RHEUMATOID.*ARTHRITIS; ARTHRITIS"
"CRP","M08232","JUVENILE RHEUMATOID ARTHRITIS WITH SYSTEMIC ONSET, LEFT WRIST","RHEUMATOID.*ARTHRITIS; ARTHRITIS"
"CRP","M08239","JUVENILE RHEUMATOID ARTHRITIS WITH SYSTEMIC ONSET, UNSPECIFIED WRIST","RHEUMATOID.*ARTHRITIS; ARTHRITIS"
"CRP","M08241","JUVENILE RHEUMATOID ARTHRITIS WITH SYSTEMIC ONSET, RIGHT HAND","RHEUMATOID.*ARTHRITIS; ARTHRITIS"
"CRP","M08242","JUVENILE RHEUMATOID ARTHRITIS WITH SYSTEMIC ONSET, LEFT HAND","RHEUMATOID.*ARTHRITIS; ARTHRITIS"
"CRP","M08249","JUVENILE RHEUMATOID ARTHRITIS WITH SYSTEMIC ONSET, UNSPECIFIED HAND","RHEUMATOID.*ARTHRITIS; ARTHRITIS"
"CRP","M08251","JUVENILE RHEUMATOID ARTHRITIS WITH SYSTEMIC ONSET, RIGHT HIP","RHEUMATOID.*ARTHRITIS; ARTHRITIS"
"CRP","M08252","JUVENILE RHEUMATOID ARTHRITIS WITH SYSTEMIC ONSET, LEFT HIP","RHEUMATOID.*ARTHRITIS; ARTHRITIS"
"CRP","M08259","JUVENILE RHEUMATOID ARTHRITIS WITH SYSTEMIC ONSET, UNSPECIFIED HIP","RHEUMATOID.*ARTHRITIS; ARTHRITIS"
"CRP","M08261","JUVENILE RHEUMATOID ARTHRITIS WITH SYSTEMIC ONSET, RIGHT KNEE","RHEUMATOID.*ARTHRITIS; ARTHRITIS"
"CRP","M08262","JUVENILE RHEUMATOID ARTHRITIS WITH SYSTEMIC ONSET, LEFT KNEE","RHEUMATOID.*ARTHRITIS; ARTHRITIS"
"CRP","M08269","JUVENILE RHEUMATOID ARTHRITIS WITH SYSTEMIC ONSET, UNSPECIFIED KNEE","RHEUMATOID.*ARTHRITIS; ARTHRITIS"
"CRP","M08271","JUVENILE RHEUMATOID ARTHRITIS WITH SYSTEMIC ONSET, RIGHT ANKLE AND FOOT","RHEUMATOID.*ARTHRITIS; ARTHRITIS"
"CRP","M08272","JUVENILE RHEUMATOID ARTHRITIS WITH SYSTEMIC ONSET, LEFT ANKLE AND FOOT","RHEUMATOID.*ARTHRITIS; ARTHRITIS"
"CRP","M08279","JUVENILE RHEUMATOID ARTHRITIS WITH SYSTEMIC ONSET, UNSPECIFIED ANKLE AND FOOT","RHEUMATOID.*ARTHRITIS; ARTHRITIS"
"CRP","M0828","JUVENILE RHEUMATOID ARTHRITIS WITH SYSTEMIC ONSET, VERTEBRAE","RHEUMATOID.*ARTHRITIS; ARTHRITIS"
"CRP","M0829","JUVENILE RHEUMATOID ARTHRITIS WITH SYSTEMIC ONSET, MULTIPLE SITES","RHEUMATOID.*ARTHRITIS; ARTHRITIS"
"CRP","M082A","JUVENILE RHEUMATOID ARTHRITIS WITH SYSTEMIC ONSET, OTHER SPECIFIED SITE","RHEUMATOID.*ARTHRITIS; ARTHRITIS"
"CRP","M083","JUVENILE RHEUMATOID POLYARTHRITIS (SERONEGATIVE)","RHEUMATOID.*ARTHRITIS; ARTHRITIS"
"CRP","M0840","PAUCIARTICULAR JUVENILE RHEUMATOID ARTHRITIS, UNSPECIFIED SITE","RHEUMATOID.*ARTHRITIS; ARTHRITIS"
"CRP","M08411","PAUCIARTICULAR JUVENILE RHEUMATOID ARTHRITIS, RIGHT SHOULDER","RHEUMATOID.*ARTHRITIS; ARTHRITIS"
"CRP","M08412","PAUCIARTICULAR JUVENILE RHEUMATOID ARTHRITIS, LEFT SHOULDER","RHEUMATOID.*ARTHRITIS; ARTHRITIS"
"CRP","M08419","PAUCIARTICULAR JUVENILE RHEUMATOID ARTHRITIS, UNSPECIFIED SHOULDER","RHEUMATOID.*ARTHRITIS; ARTHRITIS"
"CRP","M08421","PAUCIARTICULAR JUVENILE RHEUMATOID ARTHRITIS, RIGHT ELBOW","RHEUMATOID.*ARTHRITIS; ARTHRITIS"
"CRP","M08422","PAUCIARTICULAR JUVENILE RHEUMATOID ARTHRITIS, LEFT ELBOW","RHEUMATOID.*ARTHRITIS; ARTHRITIS"
"CRP","M08429","PAUCIARTICULAR JUVENILE RHEUMATOID ARTHRITIS, UNSPECIFIED ELBOW","RHEUMATOID.*ARTHRITIS; ARTHRITIS"
"CRP","M08431","PAUCIARTICULAR JUVENILE RHEUMATOID ARTHRITIS, RIGHT WRIST","RHEUMATOID.*ARTHRITIS; ARTHRITIS"
"CRP","M08432","PAUCIARTICULAR JUVENILE RHEUMATOID ARTHRITIS, LEFT WRIST","RHEUMATOID.*ARTHRITIS; ARTHRITIS"
"CRP","M08439","PAUCIARTICULAR JUVENILE RHEUMATOID ARTHRITIS, UNSPECIFIED WRIST","RHEUMATOID.*ARTHRITIS; ARTHRITIS"
"CRP","M08441","PAUCIARTICULAR JUVENILE RHEUMATOID ARTHRITIS, RIGHT HAND","RHEUMATOID.*ARTHRITIS; ARTHRITIS"
"CRP","M08442","PAUCIARTICULAR JUVENILE RHEUMATOID ARTHRITIS, LEFT HAND","RHEUMATOID.*ARTHRITIS; ARTHRITIS"
"CRP","M08449","PAUCIARTICULAR JUVENILE RHEUMATOID ARTHRITIS, UNSPECIFIED HAND","RHEUMATOID.*ARTHRITIS; ARTHRITIS"
"CRP","M08451","PAUCIARTICULAR JUVENILE RHEUMATOID ARTHRITIS, RIGHT HIP","RHEUMATOID.*ARTHRITIS; ARTHRITIS"
"CRP","M08452","PAUCIARTICULAR JUVENILE RHEUMATOID ARTHRITIS, LEFT HIP","RHEUMATOID.*ARTHRITIS; ARTHRITIS"
"CRP","M08459","PAUCIARTICULAR JUVENILE RHEUMATOID ARTHRITIS, UNSPECIFIED HIP","RHEUMATOID.*ARTHRITIS; ARTHRITIS"
"CRP","M08461","PAUCIARTICULAR JUVENILE RHEUMATOID ARTHRITIS, RIGHT KNEE","RHEUMATOID.*ARTHRITIS; ARTHRITIS"
"CRP","M08462","PAUCIARTICULAR JUVENILE RHEUMATOID ARTHRITIS, LEFT KNEE","RHEUMATOID.*ARTHRITIS; ARTHRITIS"
"CRP","M08469","PAUCIARTICULAR JUVENILE RHEUMATOID ARTHRITIS, UNSPECIFIED KNEE","RHEUMATOID.*ARTHRITIS; ARTHRITIS"
"CRP","M08471","PAUCIARTICULAR JUVENILE RHEUMATOID ARTHRITIS, RIGHT ANKLE AND FOOT","RHEUMATOID.*ARTHRITIS; ARTHRITIS"
"CRP","M08472","PAUCIARTICULAR JUVENILE RHEUMATOID ARTHRITIS, LEFT ANKLE AND FOOT","RHEUMATOID.*ARTHRITIS; ARTHRITIS"
"CRP","M08479","PAUCIARTICULAR JUVENILE RHEUMATOID ARTHRITIS, UNSPECIFIED ANKLE AND FOOT","RHEUMATOID.*ARTHRITIS; ARTHRITIS"
"CRP","M0848","PAUCIARTICULAR JUVENILE RHEUMATOID ARTHRITIS, VERTEBRAE","RHEUMATOID.*ARTHRITIS; ARTHRITIS"
"CRP","M084A","PAUCIARTICULAR JUVENILE RHEUMATOID ARTHRITIS, OTHER SPECIFIED SITE","RHEUMATOID.*ARTHRITIS; ARTHRITIS"
"CRP","M0880","OTHER JUVENILE ARTHRITIS, UNSPECIFIED SITE","ARTHRITIS"
"CRP","M08811","OTHER JUVENILE ARTHRITIS, RIGHT SHOULDER","ARTHRITIS"
"CRP","M08812","OTHER JUVENILE ARTHRITIS, LEFT SHOULDER","ARTHRITIS"
"CRP","M08819","OTHER JUVENILE ARTHRITIS, UNSPECIFIED SHOULDER","ARTHRITIS"
"CRP","M08821","OTHER JUVENILE ARTHRITIS, RIGHT ELBOW","ARTHRITIS"
"CRP","M08822","OTHER JUVENILE ARTHRITIS, LEFT ELBOW","ARTHRITIS"
"CRP","M08829","OTHER JUVENILE ARTHRITIS, UNSPECIFIED ELBOW","ARTHRITIS"
"CRP","M08831","OTHER JUVENILE ARTHRITIS, RIGHT WRIST","ARTHRITIS"
"CRP","M08832","OTHER JUVENILE ARTHRITIS, LEFT WRIST","ARTHRITIS"
"CRP","M08839","OTHER JUVENILE ARTHRITIS, UNSPECIFIED WRIST","ARTHRITIS"
"CRP","M08841","OTHER JUVENILE ARTHRITIS, RIGHT HAND","ARTHRITIS"
"CRP","M08842","OTHER JUVENILE ARTHRITIS, LEFT HAND","ARTHRITIS"
"CRP","M08849","OTHER JUVENILE ARTHRITIS, UNSPECIFIED HAND","ARTHRITIS"
"CRP","M08851","OTHER JUVENILE ARTHRITIS, RIGHT HIP","ARTHRITIS"
"CRP","M08852","OTHER JUVENILE ARTHRITIS, LEFT HIP","ARTHRITIS"
"CRP","M08859","OTHER JUVENILE ARTHRITIS, UNSPECIFIED HIP","ARTHRITIS"
"CRP","M08861","OTHER JUVENILE ARTHRITIS, RIGHT KNEE","ARTHRITIS"
"CRP","M08862","OTHER JUVENILE ARTHRITIS, LEFT KNEE","ARTHRITIS"
"CRP","M08869","OTHER JUVENILE ARTHRITIS, UNSPECIFIED KNEE","ARTHRITIS"
"CRP","M08871","OTHER JUVENILE ARTHRITIS, RIGHT ANKLE AND FOOT","ARTHRITIS"
"CRP","M08872","OTHER JUVENILE ARTHRITIS, LEFT ANKLE AND FOOT","ARTHRITIS"
"CRP","M08879","OTHER JUVENILE ARTHRITIS, UNSPECIFIED ANKLE AND FOOT","ARTHRITIS"
"CRP","M0888","OTHER JUVENILE ARTHRITIS, OTHER SPECIFIED SITE","ARTHRITIS"
"CRP","M0889","OTHER JUVENILE ARTHRITIS, MULTIPLE SITES","ARTHRITIS"
"CRP","M0890","JUVENILE ARTHRITIS, UNSPECIFIED, UNSPECIFIED SITE","ARTHRITIS"
"CRP","M08911","JUVENILE ARTHRITIS, UNSPECIFIED, RIGHT SHOULDER","ARTHRITIS"
"CRP","M08912","JUVENILE ARTHRITIS, UNSPECIFIED, LEFT SHOULDER","ARTHRITIS"
"CRP","M08919","JUVENILE ARTHRITIS, UNSPECIFIED, UNSPECIFIED SHOULDER","ARTHRITIS"
"CRP","M08921","JUVENILE ARTHRITIS, UNSPECIFIED, RIGHT ELBOW","ARTHRITIS"
"CRP","M08922","JUVENILE ARTHRITIS, UNSPECIFIED, LEFT ELBOW","ARTHRITIS"
"CRP","M08929","JUVENILE ARTHRITIS, UNSPECIFIED, UNSPECIFIED ELBOW","ARTHRITIS"
"CRP","M08931","JUVENILE ARTHRITIS, UNSPECIFIED, RIGHT WRIST","ARTHRITIS"
"CRP","M08932","JUVENILE ARTHRITIS, UNSPECIFIED, LEFT WRIST","ARTHRITIS"
"CRP","M08939","JUVENILE ARTHRITIS, UNSPECIFIED, UNSPECIFIED WRIST","ARTHRITIS"
"CRP","M08941","JUVENILE ARTHRITIS, UNSPECIFIED, RIGHT HAND","ARTHRITIS"
"CRP","M08942","JUVENILE ARTHRITIS, UNSPECIFIED, LEFT HAND","ARTHRITIS"
"CRP","M08949","JUVENILE ARTHRITIS, UNSPECIFIED, UNSPECIFIED HAND","ARTHRITIS"
"CRP","M08951","JUVENILE ARTHRITIS, UNSPECIFIED, RIGHT HIP","ARTHRITIS"
"CRP","M08952","JUVENILE ARTHRITIS, UNSPECIFIED, LEFT HIP","ARTHRITIS"
"CRP","M08959","JUVENILE ARTHRITIS, UNSPECIFIED, UNSPECIFIED HIP","ARTHRITIS"
"CRP","M08961","JUVENILE ARTHRITIS, UNSPECIFIED, RIGHT KNEE","ARTHRITIS"
"CRP","M08962","JUVENILE ARTHRITIS, UNSPECIFIED, LEFT KNEE","ARTHRITIS"
"CRP","M08969","JUVENILE ARTHRITIS, UNSPECIFIED, UNSPECIFIED KNEE","ARTHRITIS"
"CRP","M08971","JUVENILE ARTHRITIS, UNSPECIFIED, RIGHT ANKLE AND FOOT","ARTHRITIS"
"CRP","M08972","JUVENILE ARTHRITIS, UNSPECIFIED, LEFT ANKLE AND FOOT","ARTHRITIS"
"CRP","M08979","JUVENILE ARTHRITIS, UNSPECIFIED, UNSPECIFIED ANKLE AND FOOT","ARTHRITIS"
"CRP","M0898","JUVENILE ARTHRITIS, UNSPECIFIED, VERTEBRAE","ARTHRITIS"
"CRP","M0899","JUVENILE ARTHRITIS, UNSPECIFIED, MULTIPLE SITES","ARTHRITIS"
"CRP","M089A","JUVENILE ARTHRITIS, UNSPECIFIED, OTHER SPECIFIED SITE","ARTHRITIS"
"CRP","M1250","TRAUMATIC ARTHROPATHY, UNSPECIFIED SITE","TRAUMA"
"CRP","M12511","TRAUMATIC ARTHROPATHY, RIGHT SHOULDER","TRAUMA"
"CRP","M12512","TRAUMATIC ARTHROPATHY, LEFT SHOULDER","TRAUMA"
"CRP","M12519","TRAUMATIC ARTHROPATHY, UNSPECIFIED SHOULDER","TRAUMA"
"CRP","M12521","TRAUMATIC ARTHROPATHY, RIGHT ELBOW","TRAUMA"
"CRP","M12522","TRAUMATIC ARTHROPATHY, LEFT ELBOW","TRAUMA"
"CRP","M12529","TRAUMATIC ARTHROPATHY, UNSPECIFIED ELBOW","TRAUMA"
"CRP","M12531","TRAUMATIC ARTHROPATHY, RIGHT WRIST","TRAUMA"
"CRP","M12532","TRAUMATIC ARTHROPATHY, LEFT WRIST","TRAUMA"
"CRP","M12539","TRAUMATIC ARTHROPATHY, UNSPECIFIED WRIST","TRAUMA"
"CRP","M12541","TRAUMATIC ARTHROPATHY, RIGHT HAND","TRAUMA"
"CRP","M12542","TRAUMATIC ARTHROPATHY, LEFT HAND","TRAUMA"
"CRP","M12549","TRAUMATIC ARTHROPATHY, UNSPECIFIED HAND","TRAUMA"
"CRP","M12551","TRAUMATIC ARTHROPATHY, RIGHT HIP","TRAUMA"
"CRP","M12552","TRAUMATIC ARTHROPATHY, LEFT HIP","TRAUMA"
"CRP","M12559","TRAUMATIC ARTHROPATHY, UNSPECIFIED HIP","TRAUMA"
"CRP","M12561","TRAUMATIC ARTHROPATHY, RIGHT KNEE","TRAUMA"
"CRP","M12562","TRAUMATIC ARTHROPATHY, LEFT KNEE","TRAUMA"
"CRP","M12569","TRAUMATIC ARTHROPATHY, UNSPECIFIED KNEE","TRAUMA"
"CRP","M12571","TRAUMATIC ARTHROPATHY, RIGHT ANKLE AND FOOT","TRAUMA"
"CRP","M12572","TRAUMATIC ARTHROPATHY, LEFT ANKLE AND FOOT","TRAUMA"
"CRP","M12579","TRAUMATIC ARTHROPATHY, UNSPECIFIED ANKLE AND FOOT","TRAUMA"
"CRP","M1258","TRAUMATIC ARTHROPATHY, OTHER SPECIFIED SITE","TRAUMA"
"CRP","M1259","TRAUMATIC ARTHROPATHY, MULTIPLE SITES","TRAUMA"
"CRP","M130","POLYARTHRITIS, UNSPECIFIED","ARTHRITIS"
"CRP","M1310","MONOARTHRITIS, NOT ELSEWHERE CLASSIFIED, UNSPECIFIED SITE","ARTHRITIS"
"CRP","M13111","MONOARTHRITIS, NOT ELSEWHERE CLASSIFIED, RIGHT SHOULDER","ARTHRITIS"
"CRP","M13112","MONOARTHRITIS, NOT ELSEWHERE CLASSIFIED, LEFT SHOULDER","ARTHRITIS"
"CRP","M13119","MONOARTHRITIS, NOT ELSEWHERE CLASSIFIED, UNSPECIFIED SHOULDER","ARTHRITIS"
"CRP","M13121","MONOARTHRITIS, NOT ELSEWHERE CLASSIFIED, RIGHT ELBOW","ARTHRITIS"
"CRP","M13122","MONOARTHRITIS, NOT ELSEWHERE CLASSIFIED, LEFT ELBOW","ARTHRITIS"
"CRP","M13129","MONOARTHRITIS, NOT ELSEWHERE CLASSIFIED, UNSPECIFIED ELBOW","ARTHRITIS"
"CRP","M13131","MONOARTHRITIS, NOT ELSEWHERE CLASSIFIED, RIGHT WRIST","ARTHRITIS"
"CRP","M13132","MONOARTHRITIS, NOT ELSEWHERE CLASSIFIED, LEFT WRIST","ARTHRITIS"
"CRP","M13139","MONOARTHRITIS, NOT ELSEWHERE CLASSIFIED, UNSPECIFIED WRIST","ARTHRITIS"
"CRP","M13141","MONOARTHRITIS, NOT ELSEWHERE CLASSIFIED, RIGHT HAND","ARTHRITIS"
"CRP","M13142","MONOARTHRITIS, NOT ELSEWHERE CLASSIFIED, LEFT HAND","ARTHRITIS"
"CRP","M13149","MONOARTHRITIS, NOT ELSEWHERE CLASSIFIED, UNSPECIFIED HAND","ARTHRITIS"
"CRP","M13151","MONOARTHRITIS, NOT ELSEWHERE CLASSIFIED, RIGHT HIP","ARTHRITIS"
"CRP","M13152","MONOARTHRITIS, NOT ELSEWHERE CLASSIFIED, LEFT HIP","ARTHRITIS"
"CRP","M13159","MONOARTHRITIS, NOT ELSEWHERE CLASSIFIED, UNSPECIFIED HIP","ARTHRITIS"
"CRP","M13161","MONOARTHRITIS, NOT ELSEWHERE CLASSIFIED, RIGHT KNEE","ARTHRITIS"
"CRP","M13162","MONOARTHRITIS, NOT ELSEWHERE CLASSIFIED, LEFT KNEE","ARTHRITIS"
"CRP","M13169","MONOARTHRITIS, NOT ELSEWHERE CLASSIFIED, UNSPECIFIED KNEE","ARTHRITIS"
"CRP","M13171","MONOARTHRITIS, NOT ELSEWHERE CLASSIFIED, RIGHT ANKLE AND FOOT","ARTHRITIS"
"CRP","M13172","MONOARTHRITIS, NOT ELSEWHERE CLASSIFIED, LEFT ANKLE AND FOOT","ARTHRITIS"
"CRP","M13179","MONOARTHRITIS, NOT ELSEWHERE CLASSIFIED, UNSPECIFIED ANKLE AND FOOT","ARTHRITIS"
"CRP","M1380","OTHER SPECIFIED ARTHRITIS, UNSPECIFIED SITE","ARTHRITIS"
"CRP","M13811","OTHER SPECIFIED ARTHRITIS, RIGHT SHOULDER","ARTHRITIS"
"CRP","M13812","OTHER SPECIFIED ARTHRITIS, LEFT SHOULDER","ARTHRITIS"
"CRP","M13819","OTHER SPECIFIED ARTHRITIS, UNSPECIFIED SHOULDER","ARTHRITIS"
"CRP","M13821","OTHER SPECIFIED ARTHRITIS, RIGHT ELBOW","ARTHRITIS"
"CRP","M13822","OTHER SPECIFIED ARTHRITIS, LEFT ELBOW","ARTHRITIS"
"CRP","M13829","OTHER SPECIFIED ARTHRITIS, UNSPECIFIED ELBOW","ARTHRITIS"
"CRP","M13831","OTHER SPECIFIED ARTHRITIS, RIGHT WRIST","ARTHRITIS"
"CRP","M13832","OTHER SPECIFIED ARTHRITIS, LEFT WRIST","ARTHRITIS"
"CRP","M13839","OTHER SPECIFIED ARTHRITIS, UNSPECIFIED WRIST","ARTHRITIS"
"CRP","M13841","OTHER SPECIFIED ARTHRITIS, RIGHT HAND","ARTHRITIS"
"CRP","M13842","OTHER SPECIFIED ARTHRITIS, LEFT HAND","ARTHRITIS"
"CRP","M13849","OTHER SPECIFIED ARTHRITIS, UNSPECIFIED HAND","ARTHRITIS"
"CRP","M13851","OTHER SPECIFIED ARTHRITIS, RIGHT HIP","ARTHRITIS"
"CRP","M13852","OTHER SPECIFIED ARTHRITIS, LEFT HIP","ARTHRITIS"
"CRP","M13859","OTHER SPECIFIED ARTHRITIS, UNSPECIFIED HIP","ARTHRITIS"
"CRP","M13861","OTHER SPECIFIED ARTHRITIS, RIGHT KNEE","ARTHRITIS"
"CRP","M13862","OTHER SPECIFIED ARTHRITIS, LEFT KNEE","ARTHRITIS"
"CRP","M13869","OTHER SPECIFIED ARTHRITIS, UNSPECIFIED KNEE","ARTHRITIS"
"CRP","M13871","OTHER SPECIFIED ARTHRITIS, RIGHT ANKLE AND FOOT","ARTHRITIS"
"CRP","M13872","OTHER SPECIFIED ARTHRITIS, LEFT ANKLE AND FOOT","ARTHRITIS"
"CRP","M13879","OTHER SPECIFIED ARTHRITIS, UNSPECIFIED ANKLE AND FOOT","ARTHRITIS"
"CRP","M1388","OTHER SPECIFIED ARTHRITIS, OTHER SITE","ARTHRITIS"
"CRP","M1389","OTHER SPECIFIED ARTHRITIS, MULTIPLE SITES","ARTHRITIS"
"CRP","M150","PRIMARY GENERALIZED (OSTEO)ARTHRITIS","ARTHRITIS"
"CRP","M153","SECONDARY MULTIPLE ARTHRITIS","ARTHRITIS"
"CRP","M154","EROSIVE (OSTEO)ARTHRITIS","ARTHRITIS"
"CRP","M158","OTHER POLYOSTEOARTHRITIS","ARTHRITIS"
"CRP","M159","POLYOSTEOARTHRITIS, UNSPECIFIED","ARTHRITIS"
"CRP","M160","BILATERAL PRIMARY OSTEOARTHRITIS OF HIP","ARTHRITIS"
"CRP","M1610","UNILATERAL PRIMARY OSTEOARTHRITIS, UNSPECIFIED HIP","ARTHRITIS"
"CRP","M1611","UNILATERAL PRIMARY OSTEOARTHRITIS, RIGHT HIP","ARTHRITIS"
"CRP","M1612","UNILATERAL PRIMARY OSTEOARTHRITIS, LEFT HIP","ARTHRITIS"
"CRP","M162","BILATERAL OSTEOARTHRITIS RESULTING FROM HIP DYSPLASIA","ARTHRITIS"
"CRP","M1630","UNILATERAL OSTEOARTHRITIS RESULTING FROM HIP DYSPLASIA, UNSPECIFIED HIP","ARTHRITIS"
"CRP","M1631","UNILATERAL OSTEOARTHRITIS RESULTING FROM HIP DYSPLASIA, RIGHT HIP","ARTHRITIS"
"CRP","M1632","UNILATERAL OSTEOARTHRITIS RESULTING FROM HIP DYSPLASIA, LEFT HIP","ARTHRITIS"
"CRP","M164","BILATERAL POST-TRAUMATIC OSTEOARTHRITIS OF HIP","ARTHRITIS; TRAUMA"
"CRP","M1650","UNILATERAL POST-TRAUMATIC OSTEOARTHRITIS, UNSPECIFIED HIP","ARTHRITIS; TRAUMA"
"CRP","M1651","UNILATERAL POST-TRAUMATIC OSTEOARTHRITIS, RIGHT HIP","ARTHRITIS; TRAUMA"
"CRP","M1652","UNILATERAL POST-TRAUMATIC OSTEOARTHRITIS, LEFT HIP","ARTHRITIS; TRAUMA"
"CRP","M166","OTHER BILATERAL SECONDARY OSTEOARTHRITIS OF HIP","ARTHRITIS"
"CRP","M167","OTHER UNILATERAL SECONDARY OSTEOARTHRITIS OF HIP","ARTHRITIS"
"CRP","M169","OSTEOARTHRITIS OF HIP, UNSPECIFIED","ARTHRITIS"
"CRP","M170","BILATERAL PRIMARY OSTEOARTHRITIS OF KNEE","ARTHRITIS"
"CRP","M1710","UNILATERAL PRIMARY OSTEOARTHRITIS, UNSPECIFIED KNEE","ARTHRITIS"
"CRP","M1711","UNILATERAL PRIMARY OSTEOARTHRITIS, RIGHT KNEE","ARTHRITIS"
"CRP","M1712","UNILATERAL PRIMARY OSTEOARTHRITIS, LEFT KNEE","ARTHRITIS"
"CRP","M172","BILATERAL POST-TRAUMATIC OSTEOARTHRITIS OF KNEE","ARTHRITIS; TRAUMA"
"CRP","M1730","UNILATERAL POST-TRAUMATIC OSTEOARTHRITIS, UNSPECIFIED KNEE","ARTHRITIS; TRAUMA"
"CRP","M1731","UNILATERAL POST-TRAUMATIC OSTEOARTHRITIS, RIGHT KNEE","ARTHRITIS; TRAUMA"
"CRP","M1732","UNILATERAL POST-TRAUMATIC OSTEOARTHRITIS, LEFT KNEE","ARTHRITIS; TRAUMA"
"CRP","M174","OTHER BILATERAL SECONDARY OSTEOARTHRITIS OF KNEE","ARTHRITIS"
"CRP","M175","OTHER UNILATERAL SECONDARY OSTEOARTHRITIS OF KNEE","ARTHRITIS"
"CRP","M179","OSTEOARTHRITIS OF KNEE, UNSPECIFIED","ARTHRITIS"
"CRP","M180","BILATERAL PRIMARY OSTEOARTHRITIS OF FIRST CARPOMETACARPAL JOINTS","ARTHRITIS"
"CRP","M1810","UNILATERAL PRIMARY OSTEOARTHRITIS OF FIRST CARPOMETACARPAL JOINT, UNSPECIFIED HAND","ARTHRITIS"
"CRP","M1811","UNILATERAL PRIMARY OSTEOARTHRITIS OF FIRST CARPOMETACARPAL JOINT, RIGHT HAND","ARTHRITIS"
"CRP","M1812","UNILATERAL PRIMARY OSTEOARTHRITIS OF FIRST CARPOMETACARPAL JOINT, LEFT HAND","ARTHRITIS"
"CRP","M182","BILATERAL POST-TRAUMATIC OSTEOARTHRITIS OF FIRST CARPOMETACARPAL JOINTS","ARTHRITIS; TRAUMA"
"CRP","M1830","UNILATERAL POST-TRAUMATIC OSTEOARTHRITIS OF FIRST CARPOMETACARPAL JOINT, UNSPECIFIED HAND","ARTHRITIS; TRAUMA"
"CRP","M1831","UNILATERAL POST-TRAUMATIC OSTEOARTHRITIS OF FIRST CARPOMETACARPAL JOINT, RIGHT HAND","ARTHRITIS; TRAUMA"
"CRP","M1832","UNILATERAL POST-TRAUMATIC OSTEOARTHRITIS OF FIRST CARPOMETACARPAL JOINT, LEFT HAND","ARTHRITIS; TRAUMA"
"CRP","M184","OTHER BILATERAL SECONDARY OSTEOARTHRITIS OF FIRST CARPOMETACARPAL JOINTS","ARTHRITIS"
"CRP","M1850","OTHER UNILATERAL SECONDARY OSTEOARTHRITIS OF FIRST CARPOMETACARPAL JOINT, UNSPECIFIED HAND","ARTHRITIS"
"CRP","M1851","OTHER UNILATERAL SECONDARY OSTEOARTHRITIS OF FIRST CARPOMETACARPAL JOINT, RIGHT HAND","ARTHRITIS"
"CRP","M1852","OTHER UNILATERAL SECONDARY OSTEOARTHRITIS OF FIRST CARPOMETACARPAL JOINT, LEFT HAND","ARTHRITIS"
"CRP","M189","OSTEOARTHRITIS OF FIRST CARPOMETACARPAL JOINT, UNSPECIFIED","ARTHRITIS"
"CRP","M19011","PRIMARY OSTEOARTHRITIS, RIGHT SHOULDER","ARTHRITIS"
"CRP","M19012","PRIMARY OSTEOARTHRITIS, LEFT SHOULDER","ARTHRITIS"
"CRP","M19019","PRIMARY OSTEOARTHRITIS, UNSPECIFIED SHOULDER","ARTHRITIS"
"CRP","M19021","PRIMARY OSTEOARTHRITIS, RIGHT ELBOW","ARTHRITIS"
"CRP","M19022","PRIMARY OSTEOARTHRITIS, LEFT ELBOW","ARTHRITIS"
"CRP","M19029","PRIMARY OSTEOARTHRITIS, UNSPECIFIED ELBOW","ARTHRITIS"
"CRP","M19031","PRIMARY OSTEOARTHRITIS, RIGHT WRIST","ARTHRITIS"
"CRP","M19032","PRIMARY OSTEOARTHRITIS, LEFT WRIST","ARTHRITIS"
"CRP","M19039","PRIMARY OSTEOARTHRITIS, UNSPECIFIED WRIST","ARTHRITIS"
"CRP","M19041","PRIMARY OSTEOARTHRITIS, RIGHT HAND","ARTHRITIS"
"CRP","M19042","PRIMARY OSTEOARTHRITIS, LEFT HAND","ARTHRITIS"
"CRP","M19049","PRIMARY OSTEOARTHRITIS, UNSPECIFIED HAND","ARTHRITIS"
"CRP","M19071","PRIMARY OSTEOARTHRITIS, RIGHT ANKLE AND FOOT","ARTHRITIS"
"CRP","M19072","PRIMARY OSTEOARTHRITIS, LEFT ANKLE AND FOOT","ARTHRITIS"
"CRP","M19079","PRIMARY OSTEOARTHRITIS, UNSPECIFIED ANKLE AND FOOT","ARTHRITIS"
"CRP","M1909","PRIMARY OSTEOARTHRITIS, OTHER SPECIFIED SITE","ARTHRITIS"
"CRP","M19111","POST-TRAUMATIC OSTEOARTHRITIS, RIGHT SHOULDER","ARTHRITIS; TRAUMA"
"CRP","M19112","POST-TRAUMATIC OSTEOARTHRITIS, LEFT SHOULDER","ARTHRITIS; TRAUMA"
"CRP","M19119","POST-TRAUMATIC OSTEOARTHRITIS, UNSPECIFIED SHOULDER","ARTHRITIS; TRAUMA"
"CRP","M19121","POST-TRAUMATIC OSTEOARTHRITIS, RIGHT ELBOW","ARTHRITIS; TRAUMA"
"CRP","M19122","POST-TRAUMATIC OSTEOARTHRITIS, LEFT ELBOW","ARTHRITIS; TRAUMA"
"CRP","M19129","POST-TRAUMATIC OSTEOARTHRITIS, UNSPECIFIED ELBOW","ARTHRITIS; TRAUMA"
"CRP","M19131","POST-TRAUMATIC OSTEOARTHRITIS, RIGHT WRIST","ARTHRITIS; TRAUMA"
"CRP","M19132","POST-TRAUMATIC OSTEOARTHRITIS, LEFT WRIST","ARTHRITIS; TRAUMA"
"CRP","M19139","POST-TRAUMATIC OSTEOARTHRITIS, UNSPECIFIED WRIST","ARTHRITIS; TRAUMA"
"CRP","M19141","POST-TRAUMATIC OSTEOARTHRITIS, RIGHT HAND","ARTHRITIS; TRAUMA"
"CRP","M19142","POST-TRAUMATIC OSTEOARTHRITIS, LEFT HAND","ARTHRITIS; TRAUMA"
"CRP","M19149","POST-TRAUMATIC OSTEOARTHRITIS, UNSPECIFIED HAND","ARTHRITIS; TRAUMA"
"CRP","M19171","POST-TRAUMATIC OSTEOARTHRITIS, RIGHT ANKLE AND FOOT","ARTHRITIS; TRAUMA"
"CRP","M19172","POST-TRAUMATIC OSTEOARTHRITIS, LEFT ANKLE AND FOOT","ARTHRITIS; TRAUMA"
"CRP","M19179","POST-TRAUMATIC OSTEOARTHRITIS, UNSPECIFIED ANKLE AND FOOT","ARTHRITIS; TRAUMA"
"CRP","M1919","POST-TRAUMATIC OSTEOARTHRITIS, OTHER SPECIFIED SITE","ARTHRITIS; TRAUMA"
"CRP","M19211","SECONDARY OSTEOARTHRITIS, RIGHT SHOULDER","ARTHRITIS"
"CRP","M19212","SECONDARY OSTEOARTHRITIS, LEFT SHOULDER","ARTHRITIS"
"CRP","M19219","SECONDARY OSTEOARTHRITIS, UNSPECIFIED SHOULDER","ARTHRITIS"
"CRP","M19221","SECONDARY OSTEOARTHRITIS, RIGHT ELBOW","ARTHRITIS"
"CRP","M19222","SECONDARY OSTEOARTHRITIS, LEFT ELBOW","ARTHRITIS"
"CRP","M19229","SECONDARY OSTEOARTHRITIS, UNSPECIFIED ELBOW","ARTHRITIS"
"CRP","M19231","SECONDARY OSTEOARTHRITIS, RIGHT WRIST","ARTHRITIS"
"CRP","M19232","SECONDARY OSTEOARTHRITIS, LEFT WRIST","ARTHRITIS"
"CRP","M19239","SECONDARY OSTEOARTHRITIS, UNSPECIFIED WRIST","ARTHRITIS"
"CRP","M19241","SECONDARY OSTEOARTHRITIS, RIGHT HAND","ARTHRITIS"
"CRP","M19242","SECONDARY OSTEOARTHRITIS, LEFT HAND","ARTHRITIS"
"CRP","M19249","SECONDARY OSTEOARTHRITIS, UNSPECIFIED HAND","ARTHRITIS"
"CRP","M19271","SECONDARY OSTEOARTHRITIS, RIGHT ANKLE AND FOOT","ARTHRITIS"
"CRP","M19272","SECONDARY OSTEOARTHRITIS, LEFT ANKLE AND FOOT","ARTHRITIS"
"CRP","M19279","SECONDARY OSTEOARTHRITIS, UNSPECIFIED ANKLE AND FOOT","ARTHRITIS"
"CRP","M1929","SECONDARY OSTEOARTHRITIS, OTHER SPECIFIED SITE","ARTHRITIS"
"CRP","M1990","UNSPECIFIED OSTEOARTHRITIS, UNSPECIFIED SITE","ARTHRITIS"
"CRP","M1991","PRIMARY OSTEOARTHRITIS, UNSPECIFIED SITE","ARTHRITIS"
"CRP","M1992","POST-TRAUMATIC OSTEOARTHRITIS, UNSPECIFIED SITE","ARTHRITIS; TRAUMA"
"CRP","M1993","SECONDARY OSTEOARTHRITIS, UNSPECIFIED SITE","ARTHRITIS"
"CRP","M26641","ARTHRITIS OF RIGHT TEMPOROMANDIBULAR JOINT","ARTHRITIS"
"CRP","M26642","ARTHRITIS OF LEFT TEMPOROMANDIBULAR JOINT","ARTHRITIS"
"CRP","M26643","ARTHRITIS OF BILATERAL TEMPOROMANDIBULAR JOINT","ARTHRITIS"
"CRP","M26649","ARTHRITIS OF UNSPECIFIED TEMPOROMANDIBULAR JOINT","ARTHRITIS"
"CRP","M315","GIANT CELL ARTERITIS WITH POLYMYALGIA RHEUMATICA","GIANT.*CELL.*ARTERITIS; POLYMYALGIA.*RHEUMATICA"
"CRP","M316","OTHER GIANT CELL ARTERITIS","GIANT.*CELL.*ARTERITIS"
"CRP","M320","DRUG-INDUCED SYSTEMIC LUPUS ERYTHEMATOSUS","LUPUS; LUPUS.*ERYTHEMATOSUS"
"CRP","M3210","SYSTEMIC LUPUS ERYTHEMATOSUS, ORGAN OR SYSTEM INVOLVEMENT UNSPECIFIED","LUPUS; LUPUS.*ERYTHEMATOSUS"
"CRP","M3211","ENDOCARDITIS IN SYSTEMIC LUPUS ERYTHEMATOSUS","LUPUS; ENDOCARDITIS; LUPUS.*ERYTHEMATOSUS"
"CRP","M3212","PERICARDITIS IN SYSTEMIC LUPUS ERYTHEMATOSUS","LUPUS; PERICARDITIS; LUPUS.*ERYTHEMATOSUS"
"CRP","M3213","LUNG INVOLVEMENT IN SYSTEMIC LUPUS ERYTHEMATOSUS","LUPUS; LUPUS.*ERYTHEMATOSUS"
"CRP","M3214","GLOMERULAR DISEASE IN SYSTEMIC LUPUS ERYTHEMATOSUS","LUPUS; LUPUS.*ERYTHEMATOSUS"
"CRP","M3215","TUBULO-INTERSTITIAL NEPHROPATHY IN SYSTEMIC LUPUS ERYTHEMATOSUS","LUPUS; LUPUS.*ERYTHEMATOSUS"
"CRP","M3219","OTHER ORGAN OR SYSTEM INVOLVEMENT IN SYSTEMIC LUPUS ERYTHEMATOSUS","LUPUS; LUPUS.*ERYTHEMATOSUS"
"CRP","M328","OTHER FORMS OF SYSTEMIC LUPUS ERYTHEMATOSUS","LUPUS; LUPUS.*ERYTHEMATOSUS"
"CRP","M329","SYSTEMIC LUPUS ERYTHEMATOSUS, UNSPECIFIED","LUPUS; LUPUS.*ERYTHEMATOSUS"
"CRP","M3505","SJOGREN SYNDROME WITH INFLAMMATORY ARTHRITIS","ARTHRITIS; INFLAMMATORY.*ARTHRITIS"
"CRP","M350B","SJOGREN SYNDROME WITH VASCULITIS","VASCULITIS"
"CRP","M353","POLYMYALGIA RHEUMATICA","POLYMYALGIA.*RHEUMATICA"
"CRP","M450","ANKYLOSING SPONDYLITIS OF MULTIPLE SITES IN SPINE","ANKYLOSING.*SPONDYLITIS"
"CRP","M451","ANKYLOSING SPONDYLITIS OF OCCIPITO-ATLANTO-AXIAL REGION","ANKYLOSING.*SPONDYLITIS"
"CRP","M452","ANKYLOSING SPONDYLITIS OF CERVICAL REGION","ANKYLOSING.*SPONDYLITIS"
"CRP","M453","ANKYLOSING SPONDYLITIS OF CERVICOTHORACIC REGION","ANKYLOSING.*SPONDYLITIS"
"CRP","M454","ANKYLOSING SPONDYLITIS OF THORACIC REGION","ANKYLOSING.*SPONDYLITIS"
"CRP","M455","ANKYLOSING SPONDYLITIS OF THORACOLUMBAR REGION","ANKYLOSING.*SPONDYLITIS"
"CRP","M456","ANKYLOSING SPONDYLITIS LUMBAR REGION","ANKYLOSING.*SPONDYLITIS"
"CRP","M457","ANKYLOSING SPONDYLITIS OF LUMBOSACRAL REGION","ANKYLOSING.*SPONDYLITIS"
"CRP","M458","ANKYLOSING SPONDYLITIS SACRAL AND SACROCOCCYGEAL REGION","ANKYLOSING.*SPONDYLITIS"
"CRP","M459","ANKYLOSING SPONDYLITIS OF UNSPECIFIED SITES IN SPINE","ANKYLOSING.*SPONDYLITIS"
"CRP","M45A0","NON-RADIOGRAPHIC AXIAL SPONDYLOARTHRITIS OF UNSPECIFIED SITES IN SPINE","ARTHRITIS"
"CRP","M45A1","NON-RADIOGRAPHIC AXIAL SPONDYLOARTHRITIS OF OCCIPITO-ATLANTO-AXIAL REGION","ARTHRITIS"
"CRP","M45A2","NON-RADIOGRAPHIC AXIAL SPONDYLOARTHRITIS OF CERVICAL REGION","ARTHRITIS"
"CRP","M45A3","NON-RADIOGRAPHIC AXIAL SPONDYLOARTHRITIS OF CERVICOTHORACIC REGION","ARTHRITIS"
"CRP","M45A4","NON-RADIOGRAPHIC AXIAL SPONDYLOARTHRITIS OF THORACIC REGION","ARTHRITIS"
"CRP","M45A5","NON-RADIOGRAPHIC AXIAL SPONDYLOARTHRITIS OF THORACOLUMBAR REGION","ARTHRITIS"
"CRP","M45A6","NON-RADIOGRAPHIC AXIAL SPONDYLOARTHRITIS OF LUMBAR REGION","ARTHRITIS"
"CRP","M45A7","NON-RADIOGRAPHIC AXIAL SPONDYLOARTHRITIS OF LUMBOSACRAL REGION","ARTHRITIS"
"CRP","M45A8","NON-RADIOGRAPHIC AXIAL SPONDYLOARTHRITIS OF SACRAL AND SACROCOCCYGEAL REGION","ARTHRITIS"
"CRP","M45AB","NON-RADIOGRAPHIC AXIAL SPONDYLOARTHRITIS OF MULTIPLE SITES IN SPINE","ARTHRITIS"
"CRP","M4620","OSTEOMYELITIS OF VERTEBRA, SITE UNSPECIFIED","OSTEOMYELITIS"
"CRP","M4621","OSTEOMYELITIS OF VERTEBRA, OCCIPITO-ATLANTO-AXIAL REGION","OSTEOMYELITIS"
"CRP","M4622","OSTEOMYELITIS OF VERTEBRA, CERVICAL REGION","OSTEOMYELITIS"
"CRP","M4623","OSTEOMYELITIS OF VERTEBRA, CERVICOTHORACIC REGION","OSTEOMYELITIS"
"CRP","M4624","OSTEOMYELITIS OF VERTEBRA, THORACIC REGION","OSTEOMYELITIS"
"CRP","M4625","OSTEOMYELITIS OF VERTEBRA, THORACOLUMBAR REGION","OSTEOMYELITIS"
"CRP","M4626","OSTEOMYELITIS OF VERTEBRA, LUMBAR REGION","OSTEOMYELITIS"
"CRP","M4627","OSTEOMYELITIS OF VERTEBRA, LUMBOSACRAL REGION","OSTEOMYELITIS"
"CRP","M4628","OSTEOMYELITIS OF VERTEBRA, SACRAL AND SACROCOCCYGEAL REGION","OSTEOMYELITIS"
"CRP","M4630","INFECTION OF INTERVERTEBRAL DISC (PYOGENIC), SITE UNSPECIFIED","INFECTION"
"CRP","M4631","INFECTION OF INTERVERTEBRAL DISC (PYOGENIC), OCCIPITO-ATLANTO-AXIAL REGION","INFECTION"
"CRP","M4632","INFECTION OF INTERVERTEBRAL DISC (PYOGENIC), CERVICAL REGION","INFECTION"
"CRP","M4633","INFECTION OF INTERVERTEBRAL DISC (PYOGENIC), CERVICOTHORACIC REGION","INFECTION"
"CRP","M4634","INFECTION OF INTERVERTEBRAL DISC (PYOGENIC), THORACIC REGION","INFECTION"
"CRP","M4635","INFECTION OF INTERVERTEBRAL DISC (PYOGENIC), THORACOLUMBAR REGION","INFECTION"
"CRP","M4636","INFECTION OF INTERVERTEBRAL DISC (PYOGENIC), LUMBAR REGION","INFECTION"
"CRP","M4637","INFECTION OF INTERVERTEBRAL DISC (PYOGENIC), LUMBOSACRAL REGION","INFECTION"
"CRP","M4638","INFECTION OF INTERVERTEBRAL DISC (PYOGENIC), SACRAL AND SACROCOCCYGEAL REGION","INFECTION"
"CRP","M4639","INFECTION OF INTERVERTEBRAL DISC (PYOGENIC), MULTIPLE SITES IN SPINE","INFECTION"
"CRP","M4830","TRAUMATIC SPONDYLOPATHY, SITE UNSPECIFIED","TRAUMA"
"CRP","M4831","TRAUMATIC SPONDYLOPATHY, OCCIPITO-ATLANTO-AXIAL REGION","TRAUMA"
"CRP","M4832","TRAUMATIC SPONDYLOPATHY, CERVICAL REGION","TRAUMA"
"CRP","M4833","TRAUMATIC SPONDYLOPATHY, CERVICOTHORACIC REGION","TRAUMA"
"CRP","M4834","TRAUMATIC SPONDYLOPATHY, THORACIC REGION","TRAUMA"
"CRP","M4835","TRAUMATIC SPONDYLOPATHY, THORACOLUMBAR REGION","TRAUMA"
"CRP","M4836","TRAUMATIC SPONDYLOPATHY, LUMBAR REGION","TRAUMA"
"CRP","M4837","TRAUMATIC SPONDYLOPATHY, LUMBOSACRAL REGION","TRAUMA"
"CRP","M4838","TRAUMATIC SPONDYLOPATHY, SACRAL AND SACROCOCCYGEAL REGION","TRAUMA"
"CRP","M6100","MYOSITIS OSSIFICANS TRAUMATICA, UNSPECIFIED SITE","TRAUMA"
"CRP","M61011","MYOSITIS OSSIFICANS TRAUMATICA, RIGHT SHOULDER","TRAUMA"
"CRP","M61012","MYOSITIS OSSIFICANS TRAUMATICA, LEFT SHOULDER","TRAUMA"
"CRP","M61019","MYOSITIS OSSIFICANS TRAUMATICA, UNSPECIFIED SHOULDER","TRAUMA"
"CRP","M61021","MYOSITIS OSSIFICANS TRAUMATICA, RIGHT UPPER ARM","TRAUMA"
"CRP","M61022","MYOSITIS OSSIFICANS TRAUMATICA, LEFT UPPER ARM","TRAUMA"
"CRP","M61029","MYOSITIS OSSIFICANS TRAUMATICA, UNSPECIFIED UPPER ARM","TRAUMA"
"CRP","M61031","MYOSITIS OSSIFICANS TRAUMATICA, RIGHT FOREARM","TRAUMA"
"CRP","M61032","MYOSITIS OSSIFICANS TRAUMATICA, LEFT FOREARM","TRAUMA"
"CRP","M61039","MYOSITIS OSSIFICANS TRAUMATICA, UNSPECIFIED FOREARM","TRAUMA"
"CRP","M61041","MYOSITIS OSSIFICANS TRAUMATICA, RIGHT HAND","TRAUMA"
"CRP","M61042","MYOSITIS OSSIFICANS TRAUMATICA, LEFT HAND","TRAUMA"
"CRP","M61049","MYOSITIS OSSIFICANS TRAUMATICA, UNSPECIFIED HAND","TRAUMA"
"CRP","M61051","MYOSITIS OSSIFICANS TRAUMATICA, RIGHT THIGH","TRAUMA"
"CRP","M61052","MYOSITIS OSSIFICANS TRAUMATICA, LEFT THIGH","TRAUMA"
"CRP","M61059","MYOSITIS OSSIFICANS TRAUMATICA, UNSPECIFIED THIGH","TRAUMA"
"CRP","M61061","MYOSITIS OSSIFICANS TRAUMATICA, RIGHT LOWER LEG","TRAUMA"
"CRP","M61062","MYOSITIS OSSIFICANS TRAUMATICA, LEFT LOWER LEG","TRAUMA"
"CRP","M61069","MYOSITIS OSSIFICANS TRAUMATICA, UNSPECIFIED LOWER LEG","TRAUMA"
"CRP","M61071","MYOSITIS OSSIFICANS TRAUMATICA, RIGHT ANKLE AND FOOT","TRAUMA"
"CRP","M61072","MYOSITIS OSSIFICANS TRAUMATICA, LEFT ANKLE AND FOOT","TRAUMA"
"CRP","M61079","MYOSITIS OSSIFICANS TRAUMATICA, UNSPECIFIED ANKLE AND FOOT","TRAUMA"
"CRP","M6108","MYOSITIS OSSIFICANS TRAUMATICA, OTHER SITE","TRAUMA"
"CRP","M6109","MYOSITIS OSSIFICANS TRAUMATICA, MULTIPLE SITES","TRAUMA"
"CRP","M6200","SEPARATION OF MUSCLE (NONTRAUMATIC), UNSPECIFIED SITE","TRAUMA"
"CRP","M62011","SEPARATION OF MUSCLE (NONTRAUMATIC), RIGHT SHOULDER","TRAUMA"
"CRP","M62012","SEPARATION OF MUSCLE (NONTRAUMATIC), LEFT SHOULDER","TRAUMA"
"CRP","M62019","SEPARATION OF MUSCLE (NONTRAUMATIC), UNSPECIFIED SHOULDER","TRAUMA"
"CRP","M62021","SEPARATION OF MUSCLE (NONTRAUMATIC), RIGHT UPPER ARM","TRAUMA"
"CRP","M62022","SEPARATION OF MUSCLE (NONTRAUMATIC), LEFT UPPER ARM","TRAUMA"
"CRP","M62029","SEPARATION OF MUSCLE (NONTRAUMATIC), UNSPECIFIED UPPER ARM","TRAUMA"
"CRP","M62031","SEPARATION OF MUSCLE (NONTRAUMATIC), RIGHT FOREARM","TRAUMA"
"CRP","M62032","SEPARATION OF MUSCLE (NONTRAUMATIC), LEFT FOREARM","TRAUMA"
"CRP","M62039","SEPARATION OF MUSCLE (NONTRAUMATIC), UNSPECIFIED FOREARM","TRAUMA"
"CRP","M62041","SEPARATION OF MUSCLE (NONTRAUMATIC), RIGHT HAND","TRAUMA"
"CRP","M62042","SEPARATION OF MUSCLE (NONTRAUMATIC), LEFT HAND","TRAUMA"
"CRP","M62049","SEPARATION OF MUSCLE (NONTRAUMATIC), UNSPECIFIED HAND","TRAUMA"
"CRP","M62051","SEPARATION OF MUSCLE (NONTRAUMATIC), RIGHT THIGH","TRAUMA"
"CRP","M62052","SEPARATION OF MUSCLE (NONTRAUMATIC), LEFT THIGH","TRAUMA"
"CRP","M62059","SEPARATION OF MUSCLE (NONTRAUMATIC), UNSPECIFIED THIGH","TRAUMA"
"CRP","M62061","SEPARATION OF MUSCLE (NONTRAUMATIC), RIGHT LOWER LEG","TRAUMA"
"CRP","M62062","SEPARATION OF MUSCLE (NONTRAUMATIC), LEFT LOWER LEG","TRAUMA"
"CRP","M62069","SEPARATION OF MUSCLE (NONTRAUMATIC), UNSPECIFIED LOWER LEG","TRAUMA"
"CRP","M62071","SEPARATION OF MUSCLE (NONTRAUMATIC), RIGHT ANKLE AND FOOT","TRAUMA"
"CRP","M62072","SEPARATION OF MUSCLE (NONTRAUMATIC), LEFT ANKLE AND FOOT","TRAUMA"
"CRP","M62079","SEPARATION OF MUSCLE (NONTRAUMATIC), UNSPECIFIED ANKLE AND FOOT","TRAUMA"
"CRP","M6208","SEPARATION OF MUSCLE (NONTRAUMATIC), OTHER SITE","TRAUMA"
"CRP","M6210","OTHER RUPTURE OF MUSCLE (NONTRAUMATIC), UNSPECIFIED SITE","TRAUMA"
"CRP","M62111","OTHER RUPTURE OF MUSCLE (NONTRAUMATIC), RIGHT SHOULDER","TRAUMA"
"CRP","M62112","OTHER RUPTURE OF MUSCLE (NONTRAUMATIC), LEFT SHOULDER","TRAUMA"
"CRP","M62119","OTHER RUPTURE OF MUSCLE (NONTRAUMATIC), UNSPECIFIED SHOULDER","TRAUMA"
"CRP","M62121","OTHER RUPTURE OF MUSCLE (NONTRAUMATIC), RIGHT UPPER ARM","TRAUMA"
"CRP","M62122","OTHER RUPTURE OF MUSCLE (NONTRAUMATIC), LEFT UPPER ARM","TRAUMA"
"CRP","M62129","OTHER RUPTURE OF MUSCLE (NONTRAUMATIC), UNSPECIFIED UPPER ARM","TRAUMA"
"CRP","M62131","OTHER RUPTURE OF MUSCLE (NONTRAUMATIC), RIGHT FOREARM","TRAUMA"
"CRP","M62132","OTHER RUPTURE OF MUSCLE (NONTRAUMATIC), LEFT FOREARM","TRAUMA"
"CRP","M62139","OTHER RUPTURE OF MUSCLE (NONTRAUMATIC), UNSPECIFIED FOREARM","TRAUMA"
"CRP","M62141","OTHER RUPTURE OF MUSCLE (NONTRAUMATIC), RIGHT HAND","TRAUMA"
"CRP","M62142","OTHER RUPTURE OF MUSCLE (NONTRAUMATIC), LEFT HAND","TRAUMA"
"CRP","M62149","OTHER RUPTURE OF MUSCLE (NONTRAUMATIC), UNSPECIFIED HAND","TRAUMA"
"CRP","M62151","OTHER RUPTURE OF MUSCLE (NONTRAUMATIC), RIGHT THIGH","TRAUMA"
"CRP","M62152","OTHER RUPTURE OF MUSCLE (NONTRAUMATIC), LEFT THIGH","TRAUMA"
"CRP","M62159","OTHER RUPTURE OF MUSCLE (NONTRAUMATIC), UNSPECIFIED THIGH","TRAUMA"
"CRP","M62161","OTHER RUPTURE OF MUSCLE (NONTRAUMATIC), RIGHT LOWER LEG","TRAUMA"
"CRP","M62162","OTHER RUPTURE OF MUSCLE (NONTRAUMATIC), LEFT LOWER LEG","TRAUMA"
"CRP","M62169","OTHER RUPTURE OF MUSCLE (NONTRAUMATIC), UNSPECIFIED LOWER LEG","TRAUMA"
"CRP","M62171","OTHER RUPTURE OF MUSCLE (NONTRAUMATIC), RIGHT ANKLE AND FOOT","TRAUMA"
"CRP","M62172","OTHER RUPTURE OF MUSCLE (NONTRAUMATIC), LEFT ANKLE AND FOOT","TRAUMA"
"CRP","M62179","OTHER RUPTURE OF MUSCLE (NONTRAUMATIC), UNSPECIFIED ANKLE AND FOOT","TRAUMA"
"CRP","M6218","OTHER RUPTURE OF MUSCLE (NONTRAUMATIC), OTHER SITE","TRAUMA"
"CRP","M6220","NONTRAUMATIC ISCHEMIC INFARCTION OF MUSCLE, UNSPECIFIED SITE","TRAUMA"
"CRP","M62211","NONTRAUMATIC ISCHEMIC INFARCTION OF MUSCLE, RIGHT SHOULDER","TRAUMA"
"CRP","M62212","NONTRAUMATIC ISCHEMIC INFARCTION OF MUSCLE, LEFT SHOULDER","TRAUMA"
"CRP","M62219","NONTRAUMATIC ISCHEMIC INFARCTION OF MUSCLE, UNSPECIFIED SHOULDER","TRAUMA"
"CRP","M62221","NONTRAUMATIC ISCHEMIC INFARCTION OF MUSCLE, RIGHT UPPER ARM","TRAUMA"
"CRP","M62222","NONTRAUMATIC ISCHEMIC INFARCTION OF MUSCLE, LEFT UPPER ARM","TRAUMA"
"CRP","M62229","NONTRAUMATIC ISCHEMIC INFARCTION OF MUSCLE, UNSPECIFIED UPPER ARM","TRAUMA"
"CRP","M62231","NONTRAUMATIC ISCHEMIC INFARCTION OF MUSCLE, RIGHT FOREARM","TRAUMA"
"CRP","M62232","NONTRAUMATIC ISCHEMIC INFARCTION OF MUSCLE, LEFT FOREARM","TRAUMA"
"CRP","M62239","NONTRAUMATIC ISCHEMIC INFARCTION OF MUSCLE, UNSPECIFIED FOREARM","TRAUMA"
"CRP","M62241","NONTRAUMATIC ISCHEMIC INFARCTION OF MUSCLE, RIGHT HAND","TRAUMA"
"CRP","M62242","NONTRAUMATIC ISCHEMIC INFARCTION OF MUSCLE, LEFT HAND","TRAUMA"
"CRP","M62249","NONTRAUMATIC ISCHEMIC INFARCTION OF MUSCLE, UNSPECIFIED HAND","TRAUMA"
"CRP","M62251","NONTRAUMATIC ISCHEMIC INFARCTION OF MUSCLE, RIGHT THIGH","TRAUMA"
"CRP","M62252","NONTRAUMATIC ISCHEMIC INFARCTION OF MUSCLE, LEFT THIGH","TRAUMA"
"CRP","M62259","NONTRAUMATIC ISCHEMIC INFARCTION OF MUSCLE, UNSPECIFIED THIGH","TRAUMA"
"CRP","M62261","NONTRAUMATIC ISCHEMIC INFARCTION OF MUSCLE, RIGHT LOWER LEG","TRAUMA"
"CRP","M62262","NONTRAUMATIC ISCHEMIC INFARCTION OF MUSCLE, LEFT LOWER LEG","TRAUMA"
"CRP","M62269","NONTRAUMATIC ISCHEMIC INFARCTION OF MUSCLE, UNSPECIFIED LOWER LEG","TRAUMA"
"CRP","M62271","NONTRAUMATIC ISCHEMIC INFARCTION OF MUSCLE, RIGHT ANKLE AND FOOT","TRAUMA"
"CRP","M62272","NONTRAUMATIC ISCHEMIC INFARCTION OF MUSCLE, LEFT ANKLE AND FOOT","TRAUMA"
"CRP","M62279","NONTRAUMATIC ISCHEMIC INFARCTION OF MUSCLE, UNSPECIFIED ANKLE AND FOOT","TRAUMA"
"CRP","M6228","NONTRAUMATIC ISCHEMIC INFARCTION OF MUSCLE, OTHER SITE","TRAUMA"
"CRP","M75100","UNSPECIFIED ROTATOR CUFF TEAR OR RUPTURE OF UNSPECIFIED SHOULDER, NOT SPECIFIED AS TRAUMATIC","TRAUMA"
"CRP","M75101","UNSPECIFIED ROTATOR CUFF TEAR OR RUPTURE OF RIGHT SHOULDER, NOT SPECIFIED AS TRAUMATIC","TRAUMA"
"CRP","M75102","UNSPECIFIED ROTATOR CUFF TEAR OR RUPTURE OF LEFT SHOULDER, NOT SPECIFIED AS TRAUMATIC","TRAUMA"
"CRP","M75110","INCOMPLETE ROTATOR CUFF TEAR OR RUPTURE OF UNSPECIFIED SHOULDER, NOT SPECIFIED AS TRAUMATIC","TRAUMA"
"CRP","M75111","INCOMPLETE ROTATOR CUFF TEAR OR RUPTURE OF RIGHT SHOULDER, NOT SPECIFIED AS TRAUMATIC","TRAUMA"
"CRP","M75112","INCOMPLETE ROTATOR CUFF TEAR OR RUPTURE OF LEFT SHOULDER, NOT SPECIFIED AS TRAUMATIC","TRAUMA"
"CRP","M75120","COMPLETE ROTATOR CUFF TEAR OR RUPTURE OF UNSPECIFIED SHOULDER, NOT SPECIFIED AS TRAUMATIC","TRAUMA"
"CRP","M75121","COMPLETE ROTATOR CUFF TEAR OR RUPTURE OF RIGHT SHOULDER, NOT SPECIFIED AS TRAUMATIC","TRAUMA"
"CRP","M75122","COMPLETE ROTATOR CUFF TEAR OR RUPTURE OF LEFT SHOULDER, NOT SPECIFIED AS TRAUMATIC","TRAUMA"
"CRP","M7720","PERIARTHRITIS, UNSPECIFIED WRIST","ARTHRITIS"
"CRP","M7721","PERIARTHRITIS, RIGHT WRIST","ARTHRITIS"
"CRP","M7722","PERIARTHRITIS, LEFT WRIST","ARTHRITIS"
"CRP","M7981","NONTRAUMATIC HEMATOMA OF SOFT TISSUE","TRAUMA"
"CRP","M79A11","NONTRAUMATIC COMPARTMENT SYNDROME OF RIGHT UPPER EXTREMITY","TRAUMA"
"CRP","M79A12","NONTRAUMATIC COMPARTMENT SYNDROME OF LEFT UPPER EXTREMITY","TRAUMA"
"CRP","M79A19","NONTRAUMATIC COMPARTMENT SYNDROME OF UNSPECIFIED UPPER EXTREMITY","TRAUMA"
"CRP","M79A21","NONTRAUMATIC COMPARTMENT SYNDROME OF RIGHT LOWER EXTREMITY","TRAUMA"
"CRP","M79A22","NONTRAUMATIC COMPARTMENT SYNDROME OF LEFT LOWER EXTREMITY","TRAUMA"
"CRP","M79A29","NONTRAUMATIC COMPARTMENT SYNDROME OF UNSPECIFIED LOWER EXTREMITY","TRAUMA"
"CRP","M79A3","NONTRAUMATIC COMPARTMENT SYNDROME OF ABDOMEN","TRAUMA"
"CRP","M79A9","NONTRAUMATIC COMPARTMENT SYNDROME OF OTHER SITES","TRAUMA"
"CRP","M8600","ACUTE HEMATOGENOUS OSTEOMYELITIS, UNSPECIFIED SITE","OSTEOMYELITIS"
"CRP","M86011","ACUTE HEMATOGENOUS OSTEOMYELITIS, RIGHT SHOULDER","OSTEOMYELITIS"
"CRP","M86012","ACUTE HEMATOGENOUS OSTEOMYELITIS, LEFT SHOULDER","OSTEOMYELITIS"
"CRP","M86019","ACUTE HEMATOGENOUS OSTEOMYELITIS, UNSPECIFIED SHOULDER","OSTEOMYELITIS"
"CRP","M86021","ACUTE HEMATOGENOUS OSTEOMYELITIS, RIGHT HUMERUS","OSTEOMYELITIS"
"CRP","M86022","ACUTE HEMATOGENOUS OSTEOMYELITIS, LEFT HUMERUS","OSTEOMYELITIS"
"CRP","M86029","ACUTE HEMATOGENOUS OSTEOMYELITIS, UNSPECIFIED HUMERUS","OSTEOMYELITIS"
"CRP","M86031","ACUTE HEMATOGENOUS OSTEOMYELITIS, RIGHT RADIUS AND ULNA","OSTEOMYELITIS"
"CRP","M86032","ACUTE HEMATOGENOUS OSTEOMYELITIS, LEFT RADIUS AND ULNA","OSTEOMYELITIS"
"CRP","M86039","ACUTE HEMATOGENOUS OSTEOMYELITIS, UNSPECIFIED RADIUS AND ULNA","OSTEOMYELITIS"
"CRP","M86041","ACUTE HEMATOGENOUS OSTEOMYELITIS, RIGHT HAND","OSTEOMYELITIS"
"CRP","M86042","ACUTE HEMATOGENOUS OSTEOMYELITIS, LEFT HAND","OSTEOMYELITIS"
"CRP","M86049","ACUTE HEMATOGENOUS OSTEOMYELITIS, UNSPECIFIED HAND","OSTEOMYELITIS"
"CRP","M86051","ACUTE HEMATOGENOUS OSTEOMYELITIS, RIGHT FEMUR","OSTEOMYELITIS"
"CRP","M86052","ACUTE HEMATOGENOUS OSTEOMYELITIS, LEFT FEMUR","OSTEOMYELITIS"
"CRP","M86059","ACUTE HEMATOGENOUS OSTEOMYELITIS, UNSPECIFIED FEMUR","OSTEOMYELITIS"
"CRP","M86061","ACUTE HEMATOGENOUS OSTEOMYELITIS, RIGHT TIBIA AND FIBULA","OSTEOMYELITIS"
"CRP","M86062","ACUTE HEMATOGENOUS OSTEOMYELITIS, LEFT TIBIA AND FIBULA","OSTEOMYELITIS"
"CRP","M86069","ACUTE HEMATOGENOUS OSTEOMYELITIS, UNSPECIFIED TIBIA AND FIBULA","OSTEOMYELITIS"
"CRP","M86071","ACUTE HEMATOGENOUS OSTEOMYELITIS, RIGHT ANKLE AND FOOT","OSTEOMYELITIS"
"CRP","M86072","ACUTE HEMATOGENOUS OSTEOMYELITIS, LEFT ANKLE AND FOOT","OSTEOMYELITIS"
"CRP","M86079","ACUTE HEMATOGENOUS OSTEOMYELITIS, UNSPECIFIED ANKLE AND FOOT","OSTEOMYELITIS"
"CRP","M8608","ACUTE HEMATOGENOUS OSTEOMYELITIS, OTHER SITES","OSTEOMYELITIS"
"CRP","M8609","ACUTE HEMATOGENOUS OSTEOMYELITIS, MULTIPLE SITES","OSTEOMYELITIS"
"CRP","M8610","OTHER ACUTE OSTEOMYELITIS, UNSPECIFIED SITE","OSTEOMYELITIS"
"CRP","M86111","OTHER ACUTE OSTEOMYELITIS, RIGHT SHOULDER","OSTEOMYELITIS"
"CRP","M86112","OTHER ACUTE OSTEOMYELITIS, LEFT SHOULDER","OSTEOMYELITIS"
"CRP","M86119","OTHER ACUTE OSTEOMYELITIS, UNSPECIFIED SHOULDER","OSTEOMYELITIS"
"CRP","M86121","OTHER ACUTE OSTEOMYELITIS, RIGHT HUMERUS","OSTEOMYELITIS"
"CRP","M86122","OTHER ACUTE OSTEOMYELITIS, LEFT HUMERUS","OSTEOMYELITIS"
"CRP","M86129","OTHER ACUTE OSTEOMYELITIS, UNSPECIFIED HUMERUS","OSTEOMYELITIS"
"CRP","M86131","OTHER ACUTE OSTEOMYELITIS, RIGHT RADIUS AND ULNA","OSTEOMYELITIS"
"CRP","M86132","OTHER ACUTE OSTEOMYELITIS, LEFT RADIUS AND ULNA","OSTEOMYELITIS"
"CRP","M86139","OTHER ACUTE OSTEOMYELITIS, UNSPECIFIED RADIUS AND ULNA","OSTEOMYELITIS"
"CRP","M86141","OTHER ACUTE OSTEOMYELITIS, RIGHT HAND","OSTEOMYELITIS"
"CRP","M86142","OTHER ACUTE OSTEOMYELITIS, LEFT HAND","OSTEOMYELITIS"
"CRP","M86149","OTHER ACUTE OSTEOMYELITIS, UNSPECIFIED HAND","OSTEOMYELITIS"
"CRP","M86151","OTHER ACUTE OSTEOMYELITIS, RIGHT FEMUR","OSTEOMYELITIS"
"CRP","M86152","OTHER ACUTE OSTEOMYELITIS, LEFT FEMUR","OSTEOMYELITIS"
"CRP","M86159","OTHER ACUTE OSTEOMYELITIS, UNSPECIFIED FEMUR","OSTEOMYELITIS"
"CRP","M86161","OTHER ACUTE OSTEOMYELITIS, RIGHT TIBIA AND FIBULA","OSTEOMYELITIS"
"CRP","M86162","OTHER ACUTE OSTEOMYELITIS, LEFT TIBIA AND FIBULA","OSTEOMYELITIS"
"CRP","M86169","OTHER ACUTE OSTEOMYELITIS, UNSPECIFIED TIBIA AND FIBULA","OSTEOMYELITIS"
"CRP","M86171","OTHER ACUTE OSTEOMYELITIS, RIGHT ANKLE AND FOOT","OSTEOMYELITIS"
"CRP","M86172","OTHER ACUTE OSTEOMYELITIS, LEFT ANKLE AND FOOT","OSTEOMYELITIS"
"CRP","M86179","OTHER ACUTE OSTEOMYELITIS, UNSPECIFIED ANKLE AND FOOT","OSTEOMYELITIS"
"CRP","M8618","OTHER ACUTE OSTEOMYELITIS, OTHER SITE","OSTEOMYELITIS"
"CRP","M8619","OTHER ACUTE OSTEOMYELITIS, MULTIPLE SITES","OSTEOMYELITIS"
"CRP","M8620","SUBACUTE OSTEOMYELITIS, UNSPECIFIED SITE","OSTEOMYELITIS"
"CRP","M86211","SUBACUTE OSTEOMYELITIS, RIGHT SHOULDER","OSTEOMYELITIS"
"CRP","M86212","SUBACUTE OSTEOMYELITIS, LEFT SHOULDER","OSTEOMYELITIS"
"CRP","M86219","SUBACUTE OSTEOMYELITIS, UNSPECIFIED SHOULDER","OSTEOMYELITIS"
"CRP","M86221","SUBACUTE OSTEOMYELITIS, RIGHT HUMERUS","OSTEOMYELITIS"
"CRP","M86222","SUBACUTE OSTEOMYELITIS, LEFT HUMERUS","OSTEOMYELITIS"
"CRP","M86229","SUBACUTE OSTEOMYELITIS, UNSPECIFIED HUMERUS","OSTEOMYELITIS"
"CRP","M86231","SUBACUTE OSTEOMYELITIS, RIGHT RADIUS AND ULNA","OSTEOMYELITIS"
"CRP","M86232","SUBACUTE OSTEOMYELITIS, LEFT RADIUS AND ULNA","OSTEOMYELITIS"
"CRP","M86239","SUBACUTE OSTEOMYELITIS, UNSPECIFIED RADIUS AND ULNA","OSTEOMYELITIS"
"CRP","M86241","SUBACUTE OSTEOMYELITIS, RIGHT HAND","OSTEOMYELITIS"
"CRP","M86242","SUBACUTE OSTEOMYELITIS, LEFT HAND","OSTEOMYELITIS"
"CRP","M86249","SUBACUTE OSTEOMYELITIS, UNSPECIFIED HAND","OSTEOMYELITIS"
"CRP","M86251","SUBACUTE OSTEOMYELITIS, RIGHT FEMUR","OSTEOMYELITIS"
"CRP","M86252","SUBACUTE OSTEOMYELITIS, LEFT FEMUR","OSTEOMYELITIS"
"CRP","M86259","SUBACUTE OSTEOMYELITIS, UNSPECIFIED FEMUR","OSTEOMYELITIS"
"CRP","M86261","SUBACUTE OSTEOMYELITIS, RIGHT TIBIA AND FIBULA","OSTEOMYELITIS"
"CRP","M86262","SUBACUTE OSTEOMYELITIS, LEFT TIBIA AND FIBULA","OSTEOMYELITIS"
"CRP","M86269","SUBACUTE OSTEOMYELITIS, UNSPECIFIED TIBIA AND FIBULA","OSTEOMYELITIS"
"CRP","M86271","SUBACUTE OSTEOMYELITIS, RIGHT ANKLE AND FOOT","OSTEOMYELITIS"
"CRP","M86272","SUBACUTE OSTEOMYELITIS, LEFT ANKLE AND FOOT","OSTEOMYELITIS"
"CRP","M86279","SUBACUTE OSTEOMYELITIS, UNSPECIFIED ANKLE AND FOOT","OSTEOMYELITIS"
"CRP","M8628","SUBACUTE OSTEOMYELITIS, OTHER SITE","OSTEOMYELITIS"
"CRP","M8629","SUBACUTE OSTEOMYELITIS, MULTIPLE SITES","OSTEOMYELITIS"
"CRP","M8630","CHRONIC MULTIFOCAL OSTEOMYELITIS, UNSPECIFIED SITE","OSTEOMYELITIS"
"CRP","M86311","CHRONIC MULTIFOCAL OSTEOMYELITIS, RIGHT SHOULDER","OSTEOMYELITIS"
"CRP","M86312","CHRONIC MULTIFOCAL OSTEOMYELITIS, LEFT SHOULDER","OSTEOMYELITIS"
"CRP","M86319","CHRONIC MULTIFOCAL OSTEOMYELITIS, UNSPECIFIED SHOULDER","OSTEOMYELITIS"
"CRP","M86321","CHRONIC MULTIFOCAL OSTEOMYELITIS, RIGHT HUMERUS","OSTEOMYELITIS"
"CRP","M86322","CHRONIC MULTIFOCAL OSTEOMYELITIS, LEFT HUMERUS","OSTEOMYELITIS"
"CRP","M86329","CHRONIC MULTIFOCAL OSTEOMYELITIS, UNSPECIFIED HUMERUS","OSTEOMYELITIS"
"CRP","M86331","CHRONIC MULTIFOCAL OSTEOMYELITIS, RIGHT RADIUS AND ULNA","OSTEOMYELITIS"
"CRP","M86332","CHRONIC MULTIFOCAL OSTEOMYELITIS, LEFT RADIUS AND ULNA","OSTEOMYELITIS"
"CRP","M86339","CHRONIC MULTIFOCAL OSTEOMYELITIS, UNSPECIFIED RADIUS AND ULNA","OSTEOMYELITIS"
"CRP","M86341","CHRONIC MULTIFOCAL OSTEOMYELITIS, RIGHT HAND","OSTEOMYELITIS"
"CRP","M86342","CHRONIC MULTIFOCAL OSTEOMYELITIS, LEFT HAND","OSTEOMYELITIS"
"CRP","M86349","CHRONIC MULTIFOCAL OSTEOMYELITIS, UNSPECIFIED HAND","OSTEOMYELITIS"
"CRP","M86351","CHRONIC MULTIFOCAL OSTEOMYELITIS, RIGHT FEMUR","OSTEOMYELITIS"
"CRP","M86352","CHRONIC MULTIFOCAL OSTEOMYELITIS, LEFT FEMUR","OSTEOMYELITIS"
"CRP","M86359","CHRONIC MULTIFOCAL OSTEOMYELITIS, UNSPECIFIED FEMUR","OSTEOMYELITIS"
"CRP","M86361","CHRONIC MULTIFOCAL OSTEOMYELITIS, RIGHT TIBIA AND FIBULA","OSTEOMYELITIS"
"CRP","M86362","CHRONIC MULTIFOCAL OSTEOMYELITIS, LEFT TIBIA AND FIBULA","OSTEOMYELITIS"
"CRP","M86369","CHRONIC MULTIFOCAL OSTEOMYELITIS, UNSPECIFIED TIBIA AND FIBULA","OSTEOMYELITIS"
"CRP","M86371","CHRONIC MULTIFOCAL OSTEOMYELITIS, RIGHT ANKLE AND FOOT","OSTEOMYELITIS"
"CRP","M86372","CHRONIC MULTIFOCAL OSTEOMYELITIS, LEFT ANKLE AND FOOT","OSTEOMYELITIS"
"CRP","M86379","CHRONIC MULTIFOCAL OSTEOMYELITIS, UNSPECIFIED ANKLE AND FOOT","OSTEOMYELITIS"
"CRP","M8638","CHRONIC MULTIFOCAL OSTEOMYELITIS, OTHER SITE","OSTEOMYELITIS"
"CRP","M8639","CHRONIC MULTIFOCAL OSTEOMYELITIS, MULTIPLE SITES","OSTEOMYELITIS"
"CRP","M8640","CHRONIC OSTEOMYELITIS WITH DRAINING SINUS, UNSPECIFIED SITE","OSTEOMYELITIS"
"CRP","M86411","CHRONIC OSTEOMYELITIS WITH DRAINING SINUS, RIGHT SHOULDER","OSTEOMYELITIS"
"CRP","M86412","CHRONIC OSTEOMYELITIS WITH DRAINING SINUS, LEFT SHOULDER","OSTEOMYELITIS"
"CRP","M86419","CHRONIC OSTEOMYELITIS WITH DRAINING SINUS, UNSPECIFIED SHOULDER","OSTEOMYELITIS"
"CRP","M86421","CHRONIC OSTEOMYELITIS WITH DRAINING SINUS, RIGHT HUMERUS","OSTEOMYELITIS"
"CRP","M86422","CHRONIC OSTEOMYELITIS WITH DRAINING SINUS, LEFT HUMERUS","OSTEOMYELITIS"
"CRP","M86429","CHRONIC OSTEOMYELITIS WITH DRAINING SINUS, UNSPECIFIED HUMERUS","OSTEOMYELITIS"
"CRP","M86431","CHRONIC OSTEOMYELITIS WITH DRAINING SINUS, RIGHT RADIUS AND ULNA","OSTEOMYELITIS"
"CRP","M86432","CHRONIC OSTEOMYELITIS WITH DRAINING SINUS, LEFT RADIUS AND ULNA","OSTEOMYELITIS"
"CRP","M86439","CHRONIC OSTEOMYELITIS WITH DRAINING SINUS, UNSPECIFIED RADIUS AND ULNA","OSTEOMYELITIS"
"CRP","M86441","CHRONIC OSTEOMYELITIS WITH DRAINING SINUS, RIGHT HAND","OSTEOMYELITIS"
"CRP","M86442","CHRONIC OSTEOMYELITIS WITH DRAINING SINUS, LEFT HAND","OSTEOMYELITIS"
"CRP","M86449","CHRONIC OSTEOMYELITIS WITH DRAINING SINUS, UNSPECIFIED HAND","OSTEOMYELITIS"
"CRP","M86451","CHRONIC OSTEOMYELITIS WITH DRAINING SINUS, RIGHT FEMUR","OSTEOMYELITIS"
"CRP","M86452","CHRONIC OSTEOMYELITIS WITH DRAINING SINUS, LEFT FEMUR","OSTEOMYELITIS"
"CRP","M86459","CHRONIC OSTEOMYELITIS WITH DRAINING SINUS, UNSPECIFIED FEMUR","OSTEOMYELITIS"
"CRP","M86461","CHRONIC OSTEOMYELITIS WITH DRAINING SINUS, RIGHT TIBIA AND FIBULA","OSTEOMYELITIS"
"CRP","M86462","CHRONIC OSTEOMYELITIS WITH DRAINING SINUS, LEFT TIBIA AND FIBULA","OSTEOMYELITIS"
"CRP","M86469","CHRONIC OSTEOMYELITIS WITH DRAINING SINUS, UNSPECIFIED TIBIA AND FIBULA","OSTEOMYELITIS"
"CRP","M86471","CHRONIC OSTEOMYELITIS WITH DRAINING SINUS, RIGHT ANKLE AND FOOT","OSTEOMYELITIS"
"CRP","M86472","CHRONIC OSTEOMYELITIS WITH DRAINING SINUS, LEFT ANKLE AND FOOT","OSTEOMYELITIS"
"CRP","M86479","CHRONIC OSTEOMYELITIS WITH DRAINING SINUS, UNSPECIFIED ANKLE AND FOOT","OSTEOMYELITIS"
"CRP","M8648","CHRONIC OSTEOMYELITIS WITH DRAINING SINUS, OTHER SITE","OSTEOMYELITIS"
"CRP","M8649","CHRONIC OSTEOMYELITIS WITH DRAINING SINUS, MULTIPLE SITES","OSTEOMYELITIS"
"CRP","M8650","OTHER CHRONIC HEMATOGENOUS OSTEOMYELITIS, UNSPECIFIED SITE","OSTEOMYELITIS"
"CRP","M86511","OTHER CHRONIC HEMATOGENOUS OSTEOMYELITIS, RIGHT SHOULDER","OSTEOMYELITIS"
"CRP","M86512","OTHER CHRONIC HEMATOGENOUS OSTEOMYELITIS, LEFT SHOULDER","OSTEOMYELITIS"
"CRP","M86519","OTHER CHRONIC HEMATOGENOUS OSTEOMYELITIS, UNSPECIFIED SHOULDER","OSTEOMYELITIS"
"CRP","M86521","OTHER CHRONIC HEMATOGENOUS OSTEOMYELITIS, RIGHT HUMERUS","OSTEOMYELITIS"
"CRP","M86522","OTHER CHRONIC HEMATOGENOUS OSTEOMYELITIS, LEFT HUMERUS","OSTEOMYELITIS"
"CRP","M86529","OTHER CHRONIC HEMATOGENOUS OSTEOMYELITIS, UNSPECIFIED HUMERUS","OSTEOMYELITIS"
"CRP","M86531","OTHER CHRONIC HEMATOGENOUS OSTEOMYELITIS, RIGHT RADIUS AND ULNA","OSTEOMYELITIS"
"CRP","M86532","OTHER CHRONIC HEMATOGENOUS OSTEOMYELITIS, LEFT RADIUS AND ULNA","OSTEOMYELITIS"
"CRP","M86539","OTHER CHRONIC HEMATOGENOUS OSTEOMYELITIS, UNSPECIFIED RADIUS AND ULNA","OSTEOMYELITIS"
"CRP","M86541","OTHER CHRONIC HEMATOGENOUS OSTEOMYELITIS, RIGHT HAND","OSTEOMYELITIS"
"CRP","M86542","OTHER CHRONIC HEMATOGENOUS OSTEOMYELITIS, LEFT HAND","OSTEOMYELITIS"
"CRP","M86549","OTHER CHRONIC HEMATOGENOUS OSTEOMYELITIS, UNSPECIFIED HAND","OSTEOMYELITIS"
"CRP","M86551","OTHER CHRONIC HEMATOGENOUS OSTEOMYELITIS, RIGHT FEMUR","OSTEOMYELITIS"
"CRP","M86552","OTHER CHRONIC HEMATOGENOUS OSTEOMYELITIS, LEFT FEMUR","OSTEOMYELITIS"
"CRP","M86559","OTHER CHRONIC HEMATOGENOUS OSTEOMYELITIS, UNSPECIFIED FEMUR","OSTEOMYELITIS"
"CRP","M86561","OTHER CHRONIC HEMATOGENOUS OSTEOMYELITIS, RIGHT TIBIA AND FIBULA","OSTEOMYELITIS"
"CRP","M86562","OTHER CHRONIC HEMATOGENOUS OSTEOMYELITIS, LEFT TIBIA AND FIBULA","OSTEOMYELITIS"
"CRP","M86569","OTHER CHRONIC HEMATOGENOUS OSTEOMYELITIS, UNSPECIFIED TIBIA AND FIBULA","OSTEOMYELITIS"
"CRP","M86571","OTHER CHRONIC HEMATOGENOUS OSTEOMYELITIS, RIGHT ANKLE AND FOOT","OSTEOMYELITIS"
"CRP","M86572","OTHER CHRONIC HEMATOGENOUS OSTEOMYELITIS, LEFT ANKLE AND FOOT","OSTEOMYELITIS"
"CRP","M86579","OTHER CHRONIC HEMATOGENOUS OSTEOMYELITIS, UNSPECIFIED ANKLE AND FOOT","OSTEOMYELITIS"
"CRP","M8658","OTHER CHRONIC HEMATOGENOUS OSTEOMYELITIS, OTHER SITE","OSTEOMYELITIS"
"CRP","M8659","OTHER CHRONIC HEMATOGENOUS OSTEOMYELITIS, MULTIPLE SITES","OSTEOMYELITIS"
"CRP","M8660","OTHER CHRONIC OSTEOMYELITIS, UNSPECIFIED SITE","OSTEOMYELITIS"
"CRP","M86611","OTHER CHRONIC OSTEOMYELITIS, RIGHT SHOULDER","OSTEOMYELITIS"
"CRP","M86612","OTHER CHRONIC OSTEOMYELITIS, LEFT SHOULDER","OSTEOMYELITIS"
"CRP","M86619","OTHER CHRONIC OSTEOMYELITIS, UNSPECIFIED SHOULDER","OSTEOMYELITIS"
"CRP","M86621","OTHER CHRONIC OSTEOMYELITIS, RIGHT HUMERUS","OSTEOMYELITIS"
"CRP","M86622","OTHER CHRONIC OSTEOMYELITIS, LEFT HUMERUS","OSTEOMYELITIS"
"CRP","M86629","OTHER CHRONIC OSTEOMYELITIS, UNSPECIFIED HUMERUS","OSTEOMYELITIS"
"CRP","M86631","OTHER CHRONIC OSTEOMYELITIS, RIGHT RADIUS AND ULNA","OSTEOMYELITIS"
"CRP","M86632","OTHER CHRONIC OSTEOMYELITIS, LEFT RADIUS AND ULNA","OSTEOMYELITIS"
"CRP","M86639","OTHER CHRONIC OSTEOMYELITIS, UNSPECIFIED RADIUS AND ULNA","OSTEOMYELITIS"
"CRP","M86641","OTHER CHRONIC OSTEOMYELITIS, RIGHT HAND","OSTEOMYELITIS"
"CRP","M86642","OTHER CHRONIC OSTEOMYELITIS, LEFT HAND","OSTEOMYELITIS"
"CRP","M86649","OTHER CHRONIC OSTEOMYELITIS, UNSPECIFIED HAND","OSTEOMYELITIS"
"CRP","M86651","OTHER CHRONIC OSTEOMYELITIS, RIGHT THIGH","OSTEOMYELITIS"
"CRP","M86652","OTHER CHRONIC OSTEOMYELITIS, LEFT THIGH","OSTEOMYELITIS"
"CRP","M86659","OTHER CHRONIC OSTEOMYELITIS, UNSPECIFIED THIGH","OSTEOMYELITIS"
"CRP","M86661","OTHER CHRONIC OSTEOMYELITIS, RIGHT TIBIA AND FIBULA","OSTEOMYELITIS"
"CRP","M86662","OTHER CHRONIC OSTEOMYELITIS, LEFT TIBIA AND FIBULA","OSTEOMYELITIS"
"CRP","M86669","OTHER CHRONIC OSTEOMYELITIS, UNSPECIFIED TIBIA AND FIBULA","OSTEOMYELITIS"
"CRP","M86671","OTHER CHRONIC OSTEOMYELITIS, RIGHT ANKLE AND FOOT","OSTEOMYELITIS"
"CRP","M86672","OTHER CHRONIC OSTEOMYELITIS, LEFT ANKLE AND FOOT","OSTEOMYELITIS"
"CRP","M86679","OTHER CHRONIC OSTEOMYELITIS, UNSPECIFIED ANKLE AND FOOT","OSTEOMYELITIS"
"CRP","M8668","OTHER CHRONIC OSTEOMYELITIS, OTHER SITE","OSTEOMYELITIS"
"CRP","M8669","OTHER CHRONIC OSTEOMYELITIS, MULTIPLE SITES","OSTEOMYELITIS"
"CRP","M868X0","OTHER OSTEOMYELITIS, MULTIPLE SITES","OSTEOMYELITIS"
"CRP","M868X1","OTHER OSTEOMYELITIS, SHOULDER","OSTEOMYELITIS"
"CRP","M868X2","OTHER OSTEOMYELITIS, UPPER ARM","OSTEOMYELITIS"
"CRP","M868X3","OTHER OSTEOMYELITIS, FOREARM","OSTEOMYELITIS"
"CRP","M868X4","OTHER OSTEOMYELITIS, HAND","OSTEOMYELITIS"
"CRP","M868X5","OTHER OSTEOMYELITIS, THIGH","OSTEOMYELITIS"
"CRP","M868X6","OTHER OSTEOMYELITIS, LOWER LEG","OSTEOMYELITIS"
"CRP","M868X7","OTHER OSTEOMYELITIS, ANKLE AND FOOT","OSTEOMYELITIS"
"CRP","M868X8","OTHER OSTEOMYELITIS, OTHER SITE","OSTEOMYELITIS"
"CRP","M868X9","OTHER OSTEOMYELITIS, UNSPECIFIED SITES","OSTEOMYELITIS"
"CRP","M869","OSTEOMYELITIS, UNSPECIFIED","OSTEOMYELITIS"
"CRP","M8720","OSTEONECROSIS DUE TO PREVIOUS TRAUMA, UNSPECIFIED BONE","TRAUMA"
"CRP","M87211","OSTEONECROSIS DUE TO PREVIOUS TRAUMA, RIGHT SHOULDER","TRAUMA"
"CRP","M87212","OSTEONECROSIS DUE TO PREVIOUS TRAUMA, LEFT SHOULDER","TRAUMA"
"CRP","M87219","OSTEONECROSIS DUE TO PREVIOUS TRAUMA, UNSPECIFIED SHOULDER","TRAUMA"
"CRP","M87221","OSTEONECROSIS DUE TO PREVIOUS TRAUMA, RIGHT HUMERUS","TRAUMA"
"CRP","M87222","OSTEONECROSIS DUE TO PREVIOUS TRAUMA, LEFT HUMERUS","TRAUMA"
"CRP","M87229","OSTEONECROSIS DUE TO PREVIOUS TRAUMA, UNSPECIFIED HUMERUS","TRAUMA"
"CRP","M87231","OSTEONECROSIS DUE TO PREVIOUS TRAUMA OF RIGHT RADIUS","TRAUMA"
"CRP","M87232","OSTEONECROSIS DUE TO PREVIOUS TRAUMA OF LEFT RADIUS","TRAUMA"
"CRP","M87233","OSTEONECROSIS DUE TO PREVIOUS TRAUMA OF UNSPECIFIED RADIUS","TRAUMA"
"CRP","M87234","OSTEONECROSIS DUE TO PREVIOUS TRAUMA OF RIGHT ULNA","TRAUMA"
"CRP","M87235","OSTEONECROSIS DUE TO PREVIOUS TRAUMA OF LEFT ULNA","TRAUMA"
"CRP","M87236","OSTEONECROSIS DUE TO PREVIOUS TRAUMA OF UNSPECIFIED ULNA","TRAUMA"
"CRP","M87237","OSTEONECROSIS DUE TO PREVIOUS TRAUMA OF RIGHT CARPUS","TRAUMA"
"CRP","M87238","OSTEONECROSIS DUE TO PREVIOUS TRAUMA OF LEFT CARPUS","TRAUMA"
"CRP","M87239","OSTEONECROSIS DUE TO PREVIOUS TRAUMA OF UNSPECIFIED CARPUS","TRAUMA"
"CRP","M87241","OSTEONECROSIS DUE TO PREVIOUS TRAUMA, RIGHT HAND","TRAUMA"
"CRP","M87242","OSTEONECROSIS DUE TO PREVIOUS TRAUMA, LEFT HAND","TRAUMA"
"CRP","M87243","OSTEONECROSIS DUE TO PREVIOUS TRAUMA, UNSPECIFIED HAND","TRAUMA"
"CRP","M87244","OSTEONECROSIS DUE TO PREVIOUS TRAUMA, RIGHT FINGER(S)","TRAUMA"
"CRP","M87245","OSTEONECROSIS DUE TO PREVIOUS TRAUMA, LEFT FINGER(S)","TRAUMA"
"CRP","M87246","OSTEONECROSIS DUE TO PREVIOUS TRAUMA, UNSPECIFIED FINGER(S)","TRAUMA"
"CRP","M87250","OSTEONECROSIS DUE TO PREVIOUS TRAUMA, PELVIS","TRAUMA"
"CRP","M87251","OSTEONECROSIS DUE TO PREVIOUS TRAUMA, RIGHT FEMUR","TRAUMA"
"CRP","M87252","OSTEONECROSIS DUE TO PREVIOUS TRAUMA, LEFT FEMUR","TRAUMA"
"CRP","M87256","OSTEONECROSIS DUE TO PREVIOUS TRAUMA, UNSPECIFIED FEMUR","TRAUMA"
"CRP","M87261","OSTEONECROSIS DUE TO PREVIOUS TRAUMA, RIGHT TIBIA","TRAUMA"
"CRP","M87262","OSTEONECROSIS DUE TO PREVIOUS TRAUMA, LEFT TIBIA","TRAUMA"
"CRP","M87263","OSTEONECROSIS DUE TO PREVIOUS TRAUMA, UNSPECIFIED TIBIA","TRAUMA"
"CRP","M87264","OSTEONECROSIS DUE TO PREVIOUS TRAUMA, RIGHT FIBULA","TRAUMA"
"CRP","M87265","OSTEONECROSIS DUE TO PREVIOUS TRAUMA, LEFT FIBULA","TRAUMA"
"CRP","M87266","OSTEONECROSIS DUE TO PREVIOUS TRAUMA, UNSPECIFIED FIBULA","TRAUMA"
"CRP","M87271","OSTEONECROSIS DUE TO PREVIOUS TRAUMA, RIGHT ANKLE","TRAUMA"
"CRP","M87272","OSTEONECROSIS DUE TO PREVIOUS TRAUMA, LEFT ANKLE","TRAUMA"
"CRP","M87273","OSTEONECROSIS DUE TO PREVIOUS TRAUMA, UNSPECIFIED ANKLE","TRAUMA"
"CRP","M87274","OSTEONECROSIS DUE TO PREVIOUS TRAUMA, RIGHT FOOT","TRAUMA"
"CRP","M87275","OSTEONECROSIS DUE TO PREVIOUS TRAUMA, LEFT FOOT","TRAUMA"
"CRP","M87276","OSTEONECROSIS DUE TO PREVIOUS TRAUMA, UNSPECIFIED FOOT","TRAUMA"
"CRP","M87277","OSTEONECROSIS DUE TO PREVIOUS TRAUMA, RIGHT TOE(S)","TRAUMA"
"CRP","M87278","OSTEONECROSIS DUE TO PREVIOUS TRAUMA, LEFT TOE(S)","TRAUMA"
"CRP","M87279","OSTEONECROSIS DUE TO PREVIOUS TRAUMA, UNSPECIFIED TOE(S)","TRAUMA"
"CRP","M8728","OSTEONECROSIS DUE TO PREVIOUS TRAUMA, OTHER SITE","TRAUMA"
"CRP","M8729","OSTEONECROSIS DUE TO PREVIOUS TRAUMA, MULTIPLE SITES","TRAUMA"
"CRP","M93001","UNSPECIFIED SLIPPED UPPER FEMORAL EPIPHYSIS (NONTRAUMATIC), RIGHT HIP","TRAUMA"
"CRP","M93002","UNSPECIFIED SLIPPED UPPER FEMORAL EPIPHYSIS (NONTRAUMATIC), LEFT HIP","TRAUMA"
"CRP","M93003","UNSPECIFIED SLIPPED UPPER FEMORAL EPIPHYSIS (NONTRAUMATIC), UNSPECIFIED HIP","TRAUMA"
"CRP","M93004","UNSPECIFIED SLIPPED UPPER FEMORAL EPIPHYSIS (NONTRAUMATIC), BILATERAL HIPS","TRAUMA"
"CRP","M93011","ACUTE SLIPPED UPPER FEMORAL EPIPHYSIS, STABLE (NONTRAUMATIC), RIGHT HIP","TRAUMA"
"CRP","M93012","ACUTE SLIPPED UPPER FEMORAL EPIPHYSIS, STABLE (NONTRAUMATIC), LEFT HIP","TRAUMA"
"CRP","M93013","ACUTE SLIPPED UPPER FEMORAL EPIPHYSIS, STABLE (NONTRAUMATIC), UNSPECIFIED HIP","TRAUMA"
"CRP","M93014","ACUTE SLIPPED UPPER FEMORAL EPIPHYSIS, STABLE (NONTRAUMATIC), BILATERAL HIPS","TRAUMA"
"CRP","M93021","CHRONIC SLIPPED UPPER FEMORAL EPIPHYSIS, STABLE (NONTRAUMATIC), RIGHT HIP","TRAUMA"
"CRP","M93022","CHRONIC SLIPPED UPPER FEMORAL EPIPHYSIS, STABLE (NONTRAUMATIC), LEFT HIP","TRAUMA"
"CRP","M93023","CHRONIC SLIPPED UPPER FEMORAL EPIPHYSIS, STABLE (NONTRAUMATIC), UNSPECIFIED HIP","TRAUMA"
"CRP","M93024","CHRONIC SLIPPED UPPER FEMORAL EPIPHYSIS, STABLE (NONTRAUMATIC), BILATERAL HIPS","TRAUMA"
"CRP","M93031","ACUTE ON CHRONIC SLIPPED UPPER FEMORAL EPIPHYSIS, STABLE (NONTRAUMATIC), RIGHT HIP","TRAUMA"
"CRP","M93032","ACUTE ON CHRONIC SLIPPED UPPER FEMORAL EPIPHYSIS, STABLE (NONTRAUMATIC), LEFT HIP","TRAUMA"
"CRP","M93033","ACUTE ON CHRONIC SLIPPED UPPER FEMORAL EPIPHYSIS, STABLE (NONTRAUMATIC), UNSPECIFIED HIP","TRAUMA"
"CRP","M93034","ACUTE ON CHRONIC SLIPPED UPPER FEMORAL EPIPHYSIS, STABLE (NONTRAUMATIC), BILATERAL HIPS","TRAUMA"
"CRP","M93041","ACUTE SLIPPED UPPER FEMORAL EPIPHYSIS, UNSTABLE (NONTRAUMATIC), RIGHT HIP","TRAUMA"
"CRP","M93042","ACUTE SLIPPED UPPER FEMORAL EPIPHYSIS, UNSTABLE (NONTRAUMATIC), LEFT HIP","TRAUMA"
"CRP","M93043","ACUTE SLIPPED UPPER FEMORAL EPIPHYSIS, UNSTABLE (NONTRAUMATIC), UNSPECIFIED HIP","TRAUMA"
"CRP","M93044","ACUTE SLIPPED UPPER FEMORAL EPIPHYSIS, UNSTABLE (NONTRAUMATIC), BILATERAL HIPS","TRAUMA"
"CRP","M93051","ACUTE ON CHRONIC SLIPPED UPPER FEMORAL EPIPHYSIS, UNSTABLE (NONTRAUMATIC), RIGHT HIP","TRAUMA"
"CRP","M93052","ACUTE ON CHRONIC SLIPPED UPPER FEMORAL EPIPHYSIS, UNSTABLE (NONTRAUMATIC), LEFT HIP","TRAUMA"
"CRP","M93053","ACUTE ON CHRONIC SLIPPED UPPER FEMORAL EPIPHYSIS, UNSTABLE (NONTRAUMATIC), UNSPECIFIED HIP","TRAUMA"
"CRP","M93054","ACUTE ON CHRONIC SLIPPED UPPER FEMORAL EPIPHYSIS, UNSTABLE (NONTRAUMATIC), BILATERAL HIPS","TRAUMA"
"CRP","M93061","ACUTE SLIPPED UPPER FEMORAL EPIPHYSIS, UNSPECIFIED STABILITY (NONTRAUMATIC), RIGHT HIP","TRAUMA"
"CRP","M93062","ACUTE SLIPPED UPPER FEMORAL EPIPHYSIS, UNSPECIFIED STABILITY (NONTRAUMATIC), LEFT HIP","TRAUMA"
"CRP","M93063","ACUTE SLIPPED UPPER FEMORAL EPIPHYSIS, UNSPECIFIED STABILITY (NONTRAUMATIC), UNSPECIFIED HIP","TRAUMA"
"CRP","M93064","ACUTE SLIPPED UPPER FEMORAL EPIPHYSIS, UNSPECIFIED STABILITY (NONTRAUMATIC), BILATERAL HIPS","TRAUMA"
"CRP","M93071","ACUTE ON CHRONIC SLIPPED UPPER FEMORAL EPIPHYSIS, UNSPECIFIED STABILITY (NONTRAUMATIC), RIGHT HIP","TRAUMA"
"CRP","M93072","ACUTE ON CHRONIC SLIPPED UPPER FEMORAL EPIPHYSIS, UNSPECIFIED STABILITY (NONTRAUMATIC), LEFT HIP","TRAUMA"
"CRP","M93073","ACUTE ON CHRONIC SLIPPED UPPER FEMORAL EPIPHYSIS, UNSPECIFIED STABILITY (NONTRAUMATIC), UNSPECIFIED HIP","TRAUMA"
"CRP","M93074","ACUTE ON CHRONIC SLIPPED UPPER FEMORAL EPIPHYSIS, UNSPECIFIED STABILITY (NONTRAUMATIC), BILATERAL HIPS","TRAUMA"
"CRP","N10","ACUTE PYELONEPHRITIS","PYELONEPHRITIS"
"CRP","N110","NONOBSTRUCTIVE REFLUX-ASSOCIATED CHRONIC PYELONEPHRITIS","PYELONEPHRITIS"
"CRP","N111","CHRONIC OBSTRUCTIVE PYELONEPHRITIS","PYELONEPHRITIS"
"CRP","N35010","POST-TRAUMATIC URETHRAL STRICTURE, MALE, MEATAL","TRAUMA"
"CRP","N35011","POST-TRAUMATIC BULBOUS URETHRAL STRICTURE","TRAUMA"
"CRP","N35012","POST-TRAUMATIC MEMBRANOUS URETHRAL STRICTURE","TRAUMA"
"CRP","N35013","POST-TRAUMATIC ANTERIOR URETHRAL STRICTURE","TRAUMA"
"CRP","N35014","POST-TRAUMATIC URETHRAL STRICTURE, MALE, UNSPECIFIED","TRAUMA"
"CRP","N35016","POST-TRAUMATIC URETHRAL STRICTURE, MALE, OVERLAPPING SITES","TRAUMA"
"CRP","N35028","OTHER POST-TRAUMATIC URETHRAL STRICTURE, FEMALE","TRAUMA"
"CRP","N390","URINARY TRACT INFECTION, SITE NOT SPECIFIED","INFECTION; URINARY.*TRACT.*INFECTION"
"CRP","N418","OTHER INFLAMMATORY DISEASES OF PROSTATE","INFLAMMATORY.*DISEASE"
"CRP","N419","INFLAMMATORY DISEASE OF PROSTATE, UNSPECIFIED","INFLAMMATORY.*DISEASE"
"CRP","N46022","AZOOSPERMIA DUE TO INFECTION","INFECTION"
"CRP","N46122","OLIGOSPERMIA DUE TO INFECTION","INFECTION"
"CRP","N477","OTHER INFLAMMATORY DISEASES OF PREPUCE","INFLAMMATORY.*DISEASE"
"CRP","N4822","CELLULITIS OF CORPUS CAVERNOSUM AND PENIS","CELLULITIS"
"CRP","N4831","PRIAPISM DUE TO TRAUMA","TRAUMA"
"CRP","N710","ACUTE INFLAMMATORY DISEASE OF UTERUS","INFLAMMATORY.*DISEASE"
"CRP","N711","CHRONIC INFLAMMATORY DISEASE OF UTERUS","CHRONIC.*INFLAMMATORY.*DISEASE; INFLAMMATORY.*DISEASE"
"CRP","N719","INFLAMMATORY DISEASE OF UTERUS, UNSPECIFIED","INFLAMMATORY.*DISEASE"
"CRP","N72","INFLAMMATORY DISEASE OF CERVIX UTERI","INFLAMMATORY.*DISEASE"
"CRP","N730","ACUTE PARAMETRITIS AND PELVIC CELLULITIS","CELLULITIS"
"CRP","N731","CHRONIC PARAMETRITIS AND PELVIC CELLULITIS","CELLULITIS"
"CRP","N732","UNSPECIFIED PARAMETRITIS AND PELVIC CELLULITIS","CELLULITIS"
"CRP","N738","OTHER SPECIFIED FEMALE PELVIC INFLAMMATORY DISEASES","INFLAMMATORY.*DISEASE"
"CRP","N739","FEMALE PELVIC INFLAMMATORY DISEASE, UNSPECIFIED","INFLAMMATORY.*DISEASE"
"CRP","N74","FEMALE PELVIC INFLAMMATORY DISORDERS IN DISEASES CLASSIFIED ELSEWHERE","INFLAMMATORY.*DISEASE"
"CRP","N7689","OTHER SPECIFIED INFLAMMATION OF VAGINA AND VULVA","INFLAMMATION"
"CRP","N980","INFECTION ASSOCIATED WITH ARTIFICIAL INSEMINATION","INFECTION"
"CRP","N99511","CYSTOSTOMY INFECTION","INFECTION"
"CRP","N99521","INFECTION OF INCONTINENT EXTERNAL STOMA OF URINARY TRACT","INFECTION"
"CRP","N99531","INFECTION OF CONTINENT STOMA OF URINARY TRACT","INFECTION"
"CRP","O030","GENITAL TRACT AND PELVIC INFECTION FOLLOWING INCOMPLETE SPONTANEOUS ABORTION","INFECTION"
"CRP","O0337","SEPSIS FOLLOWING INCOMPLETE SPONTANEOUS ABORTION","SEPSIS"
"CRP","O0338","URINARY TRACT INFECTION FOLLOWING INCOMPLETE SPONTANEOUS ABORTION","INFECTION; URINARY.*TRACT.*INFECTION"
"CRP","O035","GENITAL TRACT AND PELVIC INFECTION FOLLOWING COMPLETE OR UNSPECIFIED SPONTANEOUS ABORTION","INFECTION"
"CRP","O0387","SEPSIS FOLLOWING COMPLETE OR UNSPECIFIED SPONTANEOUS ABORTION","SEPSIS"
"CRP","O0388","URINARY TRACT INFECTION FOLLOWING COMPLETE OR UNSPECIFIED SPONTANEOUS ABORTION","INFECTION; URINARY.*TRACT.*INFECTION"
"CRP","O045","GENITAL TRACT AND PELVIC INFECTION FOLLOWING (INDUCED) TERMINATION OF PREGNANCY","INFECTION"
"CRP","O0487","SEPSIS FOLLOWING (INDUCED) TERMINATION OF PREGNANCY","SEPSIS"
"CRP","O0488","URINARY TRACT INFECTION FOLLOWING (INDUCED) TERMINATION OF PREGNANCY","INFECTION; URINARY.*TRACT.*INFECTION"
"CRP","O070","GENITAL TRACT AND PELVIC INFECTION FOLLOWING FAILED ATTEMPTED TERMINATION OF PREGNANCY","INFECTION"
"CRP","O0737","SEPSIS FOLLOWING FAILED ATTEMPTED TERMINATION OF PREGNANCY","SEPSIS"
"CRP","O0738","URINARY TRACT INFECTION FOLLOWING FAILED ATTEMPTED TERMINATION OF PREGNANCY","INFECTION; URINARY.*TRACT.*INFECTION"
"CRP","O080","GENITAL TRACT AND PELVIC INFECTION FOLLOWING ECTOPIC AND MOLAR PREGNANCY","INFECTION"
"CRP","O0882","SEPSIS FOLLOWING ECTOPIC AND MOLAR PREGNANCY","SEPSIS"
"CRP","O0883","URINARY TRACT INFECTION FOLLOWING AN ECTOPIC AND MOLAR PREGNANCY","INFECTION; URINARY.*TRACT.*INFECTION"
"CRP","O2300","INFECTIONS OF KIDNEY IN PREGNANCY, UNSPECIFIED TRIMESTER","INFECTION"
"CRP","O2301","INFECTIONS OF KIDNEY IN PREGNANCY, FIRST TRIMESTER","INFECTION"
"CRP","O2302","INFECTIONS OF KIDNEY IN PREGNANCY, SECOND TRIMESTER","INFECTION"
"CRP","O2303","INFECTIONS OF KIDNEY IN PREGNANCY, THIRD TRIMESTER","INFECTION"
"CRP","O2310","INFECTIONS OF BLADDER IN PREGNANCY, UNSPECIFIED TRIMESTER","INFECTION"
"CRP","O2311","INFECTIONS OF BLADDER IN PREGNANCY, FIRST TRIMESTER","INFECTION"
"CRP","O2312","INFECTIONS OF BLADDER IN PREGNANCY, SECOND TRIMESTER","INFECTION"
"CRP","O2313","INFECTIONS OF BLADDER IN PREGNANCY, THIRD TRIMESTER","INFECTION"
"CRP","O2320","INFECTIONS OF URETHRA IN PREGNANCY, UNSPECIFIED TRIMESTER","INFECTION"
"CRP","O2321","INFECTIONS OF URETHRA IN PREGNANCY, FIRST TRIMESTER","INFECTION"
"CRP","O2322","INFECTIONS OF URETHRA IN PREGNANCY, SECOND TRIMESTER","INFECTION"
"CRP","O2323","INFECTIONS OF URETHRA IN PREGNANCY, THIRD TRIMESTER","INFECTION"
"CRP","O2330","INFECTIONS OF OTHER PARTS OF URINARY TRACT IN PREGNANCY, UNSPECIFIED TRIMESTER","INFECTION"
"CRP","O2331","INFECTIONS OF OTHER PARTS OF URINARY TRACT IN PREGNANCY, FIRST TRIMESTER","INFECTION"
"CRP","O2332","INFECTIONS OF OTHER PARTS OF URINARY TRACT IN PREGNANCY, SECOND TRIMESTER","INFECTION"
"CRP","O2333","INFECTIONS OF OTHER PARTS OF URINARY TRACT IN PREGNANCY, THIRD TRIMESTER","INFECTION"
"CRP","O2340","UNSPECIFIED INFECTION OF URINARY TRACT IN PREGNANCY, UNSPECIFIED TRIMESTER","INFECTION"
"CRP","O2341","UNSPECIFIED INFECTION OF URINARY TRACT IN PREGNANCY, FIRST TRIMESTER","INFECTION"
"CRP","O2342","UNSPECIFIED INFECTION OF URINARY TRACT IN PREGNANCY, SECOND TRIMESTER","INFECTION"
"CRP","O2343","UNSPECIFIED INFECTION OF URINARY TRACT IN PREGNANCY, THIRD TRIMESTER","INFECTION"
"CRP","O23511","INFECTIONS OF CERVIX IN PREGNANCY, FIRST TRIMESTER","INFECTION"
"CRP","O23512","INFECTIONS OF CERVIX IN PREGNANCY, SECOND TRIMESTER","INFECTION"
"CRP","O23513","INFECTIONS OF CERVIX IN PREGNANCY, THIRD TRIMESTER","INFECTION"
"CRP","O23519","INFECTIONS OF CERVIX IN PREGNANCY, UNSPECIFIED TRIMESTER","INFECTION"
"CRP","O23591","INFECTION OF OTHER PART OF GENITAL TRACT IN PREGNANCY, FIRST TRIMESTER","INFECTION"
"CRP","O23592","INFECTION OF OTHER PART OF GENITAL TRACT IN PREGNANCY, SECOND TRIMESTER","INFECTION"
"CRP","O23593","INFECTION OF OTHER PART OF GENITAL TRACT IN PREGNANCY, THIRD TRIMESTER","INFECTION"
"CRP","O23599","INFECTION OF OTHER PART OF GENITAL TRACT IN PREGNANCY, UNSPECIFIED TRIMESTER","INFECTION"
"CRP","O2390","UNSPECIFIED GENITOURINARY TRACT INFECTION IN PREGNANCY, UNSPECIFIED TRIMESTER","INFECTION; URINARY.*TRACT.*INFECTION"
"CRP","O2391","UNSPECIFIED GENITOURINARY TRACT INFECTION IN PREGNANCY, FIRST TRIMESTER","INFECTION; URINARY.*TRACT.*INFECTION"
"CRP","O2392","UNSPECIFIED GENITOURINARY TRACT INFECTION IN PREGNANCY, SECOND TRIMESTER","INFECTION; URINARY.*TRACT.*INFECTION"
"CRP","O2393","UNSPECIFIED GENITOURINARY TRACT INFECTION IN PREGNANCY, THIRD TRIMESTER","INFECTION; URINARY.*TRACT.*INFECTION"
"CRP","O411010","INFECTION OF AMNIOTIC SAC AND MEMBRANES, UNSPECIFIED, FIRST TRIMESTER, NOT APPLICABLE OR UNSPECIFIED","INFECTION"
"CRP","O411011","INFECTION OF AMNIOTIC SAC AND MEMBRANES, UNSPECIFIED, FIRST TRIMESTER, FETUS 1","INFECTION"
"CRP","O411012","INFECTION OF AMNIOTIC SAC AND MEMBRANES, UNSPECIFIED, FIRST TRIMESTER, FETUS 2","INFECTION"
"CRP","O411013","INFECTION OF AMNIOTIC SAC AND MEMBRANES, UNSPECIFIED, FIRST TRIMESTER, FETUS 3","INFECTION"
"CRP","O411014","INFECTION OF AMNIOTIC SAC AND MEMBRANES, UNSPECIFIED, FIRST TRIMESTER, FETUS 4","INFECTION"
"CRP","O411015","INFECTION OF AMNIOTIC SAC AND MEMBRANES, UNSPECIFIED, FIRST TRIMESTER, FETUS 5","INFECTION"
"CRP","O411019","INFECTION OF AMNIOTIC SAC AND MEMBRANES, UNSPECIFIED, FIRST TRIMESTER, OTHER FETUS","INFECTION"
"CRP","O411020","INFECTION OF AMNIOTIC SAC AND MEMBRANES, UNSPECIFIED, SECOND TRIMESTER, NOT APPLICABLE OR UNSPECIFIED","INFECTION"
"CRP","O411021","INFECTION OF AMNIOTIC SAC AND MEMBRANES, UNSPECIFIED, SECOND TRIMESTER, FETUS 1","INFECTION"
"CRP","O411022","INFECTION OF AMNIOTIC SAC AND MEMBRANES, UNSPECIFIED, SECOND TRIMESTER, FETUS 2","INFECTION"
"CRP","O411023","INFECTION OF AMNIOTIC SAC AND MEMBRANES, UNSPECIFIED, SECOND TRIMESTER, FETUS 3","INFECTION"
"CRP","O411024","INFECTION OF AMNIOTIC SAC AND MEMBRANES, UNSPECIFIED, SECOND TRIMESTER, FETUS 4","INFECTION"
"CRP","O411025","INFECTION OF AMNIOTIC SAC AND MEMBRANES, UNSPECIFIED, SECOND TRIMESTER, FETUS 5","INFECTION"
"CRP","O411029","INFECTION OF AMNIOTIC SAC AND MEMBRANES, UNSPECIFIED, SECOND TRIMESTER, OTHER FETUS","INFECTION"
"CRP","O411030","INFECTION OF AMNIOTIC SAC AND MEMBRANES, UNSPECIFIED, THIRD TRIMESTER, NOT APPLICABLE OR UNSPECIFIED","INFECTION"
"CRP","O411031","INFECTION OF AMNIOTIC SAC AND MEMBRANES, UNSPECIFIED, THIRD TRIMESTER, FETUS 1","INFECTION"
"CRP","O411032","INFECTION OF AMNIOTIC SAC AND MEMBRANES, UNSPECIFIED, THIRD TRIMESTER, FETUS 2","INFECTION"
"CRP","O411033","INFECTION OF AMNIOTIC SAC AND MEMBRANES, UNSPECIFIED, THIRD TRIMESTER, FETUS 3","INFECTION"
"CRP","O411034","INFECTION OF AMNIOTIC SAC AND MEMBRANES, UNSPECIFIED, THIRD TRIMESTER, FETUS 4","INFECTION"
"CRP","O411035","INFECTION OF AMNIOTIC SAC AND MEMBRANES, UNSPECIFIED, THIRD TRIMESTER, FETUS 5","INFECTION"
"CRP","O411039","INFECTION OF AMNIOTIC SAC AND MEMBRANES, UNSPECIFIED, THIRD TRIMESTER, OTHER FETUS","INFECTION"
"CRP","O411090","INFECTION OF AMNIOTIC SAC AND MEMBRANES, UNSPECIFIED, UNSPECIFIED TRIMESTER, NOT APPLICABLE OR UNSPECIFIED","INFECTION"
"CRP","O411091","INFECTION OF AMNIOTIC SAC AND MEMBRANES, UNSPECIFIED, UNSPECIFIED TRIMESTER, FETUS 1","INFECTION"
"CRP","O411092","INFECTION OF AMNIOTIC SAC AND MEMBRANES, UNSPECIFIED, UNSPECIFIED TRIMESTER, FETUS 2","INFECTION"
"CRP","O411093","INFECTION OF AMNIOTIC SAC AND MEMBRANES, UNSPECIFIED, UNSPECIFIED TRIMESTER, FETUS 3","INFECTION"
"CRP","O411094","INFECTION OF AMNIOTIC SAC AND MEMBRANES, UNSPECIFIED, UNSPECIFIED TRIMESTER, FETUS 4","INFECTION"
"CRP","O411095","INFECTION OF AMNIOTIC SAC AND MEMBRANES, UNSPECIFIED, UNSPECIFIED TRIMESTER, FETUS 5","INFECTION"
"CRP","O411099","INFECTION OF AMNIOTIC SAC AND MEMBRANES, UNSPECIFIED, UNSPECIFIED TRIMESTER, OTHER FETUS","INFECTION"
"CRP","O7182","OTHER SPECIFIED TRAUMA TO PERINEUM AND VULVA","TRAUMA"
"CRP","O7189","OTHER SPECIFIED OBSTETRIC TRAUMA","TRAUMA"
"CRP","O719","OBSTETRIC TRAUMA, UNSPECIFIED","TRAUMA"
"CRP","O753","OTHER INFECTION DURING LABOR","INFECTION"
"CRP","O85","PUERPERAL SEPSIS","SEPSIS"
"CRP","O8600","INFECTION OF OBSTETRIC SURGICAL WOUND, UNSPECIFIED","INFECTION"
"CRP","O8601","INFECTION OF OBSTETRIC SURGICAL WOUND, SUPERFICIAL INCISIONAL SITE","INFECTION"
"CRP","O8602","INFECTION OF OBSTETRIC SURGICAL WOUND, DEEP INCISIONAL SITE","INFECTION"
"CRP","O8603","INFECTION OF OBSTETRIC SURGICAL WOUND, ORGAN AND SPACE SITE","INFECTION"
"CRP","O8604","SEPSIS FOLLOWING AN OBSTETRICAL PROCEDURE","SEPSIS"
"CRP","O8609","INFECTION OF OBSTETRIC SURGICAL WOUND, OTHER SURGICAL SITE","INFECTION"
"CRP","O8619","OTHER INFECTION OF GENITAL TRACT FOLLOWING DELIVERY","INFECTION"
"CRP","O8620","URINARY TRACT INFECTION FOLLOWING DELIVERY, UNSPECIFIED","INFECTION; URINARY.*TRACT.*INFECTION"
"CRP","O8621","INFECTION OF KIDNEY FOLLOWING DELIVERY","INFECTION"
"CRP","O8622","INFECTION OF BLADDER FOLLOWING DELIVERY","INFECTION"
"CRP","O8629","OTHER URINARY TRACT INFECTION FOLLOWING DELIVERY","INFECTION; URINARY.*TRACT.*INFECTION"
"CRP","O8689","OTHER SPECIFIED PUERPERAL INFECTIONS","INFECTION"
"CRP","O91011","INFECTION OF NIPPLE ASSOCIATED WITH PREGNANCY, FIRST TRIMESTER","INFECTION"
"CRP","O91012","INFECTION OF NIPPLE ASSOCIATED WITH PREGNANCY, SECOND TRIMESTER","INFECTION"
"CRP","O91013","INFECTION OF NIPPLE ASSOCIATED WITH PREGNANCY, THIRD TRIMESTER","INFECTION"
"CRP","O91019","INFECTION OF NIPPLE ASSOCIATED WITH PREGNANCY, UNSPECIFIED TRIMESTER","INFECTION"
"CRP","O9102","INFECTION OF NIPPLE ASSOCIATED WITH THE PUERPERIUM","INFECTION"
"CRP","O9103","INFECTION OF NIPPLE ASSOCIATED WITH LACTATION","INFECTION"
"CRP","O98311","OTHER INFECTIONS WITH A PREDOMINANTLY SEXUAL MODE OF TRANSMISSION COMPLICATING PREGNANCY, FIRST TRIMESTER","INFECTION"
"CRP","O98312","OTHER INFECTIONS WITH A PREDOMINANTLY SEXUAL MODE OF TRANSMISSION COMPLICATING PREGNANCY, SECOND TRIMESTER","INFECTION"
"CRP","O98313","OTHER INFECTIONS WITH A PREDOMINANTLY SEXUAL MODE OF TRANSMISSION COMPLICATING PREGNANCY, THIRD TRIMESTER","INFECTION"
"CRP","O98319","OTHER INFECTIONS WITH A PREDOMINANTLY SEXUAL MODE OF TRANSMISSION COMPLICATING PREGNANCY, UNSPECIFIED TRIMESTER","INFECTION"
"CRP","O9832","OTHER INFECTIONS WITH A PREDOMINANTLY SEXUAL MODE OF TRANSMISSION COMPLICATING CHILDBIRTH","INFECTION"
"CRP","O9833","OTHER INFECTIONS WITH A PREDOMINANTLY SEXUAL MODE OF TRANSMISSION COMPLICATING THE PUERPERIUM","INFECTION"
"CRP","O98411","VIRAL HEPATITIS COMPLICATING PREGNANCY, FIRST TRIMESTER","HEPATITIS"
"CRP","O98412","VIRAL HEPATITIS COMPLICATING PREGNANCY, SECOND TRIMESTER","HEPATITIS"
"CRP","O98413","VIRAL HEPATITIS COMPLICATING PREGNANCY, THIRD TRIMESTER","HEPATITIS"
"CRP","O98419","VIRAL HEPATITIS COMPLICATING PREGNANCY, UNSPECIFIED TRIMESTER","HEPATITIS"
"CRP","O9842","VIRAL HEPATITIS COMPLICATING CHILDBIRTH","HEPATITIS"
"CRP","O9843","VIRAL HEPATITIS COMPLICATING THE PUERPERIUM","HEPATITIS"
"CRP","O99830","OTHER INFECTION CARRIER STATE COMPLICATING PREGNANCY","INFECTION"
"CRP","O99834","OTHER INFECTION CARRIER STATE COMPLICATING CHILDBIRTH","INFECTION"
"CRP","O99835","OTHER INFECTION CARRIER STATE COMPLICATING THE PUERPERIUM","INFECTION"
"CRP","P230","CONGENITAL PNEUMONIA DUE TO VIRAL AGENT","PNEUMONIA"
"CRP","P231","CONGENITAL PNEUMONIA DUE TO CHLAMYDIA","PNEUMONIA"
"CRP","P232","CONGENITAL PNEUMONIA DUE TO STAPHYLOCOCCUS","PNEUMONIA"
"CRP","P233","CONGENITAL PNEUMONIA DUE TO STREPTOCOCCUS, GROUP B","PNEUMONIA"
"CRP","P234","CONGENITAL PNEUMONIA DUE TO ESCHERICHIA COLI","PNEUMONIA"
"CRP","P235","CONGENITAL PNEUMONIA DUE TO PSEUDOMONAS","PNEUMONIA"
"CRP","P236","CONGENITAL PNEUMONIA DUE TO OTHER BACTERIAL AGENTS","PNEUMONIA"
"CRP","P238","CONGENITAL PNEUMONIA DUE TO OTHER ORGANISMS","PNEUMONIA"
"CRP","P239","CONGENITAL PNEUMONIA, UNSPECIFIED","PNEUMONIA"
"CRP","P351","CONGENITAL CYTOMEGALOVIRUS INFECTION","INFECTION"
"CRP","P352","CONGENITAL HERPESVIRAL [HERPES SIMPLEX] INFECTION","INFECTION; VIRAL.*INFECTION"
"CRP","P353","CONGENITAL VIRAL HEPATITIS","HEPATITIS"
"CRP","P360","SEPSIS OF NEWBORN DUE TO STREPTOCOCCUS, GROUP B","SEPSIS"
"CRP","P3610","SEPSIS OF NEWBORN DUE TO UNSPECIFIED STREPTOCOCCI","SEPSIS"
"CRP","P3619","SEPSIS OF NEWBORN DUE TO OTHER STREPTOCOCCI","SEPSIS"
"CRP","P362","SEPSIS OF NEWBORN DUE TO STAPHYLOCOCCUS AUREUS","SEPSIS"
"CRP","P3630","SEPSIS OF NEWBORN DUE TO UNSPECIFIED STAPHYLOCOCCI","SEPSIS"
"CRP","P3639","SEPSIS OF NEWBORN DUE TO OTHER STAPHYLOCOCCI","SEPSIS"
"CRP","P364","SEPSIS OF NEWBORN DUE TO ESCHERICHIA COLI","SEPSIS"
"CRP","P365","SEPSIS OF NEWBORN DUE TO ANAEROBES","SEPSIS"
"CRP","P368","OTHER BACTERIAL SEPSIS OF NEWBORN","SEPSIS"
"CRP","P369","BACTERIAL SEPSIS OF NEWBORN, UNSPECIFIED","SEPSIS"
"CRP","P392","INTRA-AMNIOTIC INFECTION AFFECTING NEWBORN, NOT ELSEWHERE CLASSIFIED","INFECTION"
"CRP","P393","NEONATAL URINARY TRACT INFECTION","INFECTION; URINARY.*TRACT.*INFECTION"
"CRP","P394","NEONATAL SKIN INFECTION","INFECTION"
"CRP","P398","OTHER SPECIFIED INFECTIONS SPECIFIC TO THE PERINATAL PERIOD","INFECTION"
"CRP","P399","INFECTION SPECIFIC TO THE PERINATAL PERIOD, UNSPECIFIED","INFECTION"
"CRP","P520","INTRAVENTRICULAR (NONTRAUMATIC) HEMORRHAGE, GRADE 1, OF NEWBORN","TRAUMA"
"CRP","P521","INTRAVENTRICULAR (NONTRAUMATIC) HEMORRHAGE, GRADE 2, OF NEWBORN","TRAUMA"
"CRP","P5221","INTRAVENTRICULAR (NONTRAUMATIC) HEMORRHAGE, GRADE 3, OF NEWBORN","TRAUMA"
"CRP","P5222","INTRAVENTRICULAR (NONTRAUMATIC) HEMORRHAGE, GRADE 4, OF NEWBORN","TRAUMA"
"CRP","P523","UNSPECIFIED INTRAVENTRICULAR (NONTRAUMATIC) HEMORRHAGE OF NEWBORN","TRAUMA"
"CRP","P524","INTRACEREBRAL (NONTRAUMATIC) HEMORRHAGE OF NEWBORN","TRAUMA"
"CRP","P525","SUBARACHNOID (NONTRAUMATIC) HEMORRHAGE OF NEWBORN","TRAUMA"
"CRP","P526","CEREBELLAR (NONTRAUMATIC) AND POSTERIOR FOSSA HEMORRHAGE OF NEWBORN","TRAUMA"
"CRP","P528","OTHER INTRACRANIAL (NONTRAUMATIC) HEMORRHAGES OF NEWBORN","TRAUMA"
"CRP","P529","INTRACRANIAL (NONTRAUMATIC) HEMORRHAGE OF NEWBORN, UNSPECIFIED","TRAUMA"
"CRP","P582","NEONATAL JAUNDICE DUE TO INFECTION","INFECTION"
"CRP","P771","STAGE 1 NECROTIZING ENTEROCOLITIS IN NEWBORN","COLITIS"
"CRP","P772","STAGE 2 NECROTIZING ENTEROCOLITIS IN NEWBORN","COLITIS"
"CRP","P773","STAGE 3 NECROTIZING ENTEROCOLITIS IN NEWBORN","COLITIS"
"CRP","P779","NECROTIZING ENTEROCOLITIS IN NEWBORN, UNSPECIFIED","COLITIS"
"CRP","R402A","NONTRAUMATIC COMA DUE TO UNDERLYING CONDITION","TRAUMA"
"CRP","R561","POST TRAUMATIC SEIZURES","TRAUMA"
"CRP","R6510","SYSTEMIC INFLAMMATORY RESPONSE SYNDROME (SIRS) OF NON-INFECTIOUS ORIGIN WITHOUT ACUTE ORGAN DYSFUNCTION","SYSTEMIC.*INFLAMMATORY.*RESPONSE.*SYNDROME"
"CRP","R6511","SYSTEMIC INFLAMMATORY RESPONSE SYNDROME (SIRS) OF NON-INFECTIOUS ORIGIN WITH ACUTE ORGAN DYSFUNCTION","SYSTEMIC.*INFLAMMATORY.*RESPONSE.*SYNDROME"
"CRP","R6520","SEVERE SEPSIS WITHOUT SEPTIC SHOCK","SEPSIS"
"CRP","R6521","SEVERE SEPSIS WITH SEPTIC SHOCK","SEPSIS"
"CRP","R7681","ABNORMAL RHEUMATOID FACTOR AND ANTI-CITRULLINATED PROTEIN ANTIBODY WITHOUT RHEUMATOID ARTHRITIS","RHEUMATOID.*ARTHRITIS; ARTHRITIS"
"CRP","R7982","ELEVATED C-REACTIVE PROTEIN (CRP)","ELEVATED.*C.*REACTIVE.*PROTEIN"
"CRP","R85614","CYTOLOGIC EVIDENCE OF MALIGNANCY ON SMEAR OF ANUS","MALIGNANCY"
"CRP","R87614","CYTOLOGIC EVIDENCE OF MALIGNANCY ON SMEAR OF CERVIX","MALIGNANCY"
"CRP","R87624","CYTOLOGIC EVIDENCE OF MALIGNANCY ON SMEAR OF VAGINA","MALIGNANCY"
"CRP","R971","ELEVATED CANCER ANTIGEN 125 [CA 125]","CANCER"
"CRP","S025XXA","FRACTURE OF TOOTH (TRAUMATIC), INITIAL ENCOUNTER FOR CLOSED FRACTURE","TRAUMA"
"CRP","S025XXB","FRACTURE OF TOOTH (TRAUMATIC), INITIAL ENCOUNTER FOR OPEN FRACTURE","TRAUMA"
"CRP","S025XXD","FRACTURE OF TOOTH (TRAUMATIC), SUBSEQUENT ENCOUNTER FOR FRACTURE WITH ROUTINE HEALING","TRAUMA"
"CRP","S025XXG","FRACTURE OF TOOTH (TRAUMATIC), SUBSEQUENT ENCOUNTER FOR FRACTURE WITH DELAYED HEALING","TRAUMA"
"CRP","S025XXK","FRACTURE OF TOOTH (TRAUMATIC), SUBSEQUENT ENCOUNTER FOR FRACTURE WITH NONUNION","TRAUMA"
"CRP","S025XXS","FRACTURE OF TOOTH (TRAUMATIC), SEQUELA","TRAUMA"
"CRP","S061X0A","TRAUMATIC CEREBRAL EDEMA WITHOUT LOSS OF CONSCIOUSNESS, INITIAL ENCOUNTER","TRAUMA"
"CRP","S061X0D","TRAUMATIC CEREBRAL EDEMA WITHOUT LOSS OF CONSCIOUSNESS, SUBSEQUENT ENCOUNTER","TRAUMA"
"CRP","S061X0S","TRAUMATIC CEREBRAL EDEMA WITHOUT LOSS OF CONSCIOUSNESS, SEQUELA","TRAUMA"
"CRP","S061X1A","TRAUMATIC CEREBRAL EDEMA WITH LOSS OF CONSCIOUSNESS OF 30 MINUTES OR LESS, INITIAL ENCOUNTER","TRAUMA"
"CRP","S061X1D","TRAUMATIC CEREBRAL EDEMA WITH LOSS OF CONSCIOUSNESS OF 30 MINUTES OR LESS, SUBSEQUENT ENCOUNTER","TRAUMA"
"CRP","S061X1S","TRAUMATIC CEREBRAL EDEMA WITH LOSS OF CONSCIOUSNESS OF 30 MINUTES OR LESS, SEQUELA","TRAUMA"
"CRP","S061X2A","TRAUMATIC CEREBRAL EDEMA WITH LOSS OF CONSCIOUSNESS OF 31 MINUTES TO 59 MINUTES, INITIAL ENCOUNTER","TRAUMA"
"CRP","S061X2D","TRAUMATIC CEREBRAL EDEMA WITH LOSS OF CONSCIOUSNESS OF 31 MINUTES TO 59 MINUTES, SUBSEQUENT ENCOUNTER","TRAUMA"
"CRP","S061X2S","TRAUMATIC CEREBRAL EDEMA WITH LOSS OF CONSCIOUSNESS OF 31 MINUTES TO 59 MINUTES, SEQUELA","TRAUMA"
"CRP","S061X3A","TRAUMATIC CEREBRAL EDEMA WITH LOSS OF CONSCIOUSNESS OF 1 HOUR TO 5 HOURS 59 MINUTES, INITIAL ENCOUNTER","TRAUMA"
"CRP","S061X3D","TRAUMATIC CEREBRAL EDEMA WITH LOSS OF CONSCIOUSNESS OF 1 HOUR TO 5 HOURS 59 MINUTES, SUBSEQUENT ENCOUNTER","TRAUMA"
"CRP","S061X3S","TRAUMATIC CEREBRAL EDEMA WITH LOSS OF CONSCIOUSNESS OF 1 HOUR TO 5 HOURS 59 MINUTES, SEQUELA","TRAUMA"
"CRP","S061X4A","TRAUMATIC CEREBRAL EDEMA WITH LOSS OF CONSCIOUSNESS OF 6 HOURS TO 24 HOURS, INITIAL ENCOUNTER","TRAUMA"
"CRP","S061X4D","TRAUMATIC CEREBRAL EDEMA WITH LOSS OF CONSCIOUSNESS OF 6 HOURS TO 24 HOURS, SUBSEQUENT ENCOUNTER","TRAUMA"
"CRP","S061X4S","TRAUMATIC CEREBRAL EDEMA WITH LOSS OF CONSCIOUSNESS OF 6 HOURS TO 24 HOURS, SEQUELA","TRAUMA"
"CRP","S061X5A","TRAUMATIC CEREBRAL EDEMA WITH LOSS OF CONSCIOUSNESS GREATER THAN 24 HOURS WITH RETURN TO PRE-EXISTING CONSCIOUS LEVEL, INITIAL ENCOUNTER","TRAUMA"
"CRP","S061X5D","TRAUMATIC CEREBRAL EDEMA WITH LOSS OF CONSCIOUSNESS GREATER THAN 24 HOURS WITH RETURN TO PRE-EXISTING CONSCIOUS LEVEL, SUBSEQUENT ENCOUNTER","TRAUMA"
"CRP","S061X5S","TRAUMATIC CEREBRAL EDEMA WITH LOSS OF CONSCIOUSNESS GREATER THAN 24 HOURS WITH RETURN TO PRE-EXISTING CONSCIOUS LEVEL, SEQUELA","TRAUMA"
"CRP","S061X6A","TRAUMATIC CEREBRAL EDEMA WITH LOSS OF CONSCIOUSNESS GREATER THAN 24 HOURS WITHOUT RETURN TO PRE-EXISTING CONSCIOUS LEVEL WITH PATIENT SURVIVING, INITIAL ENCOUNTER","TRAUMA"
"CRP","S061X6D","TRAUMATIC CEREBRAL EDEMA WITH LOSS OF CONSCIOUSNESS GREATER THAN 24 HOURS WITHOUT RETURN TO PRE-EXISTING CONSCIOUS LEVEL WITH PATIENT SURVIVING, SUBSEQUENT ENCOUNTER","TRAUMA"
"CRP","S061X6S","TRAUMATIC CEREBRAL EDEMA WITH LOSS OF CONSCIOUSNESS GREATER THAN 24 HOURS WITHOUT RETURN TO PRE-EXISTING CONSCIOUS LEVEL WITH PATIENT SURVIVING, SEQUELA","TRAUMA"
"CRP","S061X7A","TRAUMATIC CEREBRAL EDEMA WITH LOSS OF CONSCIOUSNESS OF ANY DURATION WITH DEATH DUE TO BRAIN INJURY PRIOR TO REGAINING CONSCIOUSNESS, INITIAL ENCOUNTER","TRAUMA"
"CRP","S061X8A","TRAUMATIC CEREBRAL EDEMA WITH LOSS OF CONSCIOUSNESS OF ANY DURATION WITH DEATH DUE TO OTHER CAUSE PRIOR TO REGAINING CONSCIOUSNESS, INITIAL ENCOUNTER","TRAUMA"
"CRP","S061X9A","TRAUMATIC CEREBRAL EDEMA WITH LOSS OF CONSCIOUSNESS OF UNSPECIFIED DURATION, INITIAL ENCOUNTER","TRAUMA"
"CRP","S061X9D","TRAUMATIC CEREBRAL EDEMA WITH LOSS OF CONSCIOUSNESS OF UNSPECIFIED DURATION, SUBSEQUENT ENCOUNTER","TRAUMA"
"CRP","S061X9S","TRAUMATIC CEREBRAL EDEMA WITH LOSS OF CONSCIOUSNESS OF UNSPECIFIED DURATION, SEQUELA","TRAUMA"
"CRP","S061XAA","TRAUMATIC CEREBRAL EDEMA WITH LOSS OF CONSCIOUSNESS STATUS UNKNOWN, INITIAL ENCOUNTER","TRAUMA"
"CRP","S061XAD","TRAUMATIC CEREBRAL EDEMA WITH LOSS OF CONSCIOUSNESS STATUS UNKNOWN, SUBSEQUENT ENCOUNTER","TRAUMA"
"CRP","S061XAS","TRAUMATIC CEREBRAL EDEMA WITH LOSS OF CONSCIOUSNESS STATUS UNKNOWN, SEQUELA","TRAUMA"
"CRP","S062X0A","DIFFUSE TRAUMATIC BRAIN INJURY WITHOUT LOSS OF CONSCIOUSNESS, INITIAL ENCOUNTER","TRAUMA"
"CRP","S062X0D","DIFFUSE TRAUMATIC BRAIN INJURY WITHOUT LOSS OF CONSCIOUSNESS, SUBSEQUENT ENCOUNTER","TRAUMA"
"CRP","S062X0S","DIFFUSE TRAUMATIC BRAIN INJURY WITHOUT LOSS OF CONSCIOUSNESS, SEQUELA","TRAUMA"
"CRP","S062X1A","DIFFUSE TRAUMATIC BRAIN INJURY WITH LOSS OF CONSCIOUSNESS OF 30 MINUTES OR LESS, INITIAL ENCOUNTER","TRAUMA"
"CRP","S062X1D","DIFFUSE TRAUMATIC BRAIN INJURY WITH LOSS OF CONSCIOUSNESS OF 30 MINUTES OR LESS, SUBSEQUENT ENCOUNTER","TRAUMA"
"CRP","S062X1S","DIFFUSE TRAUMATIC BRAIN INJURY WITH LOSS OF CONSCIOUSNESS OF 30 MINUTES OR LESS, SEQUELA","TRAUMA"
"CRP","S062X2A","DIFFUSE TRAUMATIC BRAIN INJURY WITH LOSS OF CONSCIOUSNESS OF 31 MINUTES TO 59 MINUTES, INITIAL ENCOUNTER","TRAUMA"
"CRP","S062X2D","DIFFUSE TRAUMATIC BRAIN INJURY WITH LOSS OF CONSCIOUSNESS OF 31 MINUTES TO 59 MINUTES, SUBSEQUENT ENCOUNTER","TRAUMA"
"CRP","S062X2S","DIFFUSE TRAUMATIC BRAIN INJURY WITH LOSS OF CONSCIOUSNESS OF 31 MINUTES TO 59 MINUTES, SEQUELA","TRAUMA"
"CRP","S062X3A","DIFFUSE TRAUMATIC BRAIN INJURY WITH LOSS OF CONSCIOUSNESS OF 1 HOUR TO 5 HOURS 59 MINUTES, INITIAL ENCOUNTER","TRAUMA"
"CRP","S062X3D","DIFFUSE TRAUMATIC BRAIN INJURY WITH LOSS OF CONSCIOUSNESS OF 1 HOUR TO 5 HOURS 59 MINUTES, SUBSEQUENT ENCOUNTER","TRAUMA"
"CRP","S062X3S","DIFFUSE TRAUMATIC BRAIN INJURY WITH LOSS OF CONSCIOUSNESS OF 1 HOUR TO 5 HOURS 59 MINUTES, SEQUELA","TRAUMA"
"CRP","S062X4A","DIFFUSE TRAUMATIC BRAIN INJURY WITH LOSS OF CONSCIOUSNESS OF 6 HOURS TO 24 HOURS, INITIAL ENCOUNTER","TRAUMA"
"CRP","S062X4D","DIFFUSE TRAUMATIC BRAIN INJURY WITH LOSS OF CONSCIOUSNESS OF 6 HOURS TO 24 HOURS, SUBSEQUENT ENCOUNTER","TRAUMA"
"CRP","S062X4S","DIFFUSE TRAUMATIC BRAIN INJURY WITH LOSS OF CONSCIOUSNESS OF 6 HOURS TO 24 HOURS, SEQUELA","TRAUMA"
"CRP","S062X5A","DIFFUSE TRAUMATIC BRAIN INJURY WITH LOSS OF CONSCIOUSNESS GREATER THAN 24 HOURS WITH RETURN TO PRE-EXISTING CONSCIOUS LEVELS, INITIAL ENCOUNTER","TRAUMA"
"CRP","S062X5D","DIFFUSE TRAUMATIC BRAIN INJURY WITH LOSS OF CONSCIOUSNESS GREATER THAN 24 HOURS WITH RETURN TO PRE-EXISTING CONSCIOUS LEVELS, SUBSEQUENT ENCOUNTER","TRAUMA"
"CRP","S062X5S","DIFFUSE TRAUMATIC BRAIN INJURY WITH LOSS OF CONSCIOUSNESS GREATER THAN 24 HOURS WITH RETURN TO PRE-EXISTING CONSCIOUS LEVELS, SEQUELA","TRAUMA"
"CRP","S062X6A","DIFFUSE TRAUMATIC BRAIN INJURY WITH LOSS OF CONSCIOUSNESS GREATER THAN 24 HOURS WITHOUT RETURN TO PRE-EXISTING CONSCIOUS LEVEL WITH PATIENT SURVIVING, INITIAL ENCOUNTER","TRAUMA"
"CRP","S062X6D","DIFFUSE TRAUMATIC BRAIN INJURY WITH LOSS OF CONSCIOUSNESS GREATER THAN 24 HOURS WITHOUT RETURN TO PRE-EXISTING CONSCIOUS LEVEL WITH PATIENT SURVIVING, SUBSEQUENT ENCOUNTER","TRAUMA"
"CRP","S062X6S","DIFFUSE TRAUMATIC BRAIN INJURY WITH LOSS OF CONSCIOUSNESS GREATER THAN 24 HOURS WITHOUT RETURN TO PRE-EXISTING CONSCIOUS LEVEL WITH PATIENT SURVIVING, SEQUELA","TRAUMA"
"CRP","S062X7A","DIFFUSE TRAUMATIC BRAIN INJURY WITH LOSS OF CONSCIOUSNESS OF ANY DURATION WITH DEATH DUE TO BRAIN INJURY PRIOR TO REGAINING CONSCIOUSNESS, INITIAL ENCOUNTER","TRAUMA"
"CRP","S062X8A","DIFFUSE TRAUMATIC BRAIN INJURY WITH LOSS OF CONSCIOUSNESS OF ANY DURATION WITH DEATH DUE TO OTHER CAUSE PRIOR TO REGAINING CONSCIOUSNESS, INITIAL ENCOUNTER","TRAUMA"
"CRP","S062X9A","DIFFUSE TRAUMATIC BRAIN INJURY WITH LOSS OF CONSCIOUSNESS OF UNSPECIFIED DURATION, INITIAL ENCOUNTER","TRAUMA"
"CRP","S062X9D","DIFFUSE TRAUMATIC BRAIN INJURY WITH LOSS OF CONSCIOUSNESS OF UNSPECIFIED DURATION, SUBSEQUENT ENCOUNTER","TRAUMA"
"CRP","S062X9S","DIFFUSE TRAUMATIC BRAIN INJURY WITH LOSS OF CONSCIOUSNESS OF UNSPECIFIED DURATION, SEQUELA","TRAUMA"
"CRP","S062XAA","DIFFUSE TRAUMATIC BRAIN INJURY WITH LOSS OF CONSCIOUSNESS STATUS UNKNOWN, INITIAL ENCOUNTER","TRAUMA"
"CRP","S062XAD","DIFFUSE TRAUMATIC BRAIN INJURY WITH LOSS OF CONSCIOUSNESS STATUS UNKNOWN, SUBSEQUENT ENCOUNTER","TRAUMA"
"CRP","S062XAS","DIFFUSE TRAUMATIC BRAIN INJURY WITH LOSS OF CONSCIOUSNESS STATUS UNKNOWN, SEQUELA","TRAUMA"
"CRP","S06300A","UNSPECIFIED FOCAL TRAUMATIC BRAIN INJURY WITHOUT LOSS OF CONSCIOUSNESS, INITIAL ENCOUNTER","TRAUMA"
"CRP","S06300D","UNSPECIFIED FOCAL TRAUMATIC BRAIN INJURY WITHOUT LOSS OF CONSCIOUSNESS, SUBSEQUENT ENCOUNTER","TRAUMA"
"CRP","S06300S","UNSPECIFIED FOCAL TRAUMATIC BRAIN INJURY WITHOUT LOSS OF CONSCIOUSNESS, SEQUELA","TRAUMA"
"CRP","S06301A","UNSPECIFIED FOCAL TRAUMATIC BRAIN INJURY WITH LOSS OF CONSCIOUSNESS OF 30 MINUTES OR LESS, INITIAL ENCOUNTER","TRAUMA"
"CRP","S06301D","UNSPECIFIED FOCAL TRAUMATIC BRAIN INJURY WITH LOSS OF CONSCIOUSNESS OF 30 MINUTES OR LESS, SUBSEQUENT ENCOUNTER","TRAUMA"
"CRP","S06301S","UNSPECIFIED FOCAL TRAUMATIC BRAIN INJURY WITH LOSS OF CONSCIOUSNESS OF 30 MINUTES OR LESS, SEQUELA","TRAUMA"
"CRP","S06302A","UNSPECIFIED FOCAL TRAUMATIC BRAIN INJURY WITH LOSS OF CONSCIOUSNESS OF 31 MINUTES TO 59 MINUTES, INITIAL ENCOUNTER","TRAUMA"
"CRP","S06302D","UNSPECIFIED FOCAL TRAUMATIC BRAIN INJURY WITH LOSS OF CONSCIOUSNESS OF 31 MINUTES TO 59 MINUTES, SUBSEQUENT ENCOUNTER","TRAUMA"
"CRP","S06302S","UNSPECIFIED FOCAL TRAUMATIC BRAIN INJURY WITH LOSS OF CONSCIOUSNESS OF 31 MINUTES TO 59 MINUTES, SEQUELA","TRAUMA"
"CRP","S06303A","UNSPECIFIED FOCAL TRAUMATIC BRAIN INJURY WITH LOSS OF CONSCIOUSNESS OF 1 HOUR TO 5 HOURS 59 MINUTES, INITIAL ENCOUNTER","TRAUMA"
"CRP","S06303D","UNSPECIFIED FOCAL TRAUMATIC BRAIN INJURY WITH LOSS OF CONSCIOUSNESS OF 1 HOUR TO 5 HOURS 59 MINUTES, SUBSEQUENT ENCOUNTER","TRAUMA"
"CRP","S06303S","UNSPECIFIED FOCAL TRAUMATIC BRAIN INJURY WITH LOSS OF CONSCIOUSNESS OF 1 HOUR TO 5 HOURS 59 MINUTES, SEQUELA","TRAUMA"
"CRP","S06304A","UNSPECIFIED FOCAL TRAUMATIC BRAIN INJURY WITH LOSS OF CONSCIOUSNESS OF 6 HOURS TO 24 HOURS, INITIAL ENCOUNTER","TRAUMA"
"CRP","S06304D","UNSPECIFIED FOCAL TRAUMATIC BRAIN INJURY WITH LOSS OF CONSCIOUSNESS OF 6 HOURS TO 24 HOURS, SUBSEQUENT ENCOUNTER","TRAUMA"
"CRP","S06304S","UNSPECIFIED FOCAL TRAUMATIC BRAIN INJURY WITH LOSS OF CONSCIOUSNESS OF 6 HOURS TO 24 HOURS, SEQUELA","TRAUMA"
"CRP","S06305A","UNSPECIFIED FOCAL TRAUMATIC BRAIN INJURY WITH LOSS OF CONSCIOUSNESS GREATER THAN 24 HOURS WITH RETURN TO PRE-EXISTING CONSCIOUS LEVEL, INITIAL ENCOUNTER","TRAUMA"
"CRP","S06305D","UNSPECIFIED FOCAL TRAUMATIC BRAIN INJURY WITH LOSS OF CONSCIOUSNESS GREATER THAN 24 HOURS WITH RETURN TO PRE-EXISTING CONSCIOUS LEVEL, SUBSEQUENT ENCOUNTER","TRAUMA"
"CRP","S06305S","UNSPECIFIED FOCAL TRAUMATIC BRAIN INJURY WITH LOSS OF CONSCIOUSNESS GREATER THAN 24 HOURS WITH RETURN TO PRE-EXISTING CONSCIOUS LEVEL, SEQUELA","TRAUMA"
"CRP","S06306A","UNSPECIFIED FOCAL TRAUMATIC BRAIN INJURY WITH LOSS OF CONSCIOUSNESS GREATER THAN 24 HOURS WITHOUT RETURN TO PRE-EXISTING CONSCIOUS LEVEL WITH PATIENT SURVIVING, INITIAL ENCOUNTER","TRAUMA"
"CRP","S06306D","UNSPECIFIED FOCAL TRAUMATIC BRAIN INJURY WITH LOSS OF CONSCIOUSNESS GREATER THAN 24 HOURS WITHOUT RETURN TO PRE-EXISTING CONSCIOUS LEVEL WITH PATIENT SURVIVING, SUBSEQUENT ENCOUNTER","TRAUMA"
"CRP","S06306S","UNSPECIFIED FOCAL TRAUMATIC BRAIN INJURY WITH LOSS OF CONSCIOUSNESS GREATER THAN 24 HOURS WITHOUT RETURN TO PRE-EXISTING CONSCIOUS LEVEL WITH PATIENT SURVIVING, SEQUELA","TRAUMA"
"CRP","S06307A","UNSPECIFIED FOCAL TRAUMATIC BRAIN INJURY WITH LOSS OF CONSCIOUSNESS OF ANY DURATION WITH DEATH DUE TO BRAIN INJURY PRIOR TO REGAINING CONSCIOUSNESS, INITIAL ENCOUNTER","TRAUMA"
"CRP","S06308A","UNSPECIFIED FOCAL TRAUMATIC BRAIN INJURY WITH LOSS OF CONSCIOUSNESS OF ANY DURATION WITH DEATH DUE TO OTHER CAUSE PRIOR TO REGAINING CONSCIOUSNESS, INITIAL ENCOUNTER","TRAUMA"
"CRP","S06309A","UNSPECIFIED FOCAL TRAUMATIC BRAIN INJURY WITH LOSS OF CONSCIOUSNESS OF UNSPECIFIED DURATION, INITIAL ENCOUNTER","TRAUMA"
"CRP","S06309D","UNSPECIFIED FOCAL TRAUMATIC BRAIN INJURY WITH LOSS OF CONSCIOUSNESS OF UNSPECIFIED DURATION, SUBSEQUENT ENCOUNTER","TRAUMA"
"CRP","S06309S","UNSPECIFIED FOCAL TRAUMATIC BRAIN INJURY WITH LOSS OF CONSCIOUSNESS OF UNSPECIFIED DURATION, SEQUELA","TRAUMA"
"CRP","S0630AA","UNSPECIFIED FOCAL TRAUMATIC BRAIN INJURY WITH LOSS OF CONSCIOUSNESS STATUS UNKNOWN, INITIAL ENCOUNTER","TRAUMA"
"CRP","S0630AD","UNSPECIFIED FOCAL TRAUMATIC BRAIN INJURY WITH LOSS OF CONSCIOUSNESS STATUS UNKNOWN, SUBSEQUENT ENCOUNTER","TRAUMA"
"CRP","S0630AS","UNSPECIFIED FOCAL TRAUMATIC BRAIN INJURY WITH LOSS OF CONSCIOUSNESS STATUS UNKNOWN, SEQUELA","TRAUMA"
"CRP","S06340A","TRAUMATIC HEMORRHAGE OF RIGHT CEREBRUM WITHOUT LOSS OF CONSCIOUSNESS, INITIAL ENCOUNTER","TRAUMA"
"CRP","S06340D","TRAUMATIC HEMORRHAGE OF RIGHT CEREBRUM WITHOUT LOSS OF CONSCIOUSNESS, SUBSEQUENT ENCOUNTER","TRAUMA"
"CRP","S06340S","TRAUMATIC HEMORRHAGE OF RIGHT CEREBRUM WITHOUT LOSS OF CONSCIOUSNESS, SEQUELA","TRAUMA"
"CRP","S06341A","TRAUMATIC HEMORRHAGE OF RIGHT CEREBRUM WITH LOSS OF CONSCIOUSNESS OF 30 MINUTES OR LESS, INITIAL ENCOUNTER","TRAUMA"
"CRP","S06341D","TRAUMATIC HEMORRHAGE OF RIGHT CEREBRUM WITH LOSS OF CONSCIOUSNESS OF 30 MINUTES OR LESS, SUBSEQUENT ENCOUNTER","TRAUMA"
"CRP","S06341S","TRAUMATIC HEMORRHAGE OF RIGHT CEREBRUM WITH LOSS OF CONSCIOUSNESS OF 30 MINUTES OR LESS, SEQUELA","TRAUMA"
"CRP","S06342A","TRAUMATIC HEMORRHAGE OF RIGHT CEREBRUM WITH LOSS OF CONSCIOUSNESS OF 31 MINUTES TO 59 MINUTES, INITIAL ENCOUNTER","TRAUMA"
"CRP","S06342D","TRAUMATIC HEMORRHAGE OF RIGHT CEREBRUM WITH LOSS OF CONSCIOUSNESS OF 31 MINUTES TO 59 MINUTES, SUBSEQUENT ENCOUNTER","TRAUMA"
"CRP","S06342S","TRAUMATIC HEMORRHAGE OF RIGHT CEREBRUM WITH LOSS OF CONSCIOUSNESS OF 31 MINUTES TO 59 MINUTES, SEQUELA","TRAUMA"
"CRP","S06343A","TRAUMATIC HEMORRHAGE OF RIGHT CEREBRUM WITH LOSS OF CONSCIOUSNESS OF 1 HOURS TO 5 HOURS 59 MINUTES, INITIAL ENCOUNTER","TRAUMA"
"CRP","S06343D","TRAUMATIC HEMORRHAGE OF RIGHT CEREBRUM WITH LOSS OF CONSCIOUSNESS OF 1 HOURS TO 5 HOURS 59 MINUTES, SUBSEQUENT ENCOUNTER","TRAUMA"
"CRP","S06343S","TRAUMATIC HEMORRHAGE OF RIGHT CEREBRUM WITH LOSS OF CONSCIOUSNESS OF 1 HOURS TO 5 HOURS 59 MINUTES, SEQUELA","TRAUMA"
"CRP","S06344A","TRAUMATIC HEMORRHAGE OF RIGHT CEREBRUM WITH LOSS OF CONSCIOUSNESS OF 6 HOURS TO 24 HOURS, INITIAL ENCOUNTER","TRAUMA"
"CRP","S06344D","TRAUMATIC HEMORRHAGE OF RIGHT CEREBRUM WITH LOSS OF CONSCIOUSNESS OF 6 HOURS TO 24 HOURS, SUBSEQUENT ENCOUNTER","TRAUMA"
"CRP","S06344S","TRAUMATIC HEMORRHAGE OF RIGHT CEREBRUM WITH LOSS OF CONSCIOUSNESS OF 6 HOURS TO 24 HOURS, SEQUELA","TRAUMA"
"CRP","S06345A","TRAUMATIC HEMORRHAGE OF RIGHT CEREBRUM WITH LOSS OF CONSCIOUSNESS GREATER THAN 24 HOURS WITH RETURN TO PRE-EXISTING CONSCIOUS LEVEL, INITIAL ENCOUNTER","TRAUMA"
"CRP","S06345D","TRAUMATIC HEMORRHAGE OF RIGHT CEREBRUM WITH LOSS OF CONSCIOUSNESS GREATER THAN 24 HOURS WITH RETURN TO PRE-EXISTING CONSCIOUS LEVEL, SUBSEQUENT ENCOUNTER","TRAUMA"
"CRP","S06345S","TRAUMATIC HEMORRHAGE OF RIGHT CEREBRUM WITH LOSS OF CONSCIOUSNESS GREATER THAN 24 HOURS WITH RETURN TO PRE-EXISTING CONSCIOUS LEVEL, SEQUELA","TRAUMA"
"CRP","S06346A","TRAUMATIC HEMORRHAGE OF RIGHT CEREBRUM WITH LOSS OF CONSCIOUSNESS GREATER THAN 24 HOURS WITHOUT RETURN TO PRE-EXISTING CONSCIOUS LEVEL WITH PATIENT SURVIVING, INITIAL ENCOUNTER","TRAUMA"
"CRP","S06346D","TRAUMATIC HEMORRHAGE OF RIGHT CEREBRUM WITH LOSS OF CONSCIOUSNESS GREATER THAN 24 HOURS WITHOUT RETURN TO PRE-EXISTING CONSCIOUS LEVEL WITH PATIENT SURVIVING, SUBSEQUENT ENCOUNTER","TRAUMA"
"CRP","S06346S","TRAUMATIC HEMORRHAGE OF RIGHT CEREBRUM WITH LOSS OF CONSCIOUSNESS GREATER THAN 24 HOURS WITHOUT RETURN TO PRE-EXISTING CONSCIOUS LEVEL WITH PATIENT SURVIVING, SEQUELA","TRAUMA"
"CRP","S06347A","TRAUMATIC HEMORRHAGE OF RIGHT CEREBRUM WITH LOSS OF CONSCIOUSNESS OF ANY DURATION WITH DEATH DUE TO BRAIN INJURY PRIOR TO REGAINING CONSCIOUSNESS, INITIAL ENCOUNTER","TRAUMA"
"CRP","S06348A","TRAUMATIC HEMORRHAGE OF RIGHT CEREBRUM WITH LOSS OF CONSCIOUSNESS OF ANY DURATION WITH DEATH DUE TO OTHER CAUSE PRIOR TO REGAINING CONSCIOUSNESS, INITIAL ENCOUNTER","TRAUMA"
"CRP","S06349A","TRAUMATIC HEMORRHAGE OF RIGHT CEREBRUM WITH LOSS OF CONSCIOUSNESS OF UNSPECIFIED DURATION, INITIAL ENCOUNTER","TRAUMA"
"CRP","S06349D","TRAUMATIC HEMORRHAGE OF RIGHT CEREBRUM WITH LOSS OF CONSCIOUSNESS OF UNSPECIFIED DURATION, SUBSEQUENT ENCOUNTER","TRAUMA"
"CRP","S06349S","TRAUMATIC HEMORRHAGE OF RIGHT CEREBRUM WITH LOSS OF CONSCIOUSNESS OF UNSPECIFIED DURATION, SEQUELA","TRAUMA"
"CRP","S0634AA","TRAUMATIC HEMORRHAGE OF RIGHT CEREBRUM WITH LOSS OF CONSCIOUSNESS STATUS UNKNOWN, INITIAL ENCOUNTER","TRAUMA"
"CRP","S0634AD","TRAUMATIC HEMORRHAGE OF RIGHT CEREBRUM WITH LOSS OF CONSCIOUSNESS STATUS UNKNOWN, SUBSEQUENT ENCOUNTER","TRAUMA"
"CRP","S0634AS","TRAUMATIC HEMORRHAGE OF RIGHT CEREBRUM WITH LOSS OF CONSCIOUSNESS STATUS UNKNOWN, SEQUELA","TRAUMA"
"CRP","S06350A","TRAUMATIC HEMORRHAGE OF LEFT CEREBRUM WITHOUT LOSS OF CONSCIOUSNESS, INITIAL ENCOUNTER","TRAUMA"
"CRP","S06350D","TRAUMATIC HEMORRHAGE OF LEFT CEREBRUM WITHOUT LOSS OF CONSCIOUSNESS, SUBSEQUENT ENCOUNTER","TRAUMA"
"CRP","S06350S","TRAUMATIC HEMORRHAGE OF LEFT CEREBRUM WITHOUT LOSS OF CONSCIOUSNESS, SEQUELA","TRAUMA"
"CRP","S06351A","TRAUMATIC HEMORRHAGE OF LEFT CEREBRUM WITH LOSS OF CONSCIOUSNESS OF 30 MINUTES OR LESS, INITIAL ENCOUNTER","TRAUMA"
"CRP","S06351D","TRAUMATIC HEMORRHAGE OF LEFT CEREBRUM WITH LOSS OF CONSCIOUSNESS OF 30 MINUTES OR LESS, SUBSEQUENT ENCOUNTER","TRAUMA"
"CRP","S06351S","TRAUMATIC HEMORRHAGE OF LEFT CEREBRUM WITH LOSS OF CONSCIOUSNESS OF 30 MINUTES OR LESS, SEQUELA","TRAUMA"
"CRP","S06352A","TRAUMATIC HEMORRHAGE OF LEFT CEREBRUM WITH LOSS OF CONSCIOUSNESS OF 31 MINUTES TO 59 MINUTES, INITIAL ENCOUNTER","TRAUMA"
"CRP","S06352D","TRAUMATIC HEMORRHAGE OF LEFT CEREBRUM WITH LOSS OF CONSCIOUSNESS OF 31 MINUTES TO 59 MINUTES, SUBSEQUENT ENCOUNTER","TRAUMA"
"CRP","S06352S","TRAUMATIC HEMORRHAGE OF LEFT CEREBRUM WITH LOSS OF CONSCIOUSNESS OF 31 MINUTES TO 59 MINUTES, SEQUELA","TRAUMA"
"CRP","S06353A","TRAUMATIC HEMORRHAGE OF LEFT CEREBRUM WITH LOSS OF CONSCIOUSNESS OF 1 HOURS TO 5 HOURS 59 MINUTES, INITIAL ENCOUNTER","TRAUMA"
"CRP","S06353D","TRAUMATIC HEMORRHAGE OF LEFT CEREBRUM WITH LOSS OF CONSCIOUSNESS OF 1 HOURS TO 5 HOURS 59 MINUTES, SUBSEQUENT ENCOUNTER","TRAUMA"
"CRP","S06353S","TRAUMATIC HEMORRHAGE OF LEFT CEREBRUM WITH LOSS OF CONSCIOUSNESS OF 1 HOURS TO 5 HOURS 59 MINUTES, SEQUELA","TRAUMA"
"CRP","S06354A","TRAUMATIC HEMORRHAGE OF LEFT CEREBRUM WITH LOSS OF CONSCIOUSNESS OF 6 HOURS TO 24 HOURS, INITIAL ENCOUNTER","TRAUMA"
"CRP","S06354D","TRAUMATIC HEMORRHAGE OF LEFT CEREBRUM WITH LOSS OF CONSCIOUSNESS OF 6 HOURS TO 24 HOURS, SUBSEQUENT ENCOUNTER","TRAUMA"
"CRP","S06354S","TRAUMATIC HEMORRHAGE OF LEFT CEREBRUM WITH LOSS OF CONSCIOUSNESS OF 6 HOURS TO 24 HOURS, SEQUELA","TRAUMA"
"CRP","S06355A","TRAUMATIC HEMORRHAGE OF LEFT CEREBRUM WITH LOSS OF CONSCIOUSNESS GREATER THAN 24 HOURS WITH RETURN TO PRE-EXISTING CONSCIOUS LEVEL, INITIAL ENCOUNTER","TRAUMA"
"CRP","S06355D","TRAUMATIC HEMORRHAGE OF LEFT CEREBRUM WITH LOSS OF CONSCIOUSNESS GREATER THAN 24 HOURS WITH RETURN TO PRE-EXISTING CONSCIOUS LEVEL, SUBSEQUENT ENCOUNTER","TRAUMA"
"CRP","S06355S","TRAUMATIC HEMORRHAGE OF LEFT CEREBRUM WITH LOSS OF CONSCIOUSNESS GREATER THAN 24 HOURS WITH RETURN TO PRE-EXISTING CONSCIOUS LEVEL, SEQUELA","TRAUMA"
"CRP","S06356A","TRAUMATIC HEMORRHAGE OF LEFT CEREBRUM WITH LOSS OF CONSCIOUSNESS GREATER THAN 24 HOURS WITHOUT RETURN TO PRE-EXISTING CONSCIOUS LEVEL WITH PATIENT SURVIVING, INITIAL ENCOUNTER","TRAUMA"
"CRP","S06356D","TRAUMATIC HEMORRHAGE OF LEFT CEREBRUM WITH LOSS OF CONSCIOUSNESS GREATER THAN 24 HOURS WITHOUT RETURN TO PRE-EXISTING CONSCIOUS LEVEL WITH PATIENT SURVIVING, SUBSEQUENT ENCOUNTER","TRAUMA"
"CRP","S06356S","TRAUMATIC HEMORRHAGE OF LEFT CEREBRUM WITH LOSS OF CONSCIOUSNESS GREATER THAN 24 HOURS WITHOUT RETURN TO PRE-EXISTING CONSCIOUS LEVEL WITH PATIENT SURVIVING, SEQUELA","TRAUMA"
"CRP","S06357A","TRAUMATIC HEMORRHAGE OF LEFT CEREBRUM WITH LOSS OF CONSCIOUSNESS OF ANY DURATION WITH DEATH DUE TO BRAIN INJURY PRIOR TO REGAINING CONSCIOUSNESS, INITIAL ENCOUNTER","TRAUMA"
"CRP","S06358A","TRAUMATIC HEMORRHAGE OF LEFT CEREBRUM WITH LOSS OF CONSCIOUSNESS OF ANY DURATION WITH DEATH DUE TO OTHER CAUSE PRIOR TO REGAINING CONSCIOUSNESS, INITIAL ENCOUNTER","TRAUMA"
"CRP","S06359A","TRAUMATIC HEMORRHAGE OF LEFT CEREBRUM WITH LOSS OF CONSCIOUSNESS OF UNSPECIFIED DURATION, INITIAL ENCOUNTER","TRAUMA"
"CRP","S06359D","TRAUMATIC HEMORRHAGE OF LEFT CEREBRUM WITH LOSS OF CONSCIOUSNESS OF UNSPECIFIED DURATION, SUBSEQUENT ENCOUNTER","TRAUMA"
"CRP","S06359S","TRAUMATIC HEMORRHAGE OF LEFT CEREBRUM WITH LOSS OF CONSCIOUSNESS OF UNSPECIFIED DURATION, SEQUELA","TRAUMA"
"CRP","S0635AA","TRAUMATIC HEMORRHAGE OF LEFT CEREBRUM WITH LOSS OF CONSCIOUSNESS STATUS UNKNOWN, INITIAL ENCOUNTER","TRAUMA"
"CRP","S0635AD","TRAUMATIC HEMORRHAGE OF LEFT CEREBRUM WITH LOSS OF CONSCIOUSNESS STATUS UNKNOWN, SUBSEQUENT ENCOUNTER","TRAUMA"
"CRP","S0635AS","TRAUMATIC HEMORRHAGE OF LEFT CEREBRUM WITH LOSS OF CONSCIOUSNESS STATUS UNKNOWN, SEQUELA","TRAUMA"
"CRP","S06360A","TRAUMATIC HEMORRHAGE OF CEREBRUM, UNSPECIFIED, WITHOUT LOSS OF CONSCIOUSNESS, INITIAL ENCOUNTER","TRAUMA"
"CRP","S06360D","TRAUMATIC HEMORRHAGE OF CEREBRUM, UNSPECIFIED, WITHOUT LOSS OF CONSCIOUSNESS, SUBSEQUENT ENCOUNTER","TRAUMA"
"CRP","S06360S","TRAUMATIC HEMORRHAGE OF CEREBRUM, UNSPECIFIED, WITHOUT LOSS OF CONSCIOUSNESS, SEQUELA","TRAUMA"
"CRP","S06361A","TRAUMATIC HEMORRHAGE OF CEREBRUM, UNSPECIFIED, WITH LOSS OF CONSCIOUSNESS OF 30 MINUTES OR LESS, INITIAL ENCOUNTER","TRAUMA"
"CRP","S06361D","TRAUMATIC HEMORRHAGE OF CEREBRUM, UNSPECIFIED, WITH LOSS OF CONSCIOUSNESS OF 30 MINUTES OR LESS, SUBSEQUENT ENCOUNTER","TRAUMA"
"CRP","S06361S","TRAUMATIC HEMORRHAGE OF CEREBRUM, UNSPECIFIED, WITH LOSS OF CONSCIOUSNESS OF 30 MINUTES OR LESS, SEQUELA","TRAUMA"
"CRP","S06362A","TRAUMATIC HEMORRHAGE OF CEREBRUM, UNSPECIFIED, WITH LOSS OF CONSCIOUSNESS OF 31 MINUTES TO 59 MINUTES, INITIAL ENCOUNTER","TRAUMA"
"CRP","S06362D","TRAUMATIC HEMORRHAGE OF CEREBRUM, UNSPECIFIED, WITH LOSS OF CONSCIOUSNESS OF 31 MINUTES TO 59 MINUTES, SUBSEQUENT ENCOUNTER","TRAUMA"
"CRP","S06362S","TRAUMATIC HEMORRHAGE OF CEREBRUM, UNSPECIFIED, WITH LOSS OF CONSCIOUSNESS OF 31 MINUTES TO 59 MINUTES, SEQUELA","TRAUMA"
"CRP","S06363A","TRAUMATIC HEMORRHAGE OF CEREBRUM, UNSPECIFIED, WITH LOSS OF CONSCIOUSNESS OF 1 HOURS TO 5 HOURS 59 MINUTES, INITIAL ENCOUNTER","TRAUMA"
"CRP","S06363D","TRAUMATIC HEMORRHAGE OF CEREBRUM, UNSPECIFIED, WITH LOSS OF CONSCIOUSNESS OF 1 HOURS TO 5 HOURS 59 MINUTES, SUBSEQUENT ENCOUNTER","TRAUMA"
"CRP","S06363S","TRAUMATIC HEMORRHAGE OF CEREBRUM, UNSPECIFIED, WITH LOSS OF CONSCIOUSNESS OF 1 HOURS TO 5 HOURS 59 MINUTES, SEQUELA","TRAUMA"
"CRP","S06364A","TRAUMATIC HEMORRHAGE OF CEREBRUM, UNSPECIFIED, WITH LOSS OF CONSCIOUSNESS OF 6 HOURS TO 24 HOURS, INITIAL ENCOUNTER","TRAUMA"
"CRP","S06364D","TRAUMATIC HEMORRHAGE OF CEREBRUM, UNSPECIFIED, WITH LOSS OF CONSCIOUSNESS OF 6 HOURS TO 24 HOURS, SUBSEQUENT ENCOUNTER","TRAUMA"
"CRP","S06364S","TRAUMATIC HEMORRHAGE OF CEREBRUM, UNSPECIFIED, WITH LOSS OF CONSCIOUSNESS OF 6 HOURS TO 24 HOURS, SEQUELA","TRAUMA"
"CRP","S06365A","TRAUMATIC HEMORRHAGE OF CEREBRUM, UNSPECIFIED, WITH LOSS OF CONSCIOUSNESS GREATER THAN 24 HOURS WITH RETURN TO PRE-EXISTING CONSCIOUS LEVEL, INITIAL ENCOUNTER","TRAUMA"
"CRP","S06365D","TRAUMATIC HEMORRHAGE OF CEREBRUM, UNSPECIFIED, WITH LOSS OF CONSCIOUSNESS GREATER THAN 24 HOURS WITH RETURN TO PRE-EXISTING CONSCIOUS LEVEL, SUBSEQUENT ENCOUNTER","TRAUMA"
"CRP","S06365S","TRAUMATIC HEMORRHAGE OF CEREBRUM, UNSPECIFIED, WITH LOSS OF CONSCIOUSNESS GREATER THAN 24 HOURS WITH RETURN TO PRE-EXISTING CONSCIOUS LEVEL, SEQUELA","TRAUMA"
"CRP","S06366A","TRAUMATIC HEMORRHAGE OF CEREBRUM, UNSPECIFIED, WITH LOSS OF CONSCIOUSNESS GREATER THAN 24 HOURS WITHOUT RETURN TO PRE-EXISTING CONSCIOUS LEVEL WITH PATIENT SURVIVING, INITIAL ENCOUNTER","TRAUMA"
"CRP","S06366D","TRAUMATIC HEMORRHAGE OF CEREBRUM, UNSPECIFIED, WITH LOSS OF CONSCIOUSNESS GREATER THAN 24 HOURS WITHOUT RETURN TO PRE-EXISTING CONSCIOUS LEVEL WITH PATIENT SURVIVING, SUBSEQUENT ENCOUNTER","TRAUMA"
"CRP","S06366S","TRAUMATIC HEMORRHAGE OF CEREBRUM, UNSPECIFIED, WITH LOSS OF CONSCIOUSNESS GREATER THAN 24 HOURS WITHOUT RETURN TO PRE-EXISTING CONSCIOUS LEVEL WITH PATIENT SURVIVING, SEQUELA","TRAUMA"
"CRP","S06367A","TRAUMATIC HEMORRHAGE OF CEREBRUM, UNSPECIFIED, WITH LOSS OF CONSCIOUSNESS OF ANY DURATION WITH DEATH DUE TO BRAIN INJURY PRIOR TO REGAINING CONSCIOUSNESS, INITIAL ENCOUNTER","TRAUMA"
"CRP","S06368A","TRAUMATIC HEMORRHAGE OF CEREBRUM, UNSPECIFIED, WITH LOSS OF CONSCIOUSNESS OF ANY DURATION WITH DEATH DUE TO OTHER CAUSE PRIOR TO REGAINING CONSCIOUSNESS, INITIAL ENCOUNTER","TRAUMA"
"CRP","S06369A","TRAUMATIC HEMORRHAGE OF CEREBRUM, UNSPECIFIED, WITH LOSS OF CONSCIOUSNESS OF UNSPECIFIED DURATION, INITIAL ENCOUNTER","TRAUMA"
"CRP","S06369D","TRAUMATIC HEMORRHAGE OF CEREBRUM, UNSPECIFIED, WITH LOSS OF CONSCIOUSNESS OF UNSPECIFIED DURATION, SUBSEQUENT ENCOUNTER","TRAUMA"
"CRP","S06369S","TRAUMATIC HEMORRHAGE OF CEREBRUM, UNSPECIFIED, WITH LOSS OF CONSCIOUSNESS OF UNSPECIFIED DURATION, SEQUELA","TRAUMA"
"CRP","S0636AA","TRAUMATIC HEMORRHAGE OF CEREBRUM, UNSPECIFIED, WITH LOSS OF CONSCIOUSNESS STATUS UNKNOWN, INITIAL ENCOUNTER","TRAUMA"
"CRP","S0636AD","TRAUMATIC HEMORRHAGE OF CEREBRUM, UNSPECIFIED, WITH LOSS OF CONSCIOUSNESS STATUS UNKNOWN, SUBSEQUENT ENCOUNTER","TRAUMA"
"CRP","S0636AS","TRAUMATIC HEMORRHAGE OF CEREBRUM, UNSPECIFIED, WITH LOSS OF CONSCIOUSNESS STATUS UNKNOWN, SEQUELA","TRAUMA"
"CRP","S065X0A","TRAUMATIC SUBDURAL HEMORRHAGE WITHOUT LOSS OF CONSCIOUSNESS, INITIAL ENCOUNTER","TRAUMA"
"CRP","S065X0D","TRAUMATIC SUBDURAL HEMORRHAGE WITHOUT LOSS OF CONSCIOUSNESS, SUBSEQUENT ENCOUNTER","TRAUMA"
"CRP","S065X0S","TRAUMATIC SUBDURAL HEMORRHAGE WITHOUT LOSS OF CONSCIOUSNESS, SEQUELA","TRAUMA"
"CRP","S065X1A","TRAUMATIC SUBDURAL HEMORRHAGE WITH LOSS OF CONSCIOUSNESS OF 30 MINUTES OR LESS, INITIAL ENCOUNTER","TRAUMA"
"CRP","S065X1D","TRAUMATIC SUBDURAL HEMORRHAGE WITH LOSS OF CONSCIOUSNESS OF 30 MINUTES OR LESS, SUBSEQUENT ENCOUNTER","TRAUMA"
"CRP","S065X1S","TRAUMATIC SUBDURAL HEMORRHAGE WITH LOSS OF CONSCIOUSNESS OF 30 MINUTES OR LESS, SEQUELA","TRAUMA"
"CRP","S065X2A","TRAUMATIC SUBDURAL HEMORRHAGE WITH LOSS OF CONSCIOUSNESS OF 31 MINUTES TO 59 MINUTES, INITIAL ENCOUNTER","TRAUMA"
"CRP","S065X2D","TRAUMATIC SUBDURAL HEMORRHAGE WITH LOSS OF CONSCIOUSNESS OF 31 MINUTES TO 59 MINUTES, SUBSEQUENT ENCOUNTER","TRAUMA"
"CRP","S065X2S","TRAUMATIC SUBDURAL HEMORRHAGE WITH LOSS OF CONSCIOUSNESS OF 31 MINUTES TO 59 MINUTES, SEQUELA","TRAUMA"
"CRP","S065X3A","TRAUMATIC SUBDURAL HEMORRHAGE WITH LOSS OF CONSCIOUSNESS OF 1 HOUR TO 5 HOURS 59 MINUTES, INITIAL ENCOUNTER","TRAUMA"
"CRP","S065X3D","TRAUMATIC SUBDURAL HEMORRHAGE WITH LOSS OF CONSCIOUSNESS OF 1 HOUR TO 5 HOURS 59 MINUTES, SUBSEQUENT ENCOUNTER","TRAUMA"
"CRP","S065X3S","TRAUMATIC SUBDURAL HEMORRHAGE WITH LOSS OF CONSCIOUSNESS OF 1 HOUR TO 5 HOURS 59 MINUTES, SEQUELA","TRAUMA"
"CRP","S065X4A","TRAUMATIC SUBDURAL HEMORRHAGE WITH LOSS OF CONSCIOUSNESS OF 6 HOURS TO 24 HOURS, INITIAL ENCOUNTER","TRAUMA"
"CRP","S065X4D","TRAUMATIC SUBDURAL HEMORRHAGE WITH LOSS OF CONSCIOUSNESS OF 6 HOURS TO 24 HOURS, SUBSEQUENT ENCOUNTER","TRAUMA"
"CRP","S065X4S","TRAUMATIC SUBDURAL HEMORRHAGE WITH LOSS OF CONSCIOUSNESS OF 6 HOURS TO 24 HOURS, SEQUELA","TRAUMA"
"CRP","S065X5A","TRAUMATIC SUBDURAL HEMORRHAGE WITH LOSS OF CONSCIOUSNESS GREATER THAN 24 HOURS WITH RETURN TO PRE-EXISTING CONSCIOUS LEVEL, INITIAL ENCOUNTER","TRAUMA"
"CRP","S065X5D","TRAUMATIC SUBDURAL HEMORRHAGE WITH LOSS OF CONSCIOUSNESS GREATER THAN 24 HOURS WITH RETURN TO PRE-EXISTING CONSCIOUS LEVEL, SUBSEQUENT ENCOUNTER","TRAUMA"
"CRP","S065X5S","TRAUMATIC SUBDURAL HEMORRHAGE WITH LOSS OF CONSCIOUSNESS GREATER THAN 24 HOURS WITH RETURN TO PRE-EXISTING CONSCIOUS LEVEL, SEQUELA","TRAUMA"
"CRP","S065X6A","TRAUMATIC SUBDURAL HEMORRHAGE WITH LOSS OF CONSCIOUSNESS GREATER THAN 24 HOURS WITHOUT RETURN TO PRE-EXISTING CONSCIOUS LEVEL WITH PATIENT SURVIVING, INITIAL ENCOUNTER","TRAUMA"
"CRP","S065X6D","TRAUMATIC SUBDURAL HEMORRHAGE WITH LOSS OF CONSCIOUSNESS GREATER THAN 24 HOURS WITHOUT RETURN TO PRE-EXISTING CONSCIOUS LEVEL WITH PATIENT SURVIVING, SUBSEQUENT ENCOUNTER","TRAUMA"
"CRP","S065X6S","TRAUMATIC SUBDURAL HEMORRHAGE WITH LOSS OF CONSCIOUSNESS GREATER THAN 24 HOURS WITHOUT RETURN TO PRE-EXISTING CONSCIOUS LEVEL WITH PATIENT SURVIVING, SEQUELA","TRAUMA"
"CRP","S065X7A","TRAUMATIC SUBDURAL HEMORRHAGE WITH LOSS OF CONSCIOUSNESS OF ANY DURATION WITH DEATH DUE TO BRAIN INJURY BEFORE REGAINING CONSCIOUSNESS, INITIAL ENCOUNTER","TRAUMA"
"CRP","S065X8A","TRAUMATIC SUBDURAL HEMORRHAGE WITH LOSS OF CONSCIOUSNESS OF ANY DURATION WITH DEATH DUE TO OTHER CAUSE BEFORE REGAINING CONSCIOUSNESS, INITIAL ENCOUNTER","TRAUMA"
"CRP","S065X9A","TRAUMATIC SUBDURAL HEMORRHAGE WITH LOSS OF CONSCIOUSNESS OF UNSPECIFIED DURATION, INITIAL ENCOUNTER","TRAUMA"
"CRP","S065X9D","TRAUMATIC SUBDURAL HEMORRHAGE WITH LOSS OF CONSCIOUSNESS OF UNSPECIFIED DURATION, SUBSEQUENT ENCOUNTER","TRAUMA"
"CRP","S065X9S","TRAUMATIC SUBDURAL HEMORRHAGE WITH LOSS OF CONSCIOUSNESS OF UNSPECIFIED DURATION, SEQUELA","TRAUMA"
"CRP","S065XAA","TRAUMATIC SUBDURAL HEMORRHAGE WITH LOSS OF CONSCIOUSNESS STATUS UNKNOWN, INITIAL ENCOUNTER","TRAUMA"
"CRP","S065XAD","TRAUMATIC SUBDURAL HEMORRHAGE WITH LOSS OF CONSCIOUSNESS STATUS UNKNOWN, SUBSEQUENT ENCOUNTER","TRAUMA"
"CRP","S065XAS","TRAUMATIC SUBDURAL HEMORRHAGE WITH LOSS OF CONSCIOUSNESS STATUS UNKNOWN, SEQUELA","TRAUMA"
"CRP","S066X0A","TRAUMATIC SUBARACHNOID HEMORRHAGE WITHOUT LOSS OF CONSCIOUSNESS, INITIAL ENCOUNTER","TRAUMA"
"CRP","S066X0D","TRAUMATIC SUBARACHNOID HEMORRHAGE WITHOUT LOSS OF CONSCIOUSNESS, SUBSEQUENT ENCOUNTER","TRAUMA"
"CRP","S066X0S","TRAUMATIC SUBARACHNOID HEMORRHAGE WITHOUT LOSS OF CONSCIOUSNESS, SEQUELA","TRAUMA"
"CRP","S066X1A","TRAUMATIC SUBARACHNOID HEMORRHAGE WITH LOSS OF CONSCIOUSNESS OF 30 MINUTES OR LESS, INITIAL ENCOUNTER","TRAUMA"
"CRP","S066X1D","TRAUMATIC SUBARACHNOID HEMORRHAGE WITH LOSS OF CONSCIOUSNESS OF 30 MINUTES OR LESS, SUBSEQUENT ENCOUNTER","TRAUMA"
"CRP","S066X1S","TRAUMATIC SUBARACHNOID HEMORRHAGE WITH LOSS OF CONSCIOUSNESS OF 30 MINUTES OR LESS, SEQUELA","TRAUMA"
"CRP","S066X2A","TRAUMATIC SUBARACHNOID HEMORRHAGE WITH LOSS OF CONSCIOUSNESS OF 31 MINUTES TO 59 MINUTES, INITIAL ENCOUNTER","TRAUMA"
"CRP","S066X2D","TRAUMATIC SUBARACHNOID HEMORRHAGE WITH LOSS OF CONSCIOUSNESS OF 31 MINUTES TO 59 MINUTES, SUBSEQUENT ENCOUNTER","TRAUMA"
"CRP","S066X2S","TRAUMATIC SUBARACHNOID HEMORRHAGE WITH LOSS OF CONSCIOUSNESS OF 31 MINUTES TO 59 MINUTES, SEQUELA","TRAUMA"
"CRP","S066X3A","TRAUMATIC SUBARACHNOID HEMORRHAGE WITH LOSS OF CONSCIOUSNESS OF 1 HOUR TO 5 HOURS 59 MINUTES, INITIAL ENCOUNTER","TRAUMA"
"CRP","S066X3D","TRAUMATIC SUBARACHNOID HEMORRHAGE WITH LOSS OF CONSCIOUSNESS OF 1 HOUR TO 5 HOURS 59 MINUTES, SUBSEQUENT ENCOUNTER","TRAUMA"
"CRP","S066X3S","TRAUMATIC SUBARACHNOID HEMORRHAGE WITH LOSS OF CONSCIOUSNESS OF 1 HOUR TO 5 HOURS 59 MINUTES, SEQUELA","TRAUMA"
"CRP","S066X4A","TRAUMATIC SUBARACHNOID HEMORRHAGE WITH LOSS OF CONSCIOUSNESS OF 6 HOURS TO 24 HOURS, INITIAL ENCOUNTER","TRAUMA"
"CRP","S066X4D","TRAUMATIC SUBARACHNOID HEMORRHAGE WITH LOSS OF CONSCIOUSNESS OF 6 HOURS TO 24 HOURS, SUBSEQUENT ENCOUNTER","TRAUMA"
"CRP","S066X4S","TRAUMATIC SUBARACHNOID HEMORRHAGE WITH LOSS OF CONSCIOUSNESS OF 6 HOURS TO 24 HOURS, SEQUELA","TRAUMA"
"CRP","S066X5A","TRAUMATIC SUBARACHNOID HEMORRHAGE WITH LOSS OF CONSCIOUSNESS GREATER THAN 24 HOURS WITH RETURN TO PRE-EXISTING CONSCIOUS LEVEL, INITIAL ENCOUNTER","TRAUMA"
"CRP","S066X5D","TRAUMATIC SUBARACHNOID HEMORRHAGE WITH LOSS OF CONSCIOUSNESS GREATER THAN 24 HOURS WITH RETURN TO PRE-EXISTING CONSCIOUS LEVEL, SUBSEQUENT ENCOUNTER","TRAUMA"
"CRP","S066X5S","TRAUMATIC SUBARACHNOID HEMORRHAGE WITH LOSS OF CONSCIOUSNESS GREATER THAN 24 HOURS WITH RETURN TO PRE-EXISTING CONSCIOUS LEVEL, SEQUELA","TRAUMA"
"CRP","S066X6A","TRAUMATIC SUBARACHNOID HEMORRHAGE WITH LOSS OF CONSCIOUSNESS GREATER THAN 24 HOURS WITHOUT RETURN TO PRE-EXISTING CONSCIOUS LEVEL WITH PATIENT SURVIVING, INITIAL ENCOUNTER","TRAUMA"
"CRP","S066X6D","TRAUMATIC SUBARACHNOID HEMORRHAGE WITH LOSS OF CONSCIOUSNESS GREATER THAN 24 HOURS WITHOUT RETURN TO PRE-EXISTING CONSCIOUS LEVEL WITH PATIENT SURVIVING, SUBSEQUENT ENCOUNTER","TRAUMA"
"CRP","S066X6S","TRAUMATIC SUBARACHNOID HEMORRHAGE WITH LOSS OF CONSCIOUSNESS GREATER THAN 24 HOURS WITHOUT RETURN TO PRE-EXISTING CONSCIOUS LEVEL WITH PATIENT SURVIVING, SEQUELA","TRAUMA"
"CRP","S066X7A","TRAUMATIC SUBARACHNOID HEMORRHAGE WITH LOSS OF CONSCIOUSNESS OF ANY DURATION WITH DEATH DUE TO BRAIN INJURY PRIOR TO REGAINING CONSCIOUSNESS, INITIAL ENCOUNTER","TRAUMA"
"CRP","S066X8A","TRAUMATIC SUBARACHNOID HEMORRHAGE WITH LOSS OF CONSCIOUSNESS OF ANY DURATION WITH DEATH DUE TO OTHER CAUSE PRIOR TO REGAINING CONSCIOUSNESS, INITIAL ENCOUNTER","TRAUMA"
"CRP","S066X9A","TRAUMATIC SUBARACHNOID HEMORRHAGE WITH LOSS OF CONSCIOUSNESS OF UNSPECIFIED DURATION, INITIAL ENCOUNTER","TRAUMA"
"CRP","S066X9D","TRAUMATIC SUBARACHNOID HEMORRHAGE WITH LOSS OF CONSCIOUSNESS OF UNSPECIFIED DURATION, SUBSEQUENT ENCOUNTER","TRAUMA"
"CRP","S066X9S","TRAUMATIC SUBARACHNOID HEMORRHAGE WITH LOSS OF CONSCIOUSNESS OF UNSPECIFIED DURATION, SEQUELA","TRAUMA"
"CRP","S066XAA","TRAUMATIC SUBARACHNOID HEMORRHAGE WITH LOSS OF CONSCIOUSNESS STATUS UNKNOWN, INITIAL ENCOUNTER","TRAUMA"
"CRP","S066XAD","TRAUMATIC SUBARACHNOID HEMORRHAGE WITH LOSS OF CONSCIOUSNESS STATUS UNKNOWN, SUBSEQUENT ENCOUNTER","TRAUMA"
"CRP","S066XAS","TRAUMATIC SUBARACHNOID HEMORRHAGE WITH LOSS OF CONSCIOUSNESS STATUS UNKNOWN, SEQUELA","TRAUMA"
"CRP","S06A0XA","TRAUMATIC BRAIN COMPRESSION WITHOUT HERNIATION, INITIAL ENCOUNTER","TRAUMA"
"CRP","S06A0XD","TRAUMATIC BRAIN COMPRESSION WITHOUT HERNIATION, SUBSEQUENT ENCOUNTER","TRAUMA"
"CRP","S06A0XS","TRAUMATIC BRAIN COMPRESSION WITHOUT HERNIATION, SEQUELA","TRAUMA"
"CRP","S06A1XA","TRAUMATIC BRAIN COMPRESSION WITH HERNIATION, INITIAL ENCOUNTER","TRAUMA"
"CRP","S06A1XD","TRAUMATIC BRAIN COMPRESSION WITH HERNIATION, SUBSEQUENT ENCOUNTER","TRAUMA"
"CRP","S06A1XS","TRAUMATIC BRAIN COMPRESSION WITH HERNIATION, SEQUELA","TRAUMA"
"CRP","S08111A","COMPLETE TRAUMATIC AMPUTATION OF RIGHT EAR, INITIAL ENCOUNTER","TRAUMA"
"CRP","S08111D","COMPLETE TRAUMATIC AMPUTATION OF RIGHT EAR, SUBSEQUENT ENCOUNTER","TRAUMA"
"CRP","S08111S","COMPLETE TRAUMATIC AMPUTATION OF RIGHT EAR, SEQUELA","TRAUMA"
"CRP","S08112A","COMPLETE TRAUMATIC AMPUTATION OF LEFT EAR, INITIAL ENCOUNTER","TRAUMA"
"CRP","S08112D","COMPLETE TRAUMATIC AMPUTATION OF LEFT EAR, SUBSEQUENT ENCOUNTER","TRAUMA"
"CRP","S08112S","COMPLETE TRAUMATIC AMPUTATION OF LEFT EAR, SEQUELA","TRAUMA"
"CRP","S08119A","COMPLETE TRAUMATIC AMPUTATION OF UNSPECIFIED EAR, INITIAL ENCOUNTER","TRAUMA"
"CRP","S08119D","COMPLETE TRAUMATIC AMPUTATION OF UNSPECIFIED EAR, SUBSEQUENT ENCOUNTER","TRAUMA"
"CRP","S08119S","COMPLETE TRAUMATIC AMPUTATION OF UNSPECIFIED EAR, SEQUELA","TRAUMA"
"CRP","S08121A","PARTIAL TRAUMATIC AMPUTATION OF RIGHT EAR, INITIAL ENCOUNTER","TRAUMA"
"CRP","S08121D","PARTIAL TRAUMATIC AMPUTATION OF RIGHT EAR, SUBSEQUENT ENCOUNTER","TRAUMA"
"CRP","S08121S","PARTIAL TRAUMATIC AMPUTATION OF RIGHT EAR, SEQUELA","TRAUMA"
"CRP","S08122A","PARTIAL TRAUMATIC AMPUTATION OF LEFT EAR, INITIAL ENCOUNTER","TRAUMA"
"CRP","S08122D","PARTIAL TRAUMATIC AMPUTATION OF LEFT EAR, SUBSEQUENT ENCOUNTER","TRAUMA"
"CRP","S08122S","PARTIAL TRAUMATIC AMPUTATION OF LEFT EAR, SEQUELA","TRAUMA"
"CRP","S08129A","PARTIAL TRAUMATIC AMPUTATION OF UNSPECIFIED EAR, INITIAL ENCOUNTER","TRAUMA"
"CRP","S08129D","PARTIAL TRAUMATIC AMPUTATION OF UNSPECIFIED EAR, SUBSEQUENT ENCOUNTER","TRAUMA"
"CRP","S08129S","PARTIAL TRAUMATIC AMPUTATION OF UNSPECIFIED EAR, SEQUELA","TRAUMA"
"CRP","S08811A","COMPLETE TRAUMATIC AMPUTATION OF NOSE, INITIAL ENCOUNTER","TRAUMA"
"CRP","S08811D","COMPLETE TRAUMATIC AMPUTATION OF NOSE, SUBSEQUENT ENCOUNTER","TRAUMA"
"CRP","S08811S","COMPLETE TRAUMATIC AMPUTATION OF NOSE, SEQUELA","TRAUMA"
"CRP","S08812A","PARTIAL TRAUMATIC AMPUTATION OF NOSE, INITIAL ENCOUNTER","TRAUMA"
"CRP","S08812D","PARTIAL TRAUMATIC AMPUTATION OF NOSE, SUBSEQUENT ENCOUNTER","TRAUMA"
"CRP","S08812S","PARTIAL TRAUMATIC AMPUTATION OF NOSE, SEQUELA","TRAUMA"
"CRP","S0889XA","TRAUMATIC AMPUTATION OF OTHER PARTS OF HEAD, INITIAL ENCOUNTER","TRAUMA"
"CRP","S0889XD","TRAUMATIC AMPUTATION OF OTHER PARTS OF HEAD, SUBSEQUENT ENCOUNTER","TRAUMA"
"CRP","S0889XS","TRAUMATIC AMPUTATION OF OTHER PARTS OF HEAD, SEQUELA","TRAUMA"
"CRP","S0920XA","TRAUMATIC RUPTURE OF UNSPECIFIED EAR DRUM, INITIAL ENCOUNTER","TRAUMA"
"CRP","S0920XD","TRAUMATIC RUPTURE OF UNSPECIFIED EAR DRUM, SUBSEQUENT ENCOUNTER","TRAUMA"
"CRP","S0920XS","TRAUMATIC RUPTURE OF UNSPECIFIED EAR DRUM, SEQUELA","TRAUMA"
"CRP","S0921XA","TRAUMATIC RUPTURE OF RIGHT EAR DRUM, INITIAL ENCOUNTER","TRAUMA"
"CRP","S0921XD","TRAUMATIC RUPTURE OF RIGHT EAR DRUM, SUBSEQUENT ENCOUNTER","TRAUMA"
"CRP","S0921XS","TRAUMATIC RUPTURE OF RIGHT EAR DRUM, SEQUELA","TRAUMA"
"CRP","S0922XA","TRAUMATIC RUPTURE OF LEFT EAR DRUM, INITIAL ENCOUNTER","TRAUMA"
"CRP","S0922XD","TRAUMATIC RUPTURE OF LEFT EAR DRUM, SUBSEQUENT ENCOUNTER","TRAUMA"
"CRP","S0922XS","TRAUMATIC RUPTURE OF LEFT EAR DRUM, SEQUELA","TRAUMA"
"CRP","S12130A","UNSPECIFIED TRAUMATIC DISPLACED SPONDYLOLISTHESIS OF SECOND CERVICAL VERTEBRA, INITIAL ENCOUNTER FOR CLOSED FRACTURE","TRAUMA"
"CRP","S12130B","UNSPECIFIED TRAUMATIC DISPLACED SPONDYLOLISTHESIS OF SECOND CERVICAL VERTEBRA, INITIAL ENCOUNTER FOR OPEN FRACTURE","TRAUMA"
"CRP","S12130D","UNSPECIFIED TRAUMATIC DISPLACED SPONDYLOLISTHESIS OF SECOND CERVICAL VERTEBRA, SUBSEQUENT ENCOUNTER FOR FRACTURE WITH ROUTINE HEALING","TRAUMA"
"CRP","S12130G","UNSPECIFIED TRAUMATIC DISPLACED SPONDYLOLISTHESIS OF SECOND CERVICAL VERTEBRA, SUBSEQUENT ENCOUNTER FOR FRACTURE WITH DELAYED HEALING","TRAUMA"
"CRP","S12130K","UNSPECIFIED TRAUMATIC DISPLACED SPONDYLOLISTHESIS OF SECOND CERVICAL VERTEBRA, SUBSEQUENT ENCOUNTER FOR FRACTURE WITH NONUNION","TRAUMA"
"CRP","S12130S","UNSPECIFIED TRAUMATIC DISPLACED SPONDYLOLISTHESIS OF SECOND CERVICAL VERTEBRA, SEQUELA","TRAUMA"
"CRP","S12131A","UNSPECIFIED TRAUMATIC NONDISPLACED SPONDYLOLISTHESIS OF SECOND CERVICAL VERTEBRA, INITIAL ENCOUNTER FOR CLOSED FRACTURE","TRAUMA"
"CRP","S12131B","UNSPECIFIED TRAUMATIC NONDISPLACED SPONDYLOLISTHESIS OF SECOND CERVICAL VERTEBRA, INITIAL ENCOUNTER FOR OPEN FRACTURE","TRAUMA"
"CRP","S12131D","UNSPECIFIED TRAUMATIC NONDISPLACED SPONDYLOLISTHESIS OF SECOND CERVICAL VERTEBRA, SUBSEQUENT ENCOUNTER FOR FRACTURE WITH ROUTINE HEALING","TRAUMA"
"CRP","S12131G","UNSPECIFIED TRAUMATIC NONDISPLACED SPONDYLOLISTHESIS OF SECOND CERVICAL VERTEBRA, SUBSEQUENT ENCOUNTER FOR FRACTURE WITH DELAYED HEALING","TRAUMA"
"CRP","S12131K","UNSPECIFIED TRAUMATIC NONDISPLACED SPONDYLOLISTHESIS OF SECOND CERVICAL VERTEBRA, SUBSEQUENT ENCOUNTER FOR FRACTURE WITH NONUNION","TRAUMA"
"CRP","S12131S","UNSPECIFIED TRAUMATIC NONDISPLACED SPONDYLOLISTHESIS OF SECOND CERVICAL VERTEBRA, SEQUELA","TRAUMA"
"CRP","S1214XA","TYPE III TRAUMATIC SPONDYLOLISTHESIS OF SECOND CERVICAL VERTEBRA, INITIAL ENCOUNTER FOR CLOSED FRACTURE","TRAUMA"
"CRP","S1214XB","TYPE III TRAUMATIC SPONDYLOLISTHESIS OF SECOND CERVICAL VERTEBRA, INITIAL ENCOUNTER FOR OPEN FRACTURE","TRAUMA"
"CRP","S1214XD","TYPE III TRAUMATIC SPONDYLOLISTHESIS OF SECOND CERVICAL VERTEBRA, SUBSEQUENT ENCOUNTER FOR FRACTURE WITH ROUTINE HEALING","TRAUMA"
"CRP","S1214XG","TYPE III TRAUMATIC SPONDYLOLISTHESIS OF SECOND CERVICAL VERTEBRA, SUBSEQUENT ENCOUNTER FOR FRACTURE WITH DELAYED HEALING","TRAUMA"
"CRP","S1214XK","TYPE III TRAUMATIC SPONDYLOLISTHESIS OF SECOND CERVICAL VERTEBRA, SUBSEQUENT ENCOUNTER FOR FRACTURE WITH NONUNION","TRAUMA"
"CRP","S1214XS","TYPE III TRAUMATIC SPONDYLOLISTHESIS OF SECOND CERVICAL VERTEBRA, SEQUELA","TRAUMA"
"CRP","S12150A","OTHER TRAUMATIC DISPLACED SPONDYLOLISTHESIS OF SECOND CERVICAL VERTEBRA, INITIAL ENCOUNTER FOR CLOSED FRACTURE","TRAUMA"
"CRP","S12150B","OTHER TRAUMATIC DISPLACED SPONDYLOLISTHESIS OF SECOND CERVICAL VERTEBRA, INITIAL ENCOUNTER FOR OPEN FRACTURE","TRAUMA"
"CRP","S12150D","OTHER TRAUMATIC DISPLACED SPONDYLOLISTHESIS OF SECOND CERVICAL VERTEBRA, SUBSEQUENT ENCOUNTER FOR FRACTURE WITH ROUTINE HEALING","TRAUMA"
"CRP","S12150G","OTHER TRAUMATIC DISPLACED SPONDYLOLISTHESIS OF SECOND CERVICAL VERTEBRA, SUBSEQUENT ENCOUNTER FOR FRACTURE WITH DELAYED HEALING","TRAUMA"
"CRP","S12150K","OTHER TRAUMATIC DISPLACED SPONDYLOLISTHESIS OF SECOND CERVICAL VERTEBRA, SUBSEQUENT ENCOUNTER FOR FRACTURE WITH NONUNION","TRAUMA"
"CRP","S12150S","OTHER TRAUMATIC DISPLACED SPONDYLOLISTHESIS OF SECOND CERVICAL VERTEBRA, SEQUELA","TRAUMA"
"CRP","S12151A","OTHER TRAUMATIC NONDISPLACED SPONDYLOLISTHESIS OF SECOND CERVICAL VERTEBRA, INITIAL ENCOUNTER FOR CLOSED FRACTURE","TRAUMA"
"CRP","S12151B","OTHER TRAUMATIC NONDISPLACED SPONDYLOLISTHESIS OF SECOND CERVICAL VERTEBRA, INITIAL ENCOUNTER FOR OPEN FRACTURE","TRAUMA"
"CRP","S12151D","OTHER TRAUMATIC NONDISPLACED SPONDYLOLISTHESIS OF SECOND CERVICAL VERTEBRA, SUBSEQUENT ENCOUNTER FOR FRACTURE WITH ROUTINE HEALING","TRAUMA"
"CRP","S12151G","OTHER TRAUMATIC NONDISPLACED SPONDYLOLISTHESIS OF SECOND CERVICAL VERTEBRA, SUBSEQUENT ENCOUNTER FOR FRACTURE WITH DELAYED HEALING","TRAUMA"
"CRP","S12151K","OTHER TRAUMATIC NONDISPLACED SPONDYLOLISTHESIS OF SECOND CERVICAL VERTEBRA, SUBSEQUENT ENCOUNTER FOR FRACTURE WITH NONUNION","TRAUMA"
"CRP","S12151S","OTHER TRAUMATIC NONDISPLACED SPONDYLOLISTHESIS OF SECOND CERVICAL VERTEBRA, SEQUELA","TRAUMA"
"CRP","S12230A","UNSPECIFIED TRAUMATIC DISPLACED SPONDYLOLISTHESIS OF THIRD CERVICAL VERTEBRA, INITIAL ENCOUNTER FOR CLOSED FRACTURE","TRAUMA"
"CRP","S12230B","UNSPECIFIED TRAUMATIC DISPLACED SPONDYLOLISTHESIS OF THIRD CERVICAL VERTEBRA, INITIAL ENCOUNTER FOR OPEN FRACTURE","TRAUMA"
"CRP","S12230D","UNSPECIFIED TRAUMATIC DISPLACED SPONDYLOLISTHESIS OF THIRD CERVICAL VERTEBRA, SUBSEQUENT ENCOUNTER FOR FRACTURE WITH ROUTINE HEALING","TRAUMA"
"CRP","S12230G","UNSPECIFIED TRAUMATIC DISPLACED SPONDYLOLISTHESIS OF THIRD CERVICAL VERTEBRA, SUBSEQUENT ENCOUNTER FOR FRACTURE WITH DELAYED HEALING","TRAUMA"
"CRP","S12230K","UNSPECIFIED TRAUMATIC DISPLACED SPONDYLOLISTHESIS OF THIRD CERVICAL VERTEBRA, SUBSEQUENT ENCOUNTER FOR FRACTURE WITH NONUNION","TRAUMA"
"CRP","S12230S","UNSPECIFIED TRAUMATIC DISPLACED SPONDYLOLISTHESIS OF THIRD CERVICAL VERTEBRA, SEQUELA","TRAUMA"
"CRP","S12231A","UNSPECIFIED TRAUMATIC NONDISPLACED SPONDYLOLISTHESIS OF THIRD CERVICAL VERTEBRA, INITIAL ENCOUNTER FOR CLOSED FRACTURE","TRAUMA"
"CRP","S12231B","UNSPECIFIED TRAUMATIC NONDISPLACED SPONDYLOLISTHESIS OF THIRD CERVICAL VERTEBRA, INITIAL ENCOUNTER FOR OPEN FRACTURE","TRAUMA"
"CRP","S12231D","UNSPECIFIED TRAUMATIC NONDISPLACED SPONDYLOLISTHESIS OF THIRD CERVICAL VERTEBRA, SUBSEQUENT ENCOUNTER FOR FRACTURE WITH ROUTINE HEALING","TRAUMA"
"CRP","S12231G","UNSPECIFIED TRAUMATIC NONDISPLACED SPONDYLOLISTHESIS OF THIRD CERVICAL VERTEBRA, SUBSEQUENT ENCOUNTER FOR FRACTURE WITH DELAYED HEALING","TRAUMA"
"CRP","S12231K","UNSPECIFIED TRAUMATIC NONDISPLACED SPONDYLOLISTHESIS OF THIRD CERVICAL VERTEBRA, SUBSEQUENT ENCOUNTER FOR FRACTURE WITH NONUNION","TRAUMA"
"CRP","S12231S","UNSPECIFIED TRAUMATIC NONDISPLACED SPONDYLOLISTHESIS OF THIRD CERVICAL VERTEBRA, SEQUELA","TRAUMA"
"CRP","S1224XA","TYPE III TRAUMATIC SPONDYLOLISTHESIS OF THIRD CERVICAL VERTEBRA, INITIAL ENCOUNTER FOR CLOSED FRACTURE","TRAUMA"
"CRP","S1224XB","TYPE III TRAUMATIC SPONDYLOLISTHESIS OF THIRD CERVICAL VERTEBRA, INITIAL ENCOUNTER FOR OPEN FRACTURE","TRAUMA"
"CRP","S1224XD","TYPE III TRAUMATIC SPONDYLOLISTHESIS OF THIRD CERVICAL VERTEBRA, SUBSEQUENT ENCOUNTER FOR FRACTURE WITH ROUTINE HEALING","TRAUMA"
"CRP","S1224XG","TYPE III TRAUMATIC SPONDYLOLISTHESIS OF THIRD CERVICAL VERTEBRA, SUBSEQUENT ENCOUNTER FOR FRACTURE WITH DELAYED HEALING","TRAUMA"
"CRP","S1224XK","TYPE III TRAUMATIC SPONDYLOLISTHESIS OF THIRD CERVICAL VERTEBRA, SUBSEQUENT ENCOUNTER FOR FRACTURE WITH NONUNION","TRAUMA"
"CRP","S1224XS","TYPE III TRAUMATIC SPONDYLOLISTHESIS OF THIRD CERVICAL VERTEBRA, SEQUELA","TRAUMA"
"CRP","S12250A","OTHER TRAUMATIC DISPLACED SPONDYLOLISTHESIS OF THIRD CERVICAL VERTEBRA, INITIAL ENCOUNTER FOR CLOSED FRACTURE","TRAUMA"
"CRP","S12250B","OTHER TRAUMATIC DISPLACED SPONDYLOLISTHESIS OF THIRD CERVICAL VERTEBRA, INITIAL ENCOUNTER FOR OPEN FRACTURE","TRAUMA"
"CRP","S12250D","OTHER TRAUMATIC DISPLACED SPONDYLOLISTHESIS OF THIRD CERVICAL VERTEBRA, SUBSEQUENT ENCOUNTER FOR FRACTURE WITH ROUTINE HEALING","TRAUMA"
"CRP","S12250G","OTHER TRAUMATIC DISPLACED SPONDYLOLISTHESIS OF THIRD CERVICAL VERTEBRA, SUBSEQUENT ENCOUNTER FOR FRACTURE WITH DELAYED HEALING","TRAUMA"
"CRP","S12250K","OTHER TRAUMATIC DISPLACED SPONDYLOLISTHESIS OF THIRD CERVICAL VERTEBRA, SUBSEQUENT ENCOUNTER FOR FRACTURE WITH NONUNION","TRAUMA"
"CRP","S12250S","OTHER TRAUMATIC DISPLACED SPONDYLOLISTHESIS OF THIRD CERVICAL VERTEBRA, SEQUELA","TRAUMA"
"CRP","S12251A","OTHER TRAUMATIC NONDISPLACED SPONDYLOLISTHESIS OF THIRD CERVICAL VERTEBRA, INITIAL ENCOUNTER FOR CLOSED FRACTURE","TRAUMA"
"CRP","S12251B","OTHER TRAUMATIC NONDISPLACED SPONDYLOLISTHESIS OF THIRD CERVICAL VERTEBRA, INITIAL ENCOUNTER FOR OPEN FRACTURE","TRAUMA"
"CRP","S12251D","OTHER TRAUMATIC NONDISPLACED SPONDYLOLISTHESIS OF THIRD CERVICAL VERTEBRA, SUBSEQUENT ENCOUNTER FOR FRACTURE WITH ROUTINE HEALING","TRAUMA"
"CRP","S12251G","OTHER TRAUMATIC NONDISPLACED SPONDYLOLISTHESIS OF THIRD CERVICAL VERTEBRA, SUBSEQUENT ENCOUNTER FOR FRACTURE WITH DELAYED HEALING","TRAUMA"
"CRP","S12251K","OTHER TRAUMATIC NONDISPLACED SPONDYLOLISTHESIS OF THIRD CERVICAL VERTEBRA, SUBSEQUENT ENCOUNTER FOR FRACTURE WITH NONUNION","TRAUMA"
"CRP","S12251S","OTHER TRAUMATIC NONDISPLACED SPONDYLOLISTHESIS OF THIRD CERVICAL VERTEBRA, SEQUELA","TRAUMA"
"CRP","S12330A","UNSPECIFIED TRAUMATIC DISPLACED SPONDYLOLISTHESIS OF FOURTH CERVICAL VERTEBRA, INITIAL ENCOUNTER FOR CLOSED FRACTURE","TRAUMA"
"CRP","S12330B","UNSPECIFIED TRAUMATIC DISPLACED SPONDYLOLISTHESIS OF FOURTH CERVICAL VERTEBRA, INITIAL ENCOUNTER FOR OPEN FRACTURE","TRAUMA"
"CRP","S12330D","UNSPECIFIED TRAUMATIC DISPLACED SPONDYLOLISTHESIS OF FOURTH CERVICAL VERTEBRA, SUBSEQUENT ENCOUNTER FOR FRACTURE WITH ROUTINE HEALING","TRAUMA"
"CRP","S12330G","UNSPECIFIED TRAUMATIC DISPLACED SPONDYLOLISTHESIS OF FOURTH CERVICAL VERTEBRA, SUBSEQUENT ENCOUNTER FOR FRACTURE WITH DELAYED HEALING","TRAUMA"
"CRP","S12330K","UNSPECIFIED TRAUMATIC DISPLACED SPONDYLOLISTHESIS OF FOURTH CERVICAL VERTEBRA, SUBSEQUENT ENCOUNTER FOR FRACTURE WITH NONUNION","TRAUMA"
"CRP","S12330S","UNSPECIFIED TRAUMATIC DISPLACED SPONDYLOLISTHESIS OF FOURTH CERVICAL VERTEBRA, SEQUELA","TRAUMA"
"CRP","S12331A","UNSPECIFIED TRAUMATIC NONDISPLACED SPONDYLOLISTHESIS OF FOURTH CERVICAL VERTEBRA, INITIAL ENCOUNTER FOR CLOSED FRACTURE","TRAUMA"
"CRP","S12331B","UNSPECIFIED TRAUMATIC NONDISPLACED SPONDYLOLISTHESIS OF FOURTH CERVICAL VERTEBRA, INITIAL ENCOUNTER FOR OPEN FRACTURE","TRAUMA"
"CRP","S12331D","UNSPECIFIED TRAUMATIC NONDISPLACED SPONDYLOLISTHESIS OF FOURTH CERVICAL VERTEBRA, SUBSEQUENT ENCOUNTER FOR FRACTURE WITH ROUTINE HEALING","TRAUMA"
"CRP","S12331G","UNSPECIFIED TRAUMATIC NONDISPLACED SPONDYLOLISTHESIS OF FOURTH CERVICAL VERTEBRA, SUBSEQUENT ENCOUNTER FOR FRACTURE WITH DELAYED HEALING","TRAUMA"
"CRP","S12331K","UNSPECIFIED TRAUMATIC NONDISPLACED SPONDYLOLISTHESIS OF FOURTH CERVICAL VERTEBRA, SUBSEQUENT ENCOUNTER FOR FRACTURE WITH NONUNION","TRAUMA"
"CRP","S12331S","UNSPECIFIED TRAUMATIC NONDISPLACED SPONDYLOLISTHESIS OF FOURTH CERVICAL VERTEBRA, SEQUELA","TRAUMA"
"CRP","S1234XA","TYPE III TRAUMATIC SPONDYLOLISTHESIS OF FOURTH CERVICAL VERTEBRA, INITIAL ENCOUNTER FOR CLOSED FRACTURE","TRAUMA"
"CRP","S1234XB","TYPE III TRAUMATIC SPONDYLOLISTHESIS OF FOURTH CERVICAL VERTEBRA, INITIAL ENCOUNTER FOR OPEN FRACTURE","TRAUMA"
"CRP","S1234XD","TYPE III TRAUMATIC SPONDYLOLISTHESIS OF FOURTH CERVICAL VERTEBRA, SUBSEQUENT ENCOUNTER FOR FRACTURE WITH ROUTINE HEALING","TRAUMA"
"CRP","S1234XG","TYPE III TRAUMATIC SPONDYLOLISTHESIS OF FOURTH CERVICAL VERTEBRA, SUBSEQUENT ENCOUNTER FOR FRACTURE WITH DELAYED HEALING","TRAUMA"
"CRP","S1234XK","TYPE III TRAUMATIC SPONDYLOLISTHESIS OF FOURTH CERVICAL VERTEBRA, SUBSEQUENT ENCOUNTER FOR FRACTURE WITH NONUNION","TRAUMA"
"CRP","S1234XS","TYPE III TRAUMATIC SPONDYLOLISTHESIS OF FOURTH CERVICAL VERTEBRA, SEQUELA","TRAUMA"
"CRP","S12350A","OTHER TRAUMATIC DISPLACED SPONDYLOLISTHESIS OF FOURTH CERVICAL VERTEBRA, INITIAL ENCOUNTER FOR CLOSED FRACTURE","TRAUMA"
"CRP","S12350B","OTHER TRAUMATIC DISPLACED SPONDYLOLISTHESIS OF FOURTH CERVICAL VERTEBRA, INITIAL ENCOUNTER FOR OPEN FRACTURE","TRAUMA"
"CRP","S12350D","OTHER TRAUMATIC DISPLACED SPONDYLOLISTHESIS OF FOURTH CERVICAL VERTEBRA, SUBSEQUENT ENCOUNTER FOR FRACTURE WITH ROUTINE HEALING","TRAUMA"
"CRP","S12350G","OTHER TRAUMATIC DISPLACED SPONDYLOLISTHESIS OF FOURTH CERVICAL VERTEBRA, SUBSEQUENT ENCOUNTER FOR FRACTURE WITH DELAYED HEALING","TRAUMA"
"CRP","S12350K","OTHER TRAUMATIC DISPLACED SPONDYLOLISTHESIS OF FOURTH CERVICAL VERTEBRA, SUBSEQUENT ENCOUNTER FOR FRACTURE WITH NONUNION","TRAUMA"
"CRP","S12350S","OTHER TRAUMATIC DISPLACED SPONDYLOLISTHESIS OF FOURTH CERVICAL VERTEBRA, SEQUELA","TRAUMA"
"CRP","S12351A","OTHER TRAUMATIC NONDISPLACED SPONDYLOLISTHESIS OF FOURTH CERVICAL VERTEBRA, INITIAL ENCOUNTER FOR CLOSED FRACTURE","TRAUMA"
"CRP","S12351B","OTHER TRAUMATIC NONDISPLACED SPONDYLOLISTHESIS OF FOURTH CERVICAL VERTEBRA, INITIAL ENCOUNTER FOR OPEN FRACTURE","TRAUMA"
"CRP","S12351D","OTHER TRAUMATIC NONDISPLACED SPONDYLOLISTHESIS OF FOURTH CERVICAL VERTEBRA, SUBSEQUENT ENCOUNTER FOR FRACTURE WITH ROUTINE HEALING","TRAUMA"
"CRP","S12351G","OTHER TRAUMATIC NONDISPLACED SPONDYLOLISTHESIS OF FOURTH CERVICAL VERTEBRA, SUBSEQUENT ENCOUNTER FOR FRACTURE WITH DELAYED HEALING","TRAUMA"
"CRP","S12351K","OTHER TRAUMATIC NONDISPLACED SPONDYLOLISTHESIS OF FOURTH CERVICAL VERTEBRA, SUBSEQUENT ENCOUNTER FOR FRACTURE WITH NONUNION","TRAUMA"
"CRP","S12351S","OTHER TRAUMATIC NONDISPLACED SPONDYLOLISTHESIS OF FOURTH CERVICAL VERTEBRA, SEQUELA","TRAUMA"
"CRP","S12430A","UNSPECIFIED TRAUMATIC DISPLACED SPONDYLOLISTHESIS OF FIFTH CERVICAL VERTEBRA, INITIAL ENCOUNTER FOR CLOSED FRACTURE","TRAUMA"
"CRP","S12430B","UNSPECIFIED TRAUMATIC DISPLACED SPONDYLOLISTHESIS OF FIFTH CERVICAL VERTEBRA, INITIAL ENCOUNTER FOR OPEN FRACTURE","TRAUMA"
"CRP","S12430D","UNSPECIFIED TRAUMATIC DISPLACED SPONDYLOLISTHESIS OF FIFTH CERVICAL VERTEBRA, SUBSEQUENT ENCOUNTER FOR FRACTURE WITH ROUTINE HEALING","TRAUMA"
"CRP","S12430G","UNSPECIFIED TRAUMATIC DISPLACED SPONDYLOLISTHESIS OF FIFTH CERVICAL VERTEBRA, SUBSEQUENT ENCOUNTER FOR FRACTURE WITH DELAYED HEALING","TRAUMA"
"CRP","S12430K","UNSPECIFIED TRAUMATIC DISPLACED SPONDYLOLISTHESIS OF FIFTH CERVICAL VERTEBRA, SUBSEQUENT ENCOUNTER FOR FRACTURE WITH NONUNION","TRAUMA"
"CRP","S12430S","UNSPECIFIED TRAUMATIC DISPLACED SPONDYLOLISTHESIS OF FIFTH CERVICAL VERTEBRA, SEQUELA","TRAUMA"
"CRP","S12431A","UNSPECIFIED TRAUMATIC NONDISPLACED SPONDYLOLISTHESIS OF FIFTH CERVICAL VERTEBRA, INITIAL ENCOUNTER FOR CLOSED FRACTURE","TRAUMA"
"CRP","S12431B","UNSPECIFIED TRAUMATIC NONDISPLACED SPONDYLOLISTHESIS OF FIFTH CERVICAL VERTEBRA, INITIAL ENCOUNTER FOR OPEN FRACTURE","TRAUMA"
"CRP","S12431D","UNSPECIFIED TRAUMATIC NONDISPLACED SPONDYLOLISTHESIS OF FIFTH CERVICAL VERTEBRA, SUBSEQUENT ENCOUNTER FOR FRACTURE WITH ROUTINE HEALING","TRAUMA"
"CRP","S12431G","UNSPECIFIED TRAUMATIC NONDISPLACED SPONDYLOLISTHESIS OF FIFTH CERVICAL VERTEBRA, SUBSEQUENT ENCOUNTER FOR FRACTURE WITH DELAYED HEALING","TRAUMA"
"CRP","S12431K","UNSPECIFIED TRAUMATIC NONDISPLACED SPONDYLOLISTHESIS OF FIFTH CERVICAL VERTEBRA, SUBSEQUENT ENCOUNTER FOR FRACTURE WITH NONUNION","TRAUMA"
"CRP","S12431S","UNSPECIFIED TRAUMATIC NONDISPLACED SPONDYLOLISTHESIS OF FIFTH CERVICAL VERTEBRA, SEQUELA","TRAUMA"
"CRP","S1244XA","TYPE III TRAUMATIC SPONDYLOLISTHESIS OF FIFTH CERVICAL VERTEBRA, INITIAL ENCOUNTER FOR CLOSED FRACTURE","TRAUMA"
"CRP","S1244XB","TYPE III TRAUMATIC SPONDYLOLISTHESIS OF FIFTH CERVICAL VERTEBRA, INITIAL ENCOUNTER FOR OPEN FRACTURE","TRAUMA"
"CRP","S1244XD","TYPE III TRAUMATIC SPONDYLOLISTHESIS OF FIFTH CERVICAL VERTEBRA, SUBSEQUENT ENCOUNTER FOR FRACTURE WITH ROUTINE HEALING","TRAUMA"
"CRP","S1244XG","TYPE III TRAUMATIC SPONDYLOLISTHESIS OF FIFTH CERVICAL VERTEBRA, SUBSEQUENT ENCOUNTER FOR FRACTURE WITH DELAYED HEALING","TRAUMA"
"CRP","S1244XK","TYPE III TRAUMATIC SPONDYLOLISTHESIS OF FIFTH CERVICAL VERTEBRA, SUBSEQUENT ENCOUNTER FOR FRACTURE WITH NONUNION","TRAUMA"
"CRP","S1244XS","TYPE III TRAUMATIC SPONDYLOLISTHESIS OF FIFTH CERVICAL VERTEBRA, SEQUELA","TRAUMA"
"CRP","S12450A","OTHER TRAUMATIC DISPLACED SPONDYLOLISTHESIS OF FIFTH CERVICAL VERTEBRA, INITIAL ENCOUNTER FOR CLOSED FRACTURE","TRAUMA"
"CRP","S12450B","OTHER TRAUMATIC DISPLACED SPONDYLOLISTHESIS OF FIFTH CERVICAL VERTEBRA, INITIAL ENCOUNTER FOR OPEN FRACTURE","TRAUMA"
"CRP","S12450D","OTHER TRAUMATIC DISPLACED SPONDYLOLISTHESIS OF FIFTH CERVICAL VERTEBRA, SUBSEQUENT ENCOUNTER FOR FRACTURE WITH ROUTINE HEALING","TRAUMA"
"CRP","S12450G","OTHER TRAUMATIC DISPLACED SPONDYLOLISTHESIS OF FIFTH CERVICAL VERTEBRA, SUBSEQUENT ENCOUNTER FOR FRACTURE WITH DELAYED HEALING","TRAUMA"
"CRP","S12450K","OTHER TRAUMATIC DISPLACED SPONDYLOLISTHESIS OF FIFTH CERVICAL VERTEBRA, SUBSEQUENT ENCOUNTER FOR FRACTURE WITH NONUNION","TRAUMA"
"CRP","S12450S","OTHER TRAUMATIC DISPLACED SPONDYLOLISTHESIS OF FIFTH CERVICAL VERTEBRA, SEQUELA","TRAUMA"
"CRP","S12451A","OTHER TRAUMATIC NONDISPLACED SPONDYLOLISTHESIS OF FIFTH CERVICAL VERTEBRA, INITIAL ENCOUNTER FOR CLOSED FRACTURE","TRAUMA"
"CRP","S12451B","OTHER TRAUMATIC NONDISPLACED SPONDYLOLISTHESIS OF FIFTH CERVICAL VERTEBRA, INITIAL ENCOUNTER FOR OPEN FRACTURE","TRAUMA"
"CRP","S12451D","OTHER TRAUMATIC NONDISPLACED SPONDYLOLISTHESIS OF FIFTH CERVICAL VERTEBRA, SUBSEQUENT ENCOUNTER FOR FRACTURE WITH ROUTINE HEALING","TRAUMA"
"CRP","S12451G","OTHER TRAUMATIC NONDISPLACED SPONDYLOLISTHESIS OF FIFTH CERVICAL VERTEBRA, SUBSEQUENT ENCOUNTER FOR FRACTURE WITH DELAYED HEALING","TRAUMA"
"CRP","S12451K","OTHER TRAUMATIC NONDISPLACED SPONDYLOLISTHESIS OF FIFTH CERVICAL VERTEBRA, SUBSEQUENT ENCOUNTER FOR FRACTURE WITH NONUNION","TRAUMA"
"CRP","S12451S","OTHER TRAUMATIC NONDISPLACED SPONDYLOLISTHESIS OF FIFTH CERVICAL VERTEBRA, SEQUELA","TRAUMA"
"CRP","S12530A","UNSPECIFIED TRAUMATIC DISPLACED SPONDYLOLISTHESIS OF SIXTH CERVICAL VERTEBRA, INITIAL ENCOUNTER FOR CLOSED FRACTURE","TRAUMA"
"CRP","S12530B","UNSPECIFIED TRAUMATIC DISPLACED SPONDYLOLISTHESIS OF SIXTH CERVICAL VERTEBRA, INITIAL ENCOUNTER FOR OPEN FRACTURE","TRAUMA"
"CRP","S12530D","UNSPECIFIED TRAUMATIC DISPLACED SPONDYLOLISTHESIS OF SIXTH CERVICAL VERTEBRA, SUBSEQUENT ENCOUNTER FOR FRACTURE WITH ROUTINE HEALING","TRAUMA"
"CRP","S12530G","UNSPECIFIED TRAUMATIC DISPLACED SPONDYLOLISTHESIS OF SIXTH CERVICAL VERTEBRA, SUBSEQUENT ENCOUNTER FOR FRACTURE WITH DELAYED HEALING","TRAUMA"
"CRP","S12530K","UNSPECIFIED TRAUMATIC DISPLACED SPONDYLOLISTHESIS OF SIXTH CERVICAL VERTEBRA, SUBSEQUENT ENCOUNTER FOR FRACTURE WITH NONUNION","TRAUMA"
"CRP","S12530S","UNSPECIFIED TRAUMATIC DISPLACED SPONDYLOLISTHESIS OF SIXTH CERVICAL VERTEBRA, SEQUELA","TRAUMA"
"CRP","S12531A","UNSPECIFIED TRAUMATIC NONDISPLACED SPONDYLOLISTHESIS OF SIXTH CERVICAL VERTEBRA, INITIAL ENCOUNTER FOR CLOSED FRACTURE","TRAUMA"
"CRP","S12531B","UNSPECIFIED TRAUMATIC NONDISPLACED SPONDYLOLISTHESIS OF SIXTH CERVICAL VERTEBRA, INITIAL ENCOUNTER FOR OPEN FRACTURE","TRAUMA"
"CRP","S12531D","UNSPECIFIED TRAUMATIC NONDISPLACED SPONDYLOLISTHESIS OF SIXTH CERVICAL VERTEBRA, SUBSEQUENT ENCOUNTER FOR FRACTURE WITH ROUTINE HEALING","TRAUMA"
"CRP","S12531G","UNSPECIFIED TRAUMATIC NONDISPLACED SPONDYLOLISTHESIS OF SIXTH CERVICAL VERTEBRA, SUBSEQUENT ENCOUNTER FOR FRACTURE WITH DELAYED HEALING","TRAUMA"
"CRP","S12531K","UNSPECIFIED TRAUMATIC NONDISPLACED SPONDYLOLISTHESIS OF SIXTH CERVICAL VERTEBRA, SUBSEQUENT ENCOUNTER FOR FRACTURE WITH NONUNION","TRAUMA"
"CRP","S12531S","UNSPECIFIED TRAUMATIC NONDISPLACED SPONDYLOLISTHESIS OF SIXTH CERVICAL VERTEBRA, SEQUELA","TRAUMA"
"CRP","S1254XA","TYPE III TRAUMATIC SPONDYLOLISTHESIS OF SIXTH CERVICAL VERTEBRA, INITIAL ENCOUNTER FOR CLOSED FRACTURE","TRAUMA"
"CRP","S1254XB","TYPE III TRAUMATIC SPONDYLOLISTHESIS OF SIXTH CERVICAL VERTEBRA, INITIAL ENCOUNTER FOR OPEN FRACTURE","TRAUMA"
"CRP","S1254XD","TYPE III TRAUMATIC SPONDYLOLISTHESIS OF SIXTH CERVICAL VERTEBRA, SUBSEQUENT ENCOUNTER FOR FRACTURE WITH ROUTINE HEALING","TRAUMA"
"CRP","S1254XG","TYPE III TRAUMATIC SPONDYLOLISTHESIS OF SIXTH CERVICAL VERTEBRA, SUBSEQUENT ENCOUNTER FOR FRACTURE WITH DELAYED HEALING","TRAUMA"
"CRP","S1254XK","TYPE III TRAUMATIC SPONDYLOLISTHESIS OF SIXTH CERVICAL VERTEBRA, SUBSEQUENT ENCOUNTER FOR FRACTURE WITH NONUNION","TRAUMA"
"CRP","S1254XS","TYPE III TRAUMATIC SPONDYLOLISTHESIS OF SIXTH CERVICAL VERTEBRA, SEQUELA","TRAUMA"
"CRP","S12550A","OTHER TRAUMATIC DISPLACED SPONDYLOLISTHESIS OF SIXTH CERVICAL VERTEBRA, INITIAL ENCOUNTER FOR CLOSED FRACTURE","TRAUMA"
"CRP","S12550B","OTHER TRAUMATIC DISPLACED SPONDYLOLISTHESIS OF SIXTH CERVICAL VERTEBRA, INITIAL ENCOUNTER FOR OPEN FRACTURE","TRAUMA"
"CRP","S12550D","OTHER TRAUMATIC DISPLACED SPONDYLOLISTHESIS OF SIXTH CERVICAL VERTEBRA, SUBSEQUENT ENCOUNTER FOR FRACTURE WITH ROUTINE HEALING","TRAUMA"
"CRP","S12550G","OTHER TRAUMATIC DISPLACED SPONDYLOLISTHESIS OF SIXTH CERVICAL VERTEBRA, SUBSEQUENT ENCOUNTER FOR FRACTURE WITH DELAYED HEALING","TRAUMA"
"CRP","S12550K","OTHER TRAUMATIC DISPLACED SPONDYLOLISTHESIS OF SIXTH CERVICAL VERTEBRA, SUBSEQUENT ENCOUNTER FOR FRACTURE WITH NONUNION","TRAUMA"
"CRP","S12550S","OTHER TRAUMATIC DISPLACED SPONDYLOLISTHESIS OF SIXTH CERVICAL VERTEBRA, SEQUELA","TRAUMA"
"CRP","S12551A","OTHER TRAUMATIC NONDISPLACED SPONDYLOLISTHESIS OF SIXTH CERVICAL VERTEBRA, INITIAL ENCOUNTER FOR CLOSED FRACTURE","TRAUMA"
"CRP","S12551B","OTHER TRAUMATIC NONDISPLACED SPONDYLOLISTHESIS OF SIXTH CERVICAL VERTEBRA, INITIAL ENCOUNTER FOR OPEN FRACTURE","TRAUMA"
"CRP","S12551D","OTHER TRAUMATIC NONDISPLACED SPONDYLOLISTHESIS OF SIXTH CERVICAL VERTEBRA, SUBSEQUENT ENCOUNTER FOR FRACTURE WITH ROUTINE HEALING","TRAUMA"
"CRP","S12551G","OTHER TRAUMATIC NONDISPLACED SPONDYLOLISTHESIS OF SIXTH CERVICAL VERTEBRA, SUBSEQUENT ENCOUNTER FOR FRACTURE WITH DELAYED HEALING","TRAUMA"
"CRP","S12551K","OTHER TRAUMATIC NONDISPLACED SPONDYLOLISTHESIS OF SIXTH CERVICAL VERTEBRA, SUBSEQUENT ENCOUNTER FOR FRACTURE WITH NONUNION","TRAUMA"
"CRP","S12551S","OTHER TRAUMATIC NONDISPLACED SPONDYLOLISTHESIS OF SIXTH CERVICAL VERTEBRA, SEQUELA","TRAUMA"
"CRP","S12630A","UNSPECIFIED TRAUMATIC DISPLACED SPONDYLOLISTHESIS OF SEVENTH CERVICAL VERTEBRA, INITIAL ENCOUNTER FOR CLOSED FRACTURE","TRAUMA"
"CRP","S12630B","UNSPECIFIED TRAUMATIC DISPLACED SPONDYLOLISTHESIS OF SEVENTH CERVICAL VERTEBRA, INITIAL ENCOUNTER FOR OPEN FRACTURE","TRAUMA"
"CRP","S12630D","UNSPECIFIED TRAUMATIC DISPLACED SPONDYLOLISTHESIS OF SEVENTH CERVICAL VERTEBRA, SUBSEQUENT ENCOUNTER FOR FRACTURE WITH ROUTINE HEALING","TRAUMA"
"CRP","S12630G","UNSPECIFIED TRAUMATIC DISPLACED SPONDYLOLISTHESIS OF SEVENTH CERVICAL VERTEBRA, SUBSEQUENT ENCOUNTER FOR FRACTURE WITH DELAYED HEALING","TRAUMA"
"CRP","S12630K","UNSPECIFIED TRAUMATIC DISPLACED SPONDYLOLISTHESIS OF SEVENTH CERVICAL VERTEBRA, SUBSEQUENT ENCOUNTER FOR FRACTURE WITH NONUNION","TRAUMA"
"CRP","S12630S","UNSPECIFIED TRAUMATIC DISPLACED SPONDYLOLISTHESIS OF SEVENTH CERVICAL VERTEBRA, SEQUELA","TRAUMA"
"CRP","S12631A","UNSPECIFIED TRAUMATIC NONDISPLACED SPONDYLOLISTHESIS OF SEVENTH CERVICAL VERTEBRA, INITIAL ENCOUNTER FOR CLOSED FRACTURE","TRAUMA"
"CRP","S12631B","UNSPECIFIED TRAUMATIC NONDISPLACED SPONDYLOLISTHESIS OF SEVENTH CERVICAL VERTEBRA, INITIAL ENCOUNTER FOR OPEN FRACTURE","TRAUMA"
"CRP","S12631D","UNSPECIFIED TRAUMATIC NONDISPLACED SPONDYLOLISTHESIS OF SEVENTH CERVICAL VERTEBRA, SUBSEQUENT ENCOUNTER FOR FRACTURE WITH ROUTINE HEALING","TRAUMA"
"CRP","S12631G","UNSPECIFIED TRAUMATIC NONDISPLACED SPONDYLOLISTHESIS OF SEVENTH CERVICAL VERTEBRA, SUBSEQUENT ENCOUNTER FOR FRACTURE WITH DELAYED HEALING","TRAUMA"
"CRP","S12631K","UNSPECIFIED TRAUMATIC NONDISPLACED SPONDYLOLISTHESIS OF SEVENTH CERVICAL VERTEBRA, SUBSEQUENT ENCOUNTER FOR FRACTURE WITH NONUNION","TRAUMA"
"CRP","S12631S","UNSPECIFIED TRAUMATIC NONDISPLACED SPONDYLOLISTHESIS OF SEVENTH CERVICAL VERTEBRA, SEQUELA","TRAUMA"
"CRP","S1264XA","TYPE III TRAUMATIC SPONDYLOLISTHESIS OF SEVENTH CERVICAL VERTEBRA, INITIAL ENCOUNTER FOR CLOSED FRACTURE","TRAUMA"
"CRP","S1264XB","TYPE III TRAUMATIC SPONDYLOLISTHESIS OF SEVENTH CERVICAL VERTEBRA, INITIAL ENCOUNTER FOR OPEN FRACTURE","TRAUMA"
"CRP","S1264XD","TYPE III TRAUMATIC SPONDYLOLISTHESIS OF SEVENTH CERVICAL VERTEBRA, SUBSEQUENT ENCOUNTER FOR FRACTURE WITH ROUTINE HEALING","TRAUMA"
"CRP","S1264XG","TYPE III TRAUMATIC SPONDYLOLISTHESIS OF SEVENTH CERVICAL VERTEBRA, SUBSEQUENT ENCOUNTER FOR FRACTURE WITH DELAYED HEALING","TRAUMA"
"CRP","S1264XK","TYPE III TRAUMATIC SPONDYLOLISTHESIS OF SEVENTH CERVICAL VERTEBRA, SUBSEQUENT ENCOUNTER FOR FRACTURE WITH NONUNION","TRAUMA"
"CRP","S1264XS","TYPE III TRAUMATIC SPONDYLOLISTHESIS OF SEVENTH CERVICAL VERTEBRA, SEQUELA","TRAUMA"
"CRP","S12650A","OTHER TRAUMATIC DISPLACED SPONDYLOLISTHESIS OF SEVENTH CERVICAL VERTEBRA, INITIAL ENCOUNTER FOR CLOSED FRACTURE","TRAUMA"
"CRP","S12650B","OTHER TRAUMATIC DISPLACED SPONDYLOLISTHESIS OF SEVENTH CERVICAL VERTEBRA, INITIAL ENCOUNTER FOR OPEN FRACTURE","TRAUMA"
"CRP","S12650D","OTHER TRAUMATIC DISPLACED SPONDYLOLISTHESIS OF SEVENTH CERVICAL VERTEBRA, SUBSEQUENT ENCOUNTER FOR FRACTURE WITH ROUTINE HEALING","TRAUMA"
"CRP","S12650G","OTHER TRAUMATIC DISPLACED SPONDYLOLISTHESIS OF SEVENTH CERVICAL VERTEBRA, SUBSEQUENT ENCOUNTER FOR FRACTURE WITH DELAYED HEALING","TRAUMA"
"CRP","S12650K","OTHER TRAUMATIC DISPLACED SPONDYLOLISTHESIS OF SEVENTH CERVICAL VERTEBRA, SUBSEQUENT ENCOUNTER FOR FRACTURE WITH NONUNION","TRAUMA"
"CRP","S12650S","OTHER TRAUMATIC DISPLACED SPONDYLOLISTHESIS OF SEVENTH CERVICAL VERTEBRA, SEQUELA","TRAUMA"
"CRP","S12651A","OTHER TRAUMATIC NONDISPLACED SPONDYLOLISTHESIS OF SEVENTH CERVICAL VERTEBRA, INITIAL ENCOUNTER FOR CLOSED FRACTURE","TRAUMA"
"CRP","S12651B","OTHER TRAUMATIC NONDISPLACED SPONDYLOLISTHESIS OF SEVENTH CERVICAL VERTEBRA, INITIAL ENCOUNTER FOR OPEN FRACTURE","TRAUMA"
"CRP","S12651D","OTHER TRAUMATIC NONDISPLACED SPONDYLOLISTHESIS OF SEVENTH CERVICAL VERTEBRA, SUBSEQUENT ENCOUNTER FOR FRACTURE WITH ROUTINE HEALING","TRAUMA"
"CRP","S12651G","OTHER TRAUMATIC NONDISPLACED SPONDYLOLISTHESIS OF SEVENTH CERVICAL VERTEBRA, SUBSEQUENT ENCOUNTER FOR FRACTURE WITH DELAYED HEALING","TRAUMA"
"CRP","S12651K","OTHER TRAUMATIC NONDISPLACED SPONDYLOLISTHESIS OF SEVENTH CERVICAL VERTEBRA, SUBSEQUENT ENCOUNTER FOR FRACTURE WITH NONUNION","TRAUMA"
"CRP","S12651S","OTHER TRAUMATIC NONDISPLACED SPONDYLOLISTHESIS OF SEVENTH CERVICAL VERTEBRA, SEQUELA","TRAUMA"
"CRP","S130XXA","TRAUMATIC RUPTURE OF CERVICAL INTERVERTEBRAL DISC, INITIAL ENCOUNTER","TRAUMA"
"CRP","S130XXD","TRAUMATIC RUPTURE OF CERVICAL INTERVERTEBRAL DISC, SUBSEQUENT ENCOUNTER","TRAUMA"
"CRP","S130XXS","TRAUMATIC RUPTURE OF CERVICAL INTERVERTEBRAL DISC, SEQUELA","TRAUMA"
"CRP","S230XXA","TRAUMATIC RUPTURE OF THORACIC INTERVERTEBRAL DISC, INITIAL ENCOUNTER","TRAUMA"
"CRP","S230XXD","TRAUMATIC RUPTURE OF THORACIC INTERVERTEBRAL DISC, SUBSEQUENT ENCOUNTER","TRAUMA"
"CRP","S230XXS","TRAUMATIC RUPTURE OF THORACIC INTERVERTEBRAL DISC, SEQUELA","TRAUMA"
"CRP","S270XXA","TRAUMATIC PNEUMOTHORAX, INITIAL ENCOUNTER","TRAUMA"
"CRP","S270XXD","TRAUMATIC PNEUMOTHORAX, SUBSEQUENT ENCOUNTER","TRAUMA"
"CRP","S270XXS","TRAUMATIC PNEUMOTHORAX, SEQUELA","TRAUMA"
"CRP","S271XXA","TRAUMATIC HEMOTHORAX, INITIAL ENCOUNTER","TRAUMA"
"CRP","S271XXD","TRAUMATIC HEMOTHORAX, SUBSEQUENT ENCOUNTER","TRAUMA"
"CRP","S271XXS","TRAUMATIC HEMOTHORAX, SEQUELA","TRAUMA"
"CRP","S272XXA","TRAUMATIC HEMOPNEUMOTHORAX, INITIAL ENCOUNTER","TRAUMA"
"CRP","S272XXD","TRAUMATIC HEMOPNEUMOTHORAX, SUBSEQUENT ENCOUNTER","TRAUMA"
"CRP","S272XXS","TRAUMATIC HEMOPNEUMOTHORAX, SEQUELA","TRAUMA"
"CRP","S281XXA","TRAUMATIC AMPUTATION (PARTIAL) OF PART OF THORAX, EXCEPT BREAST, INITIAL ENCOUNTER","TRAUMA"
"CRP","S281XXD","TRAUMATIC AMPUTATION (PARTIAL) OF PART OF THORAX, EXCEPT BREAST, SUBSEQUENT ENCOUNTER","TRAUMA"
"CRP","S281XXS","TRAUMATIC AMPUTATION (PARTIAL) OF PART OF THORAX, EXCEPT BREAST, SEQUELA","TRAUMA"
"CRP","S28211A","COMPLETE TRAUMATIC AMPUTATION OF RIGHT BREAST, INITIAL ENCOUNTER","TRAUMA"
"CRP","S28211D","COMPLETE TRAUMATIC AMPUTATION OF RIGHT BREAST, SUBSEQUENT ENCOUNTER","TRAUMA"
"CRP","S28211S","COMPLETE TRAUMATIC AMPUTATION OF RIGHT BREAST, SEQUELA","TRAUMA"
"CRP","S28212A","COMPLETE TRAUMATIC AMPUTATION OF LEFT BREAST, INITIAL ENCOUNTER","TRAUMA"
"CRP","S28212D","COMPLETE TRAUMATIC AMPUTATION OF LEFT BREAST, SUBSEQUENT ENCOUNTER","TRAUMA"
"CRP","S28212S","COMPLETE TRAUMATIC AMPUTATION OF LEFT BREAST, SEQUELA","TRAUMA"
"CRP","S28219A","COMPLETE TRAUMATIC AMPUTATION OF UNSPECIFIED BREAST, INITIAL ENCOUNTER","TRAUMA"
"CRP","S28219D","COMPLETE TRAUMATIC AMPUTATION OF UNSPECIFIED BREAST, SUBSEQUENT ENCOUNTER","TRAUMA"
"CRP","S28219S","COMPLETE TRAUMATIC AMPUTATION OF UNSPECIFIED BREAST, SEQUELA","TRAUMA"
"CRP","S28221A","PARTIAL TRAUMATIC AMPUTATION OF RIGHT BREAST, INITIAL ENCOUNTER","TRAUMA"
"CRP","S28221D","PARTIAL TRAUMATIC AMPUTATION OF RIGHT BREAST, SUBSEQUENT ENCOUNTER","TRAUMA"
"CRP","S28221S","PARTIAL TRAUMATIC AMPUTATION OF RIGHT BREAST, SEQUELA","TRAUMA"
"CRP","S28222A","PARTIAL TRAUMATIC AMPUTATION OF LEFT BREAST, INITIAL ENCOUNTER","TRAUMA"
"CRP","S28222D","PARTIAL TRAUMATIC AMPUTATION OF LEFT BREAST, SUBSEQUENT ENCOUNTER","TRAUMA"
"CRP","S28222S","PARTIAL TRAUMATIC AMPUTATION OF LEFT BREAST, SEQUELA","TRAUMA"
"CRP","S28229A","PARTIAL TRAUMATIC AMPUTATION OF UNSPECIFIED BREAST, INITIAL ENCOUNTER","TRAUMA"
"CRP","S28229D","PARTIAL TRAUMATIC AMPUTATION OF UNSPECIFIED BREAST, SUBSEQUENT ENCOUNTER","TRAUMA"
"CRP","S28229S","PARTIAL TRAUMATIC AMPUTATION OF UNSPECIFIED BREAST, SEQUELA","TRAUMA"
"CRP","S330XXA","TRAUMATIC RUPTURE OF LUMBAR INTERVERTEBRAL DISC, INITIAL ENCOUNTER","TRAUMA"
"CRP","S330XXD","TRAUMATIC RUPTURE OF LUMBAR INTERVERTEBRAL DISC, SUBSEQUENT ENCOUNTER","TRAUMA"
"CRP","S330XXS","TRAUMATIC RUPTURE OF LUMBAR INTERVERTEBRAL DISC, SEQUELA","TRAUMA"
"CRP","S334XXA","TRAUMATIC RUPTURE OF SYMPHYSIS PUBIS, INITIAL ENCOUNTER","TRAUMA"
"CRP","S334XXD","TRAUMATIC RUPTURE OF SYMPHYSIS PUBIS, SUBSEQUENT ENCOUNTER","TRAUMA"
"CRP","S334XXS","TRAUMATIC RUPTURE OF SYMPHYSIS PUBIS, SEQUELA","TRAUMA"
"CRP","S38211A","COMPLETE TRAUMATIC AMPUTATION OF FEMALE EXTERNAL GENITAL ORGANS, INITIAL ENCOUNTER","TRAUMA"
"CRP","S38211D","COMPLETE TRAUMATIC AMPUTATION OF FEMALE EXTERNAL GENITAL ORGANS, SUBSEQUENT ENCOUNTER","TRAUMA"
"CRP","S38211S","COMPLETE TRAUMATIC AMPUTATION OF FEMALE EXTERNAL GENITAL ORGANS, SEQUELA","TRAUMA"
"CRP","S38212A","PARTIAL TRAUMATIC AMPUTATION OF FEMALE EXTERNAL GENITAL ORGANS, INITIAL ENCOUNTER","TRAUMA"
"CRP","S38212D","PARTIAL TRAUMATIC AMPUTATION OF FEMALE EXTERNAL GENITAL ORGANS, SUBSEQUENT ENCOUNTER","TRAUMA"
"CRP","S38212S","PARTIAL TRAUMATIC AMPUTATION OF FEMALE EXTERNAL GENITAL ORGANS, SEQUELA","TRAUMA"
"CRP","S38221A","COMPLETE TRAUMATIC AMPUTATION OF PENIS, INITIAL ENCOUNTER","TRAUMA"
"CRP","S38221D","COMPLETE TRAUMATIC AMPUTATION OF PENIS, SUBSEQUENT ENCOUNTER","TRAUMA"
"CRP","S38221S","COMPLETE TRAUMATIC AMPUTATION OF PENIS, SEQUELA","TRAUMA"
"CRP","S38222A","PARTIAL TRAUMATIC AMPUTATION OF PENIS, INITIAL ENCOUNTER","TRAUMA"
"CRP","S38222D","PARTIAL TRAUMATIC AMPUTATION OF PENIS, SUBSEQUENT ENCOUNTER","TRAUMA"
"CRP","S38222S","PARTIAL TRAUMATIC AMPUTATION OF PENIS, SEQUELA","TRAUMA"
"CRP","S38231A","COMPLETE TRAUMATIC AMPUTATION OF SCROTUM AND TESTIS, INITIAL ENCOUNTER","TRAUMA"
"CRP","S38231D","COMPLETE TRAUMATIC AMPUTATION OF SCROTUM AND TESTIS, SUBSEQUENT ENCOUNTER","TRAUMA"
"CRP","S38231S","COMPLETE TRAUMATIC AMPUTATION OF SCROTUM AND TESTIS, SEQUELA","TRAUMA"
"CRP","S38232A","PARTIAL TRAUMATIC AMPUTATION OF SCROTUM AND TESTIS, INITIAL ENCOUNTER","TRAUMA"
"CRP","S38232D","PARTIAL TRAUMATIC AMPUTATION OF SCROTUM AND TESTIS, SUBSEQUENT ENCOUNTER","TRAUMA"
"CRP","S38232S","PARTIAL TRAUMATIC AMPUTATION OF SCROTUM AND TESTIS, SEQUELA","TRAUMA"
"CRP","S48011A","COMPLETE TRAUMATIC AMPUTATION AT RIGHT SHOULDER JOINT, INITIAL ENCOUNTER","TRAUMA"
"CRP","S48011D","COMPLETE TRAUMATIC AMPUTATION AT RIGHT SHOULDER JOINT, SUBSEQUENT ENCOUNTER","TRAUMA"
"CRP","S48011S","COMPLETE TRAUMATIC AMPUTATION AT RIGHT SHOULDER JOINT, SEQUELA","TRAUMA"
"CRP","S48012A","COMPLETE TRAUMATIC AMPUTATION AT LEFT SHOULDER JOINT, INITIAL ENCOUNTER","TRAUMA"
"CRP","S48012D","COMPLETE TRAUMATIC AMPUTATION AT LEFT SHOULDER JOINT, SUBSEQUENT ENCOUNTER","TRAUMA"
"CRP","S48012S","COMPLETE TRAUMATIC AMPUTATION AT LEFT SHOULDER JOINT, SEQUELA","TRAUMA"
"CRP","S48019A","COMPLETE TRAUMATIC AMPUTATION AT UNSPECIFIED SHOULDER JOINT, INITIAL ENCOUNTER","TRAUMA"
"CRP","S48019D","COMPLETE TRAUMATIC AMPUTATION AT UNSPECIFIED SHOULDER JOINT, SUBSEQUENT ENCOUNTER","TRAUMA"
"CRP","S48019S","COMPLETE TRAUMATIC AMPUTATION AT UNSPECIFIED SHOULDER JOINT, SEQUELA","TRAUMA"
"CRP","S48021A","PARTIAL TRAUMATIC AMPUTATION AT RIGHT SHOULDER JOINT, INITIAL ENCOUNTER","TRAUMA"
"CRP","S48021D","PARTIAL TRAUMATIC AMPUTATION AT RIGHT SHOULDER JOINT, SUBSEQUENT ENCOUNTER","TRAUMA"
"CRP","S48021S","PARTIAL TRAUMATIC AMPUTATION AT RIGHT SHOULDER JOINT, SEQUELA","TRAUMA"
"CRP","S48022A","PARTIAL TRAUMATIC AMPUTATION AT LEFT SHOULDER JOINT, INITIAL ENCOUNTER","TRAUMA"
"CRP","S48022D","PARTIAL TRAUMATIC AMPUTATION AT LEFT SHOULDER JOINT, SUBSEQUENT ENCOUNTER","TRAUMA"
"CRP","S48022S","PARTIAL TRAUMATIC AMPUTATION AT LEFT SHOULDER JOINT, SEQUELA","TRAUMA"
"CRP","S48029A","PARTIAL TRAUMATIC AMPUTATION AT UNSPECIFIED SHOULDER JOINT, INITIAL ENCOUNTER","TRAUMA"
"CRP","S48029D","PARTIAL TRAUMATIC AMPUTATION AT UNSPECIFIED SHOULDER JOINT, SUBSEQUENT ENCOUNTER","TRAUMA"
"CRP","S48029S","PARTIAL TRAUMATIC AMPUTATION AT UNSPECIFIED SHOULDER JOINT, SEQUELA","TRAUMA"
"CRP","S48111A","COMPLETE TRAUMATIC AMPUTATION AT LEVEL BETWEEN RIGHT SHOULDER AND ELBOW, INITIAL ENCOUNTER","TRAUMA"
"CRP","S48111D","COMPLETE TRAUMATIC AMPUTATION AT LEVEL BETWEEN RIGHT SHOULDER AND ELBOW, SUBSEQUENT ENCOUNTER","TRAUMA"
"CRP","S48111S","COMPLETE TRAUMATIC AMPUTATION AT LEVEL BETWEEN RIGHT SHOULDER AND ELBOW, SEQUELA","TRAUMA"
"CRP","S48112A","COMPLETE TRAUMATIC AMPUTATION AT LEVEL BETWEEN LEFT SHOULDER AND ELBOW, INITIAL ENCOUNTER","TRAUMA"
"CRP","S48112D","COMPLETE TRAUMATIC AMPUTATION AT LEVEL BETWEEN LEFT SHOULDER AND ELBOW, SUBSEQUENT ENCOUNTER","TRAUMA"
"CRP","S48112S","COMPLETE TRAUMATIC AMPUTATION AT LEVEL BETWEEN LEFT SHOULDER AND ELBOW, SEQUELA","TRAUMA"
"CRP","S48119A","COMPLETE TRAUMATIC AMPUTATION AT LEVEL BETWEEN UNSPECIFIED SHOULDER AND ELBOW, INITIAL ENCOUNTER","TRAUMA"
"CRP","S48119D","COMPLETE TRAUMATIC AMPUTATION AT LEVEL BETWEEN UNSPECIFIED SHOULDER AND ELBOW, SUBSEQUENT ENCOUNTER","TRAUMA"
"CRP","S48119S","COMPLETE TRAUMATIC AMPUTATION AT LEVEL BETWEEN UNSPECIFIED SHOULDER AND ELBOW, SEQUELA","TRAUMA"
"CRP","S48121A","PARTIAL TRAUMATIC AMPUTATION AT LEVEL BETWEEN RIGHT SHOULDER AND ELBOW, INITIAL ENCOUNTER","TRAUMA"
"CRP","S48121D","PARTIAL TRAUMATIC AMPUTATION AT LEVEL BETWEEN RIGHT SHOULDER AND ELBOW, SUBSEQUENT ENCOUNTER","TRAUMA"
"CRP","S48121S","PARTIAL TRAUMATIC AMPUTATION AT LEVEL BETWEEN RIGHT SHOULDER AND ELBOW, SEQUELA","TRAUMA"
"CRP","S48122A","PARTIAL TRAUMATIC AMPUTATION AT LEVEL BETWEEN LEFT SHOULDER AND ELBOW, INITIAL ENCOUNTER","TRAUMA"
"CRP","S48122D","PARTIAL TRAUMATIC AMPUTATION AT LEVEL BETWEEN LEFT SHOULDER AND ELBOW, SUBSEQUENT ENCOUNTER","TRAUMA"
"CRP","S48122S","PARTIAL TRAUMATIC AMPUTATION AT LEVEL BETWEEN LEFT SHOULDER AND ELBOW, SEQUELA","TRAUMA"
"CRP","S48129A","PARTIAL TRAUMATIC AMPUTATION AT LEVEL BETWEEN UNSPECIFIED SHOULDER AND ELBOW, INITIAL ENCOUNTER","TRAUMA"
"CRP","S48129D","PARTIAL TRAUMATIC AMPUTATION AT LEVEL BETWEEN UNSPECIFIED SHOULDER AND ELBOW, SUBSEQUENT ENCOUNTER","TRAUMA"
"CRP","S48129S","PARTIAL TRAUMATIC AMPUTATION AT LEVEL BETWEEN UNSPECIFIED SHOULDER AND ELBOW, SEQUELA","TRAUMA"
"CRP","S48911A","COMPLETE TRAUMATIC AMPUTATION OF RIGHT SHOULDER AND UPPER ARM, LEVEL UNSPECIFIED, INITIAL ENCOUNTER","TRAUMA"
"CRP","S48911D","COMPLETE TRAUMATIC AMPUTATION OF RIGHT SHOULDER AND UPPER ARM, LEVEL UNSPECIFIED, SUBSEQUENT ENCOUNTER","TRAUMA"
"CRP","S48911S","COMPLETE TRAUMATIC AMPUTATION OF RIGHT SHOULDER AND UPPER ARM, LEVEL UNSPECIFIED, SEQUELA","TRAUMA"
"CRP","S48912A","COMPLETE TRAUMATIC AMPUTATION OF LEFT SHOULDER AND UPPER ARM, LEVEL UNSPECIFIED, INITIAL ENCOUNTER","TRAUMA"
"CRP","S48912D","COMPLETE TRAUMATIC AMPUTATION OF LEFT SHOULDER AND UPPER ARM, LEVEL UNSPECIFIED, SUBSEQUENT ENCOUNTER","TRAUMA"
"CRP","S48912S","COMPLETE TRAUMATIC AMPUTATION OF LEFT SHOULDER AND UPPER ARM, LEVEL UNSPECIFIED, SEQUELA","TRAUMA"
"CRP","S48919A","COMPLETE TRAUMATIC AMPUTATION OF UNSPECIFIED SHOULDER AND UPPER ARM, LEVEL UNSPECIFIED, INITIAL ENCOUNTER","TRAUMA"
"CRP","S48919D","COMPLETE TRAUMATIC AMPUTATION OF UNSPECIFIED SHOULDER AND UPPER ARM, LEVEL UNSPECIFIED, SUBSEQUENT ENCOUNTER","TRAUMA"
"CRP","S48919S","COMPLETE TRAUMATIC AMPUTATION OF UNSPECIFIED SHOULDER AND UPPER ARM, LEVEL UNSPECIFIED, SEQUELA","TRAUMA"
"CRP","S48921A","PARTIAL TRAUMATIC AMPUTATION OF RIGHT SHOULDER AND UPPER ARM, LEVEL UNSPECIFIED, INITIAL ENCOUNTER","TRAUMA"
"CRP","S48921D","PARTIAL TRAUMATIC AMPUTATION OF RIGHT SHOULDER AND UPPER ARM, LEVEL UNSPECIFIED, SUBSEQUENT ENCOUNTER","TRAUMA"
"CRP","S48921S","PARTIAL TRAUMATIC AMPUTATION OF RIGHT SHOULDER AND UPPER ARM, LEVEL UNSPECIFIED, SEQUELA","TRAUMA"
"CRP","S48922A","PARTIAL TRAUMATIC AMPUTATION OF LEFT SHOULDER AND UPPER ARM, LEVEL UNSPECIFIED, INITIAL ENCOUNTER","TRAUMA"
"CRP","S48922D","PARTIAL TRAUMATIC AMPUTATION OF LEFT SHOULDER AND UPPER ARM, LEVEL UNSPECIFIED, SUBSEQUENT ENCOUNTER","TRAUMA"
"CRP","S48922S","PARTIAL TRAUMATIC AMPUTATION OF LEFT SHOULDER AND UPPER ARM, LEVEL UNSPECIFIED, SEQUELA","TRAUMA"
"CRP","S48929A","PARTIAL TRAUMATIC AMPUTATION OF UNSPECIFIED SHOULDER AND UPPER ARM, LEVEL UNSPECIFIED, INITIAL ENCOUNTER","TRAUMA"
"CRP","S48929D","PARTIAL TRAUMATIC AMPUTATION OF UNSPECIFIED SHOULDER AND UPPER ARM, LEVEL UNSPECIFIED, SUBSEQUENT ENCOUNTER","TRAUMA"
"CRP","S48929S","PARTIAL TRAUMATIC AMPUTATION OF UNSPECIFIED SHOULDER AND UPPER ARM, LEVEL UNSPECIFIED, SEQUELA","TRAUMA"
"CRP","S5320XA","TRAUMATIC RUPTURE OF UNSPECIFIED RADIAL COLLATERAL LIGAMENT, INITIAL ENCOUNTER","TRAUMA"
"CRP","S5320XD","TRAUMATIC RUPTURE OF UNSPECIFIED RADIAL COLLATERAL LIGAMENT, SUBSEQUENT ENCOUNTER","TRAUMA"
"CRP","S5320XS","TRAUMATIC RUPTURE OF UNSPECIFIED RADIAL COLLATERAL LIGAMENT, SEQUELA","TRAUMA"
"CRP","S5321XA","TRAUMATIC RUPTURE OF RIGHT RADIAL COLLATERAL LIGAMENT, INITIAL ENCOUNTER","TRAUMA"
"CRP","S5321XD","TRAUMATIC RUPTURE OF RIGHT RADIAL COLLATERAL LIGAMENT, SUBSEQUENT ENCOUNTER","TRAUMA"
"CRP","S5321XS","TRAUMATIC RUPTURE OF RIGHT RADIAL COLLATERAL LIGAMENT, SEQUELA","TRAUMA"
"CRP","S5322XA","TRAUMATIC RUPTURE OF LEFT RADIAL COLLATERAL LIGAMENT, INITIAL ENCOUNTER","TRAUMA"
"CRP","S5322XD","TRAUMATIC RUPTURE OF LEFT RADIAL COLLATERAL LIGAMENT, SUBSEQUENT ENCOUNTER","TRAUMA"
"CRP","S5322XS","TRAUMATIC RUPTURE OF LEFT RADIAL COLLATERAL LIGAMENT, SEQUELA","TRAUMA"
"CRP","S5330XA","TRAUMATIC RUPTURE OF UNSPECIFIED ULNAR COLLATERAL LIGAMENT, INITIAL ENCOUNTER","TRAUMA"
"CRP","S5330XD","TRAUMATIC RUPTURE OF UNSPECIFIED ULNAR COLLATERAL LIGAMENT, SUBSEQUENT ENCOUNTER","TRAUMA"
"CRP","S5330XS","TRAUMATIC RUPTURE OF UNSPECIFIED ULNAR COLLATERAL LIGAMENT, SEQUELA","TRAUMA"
"CRP","S5331XA","TRAUMATIC RUPTURE OF RIGHT ULNAR COLLATERAL LIGAMENT, INITIAL ENCOUNTER","TRAUMA"
"CRP","S5331XD","TRAUMATIC RUPTURE OF RIGHT ULNAR COLLATERAL LIGAMENT, SUBSEQUENT ENCOUNTER","TRAUMA"
"CRP","S5331XS","TRAUMATIC RUPTURE OF RIGHT ULNAR COLLATERAL LIGAMENT, SEQUELA","TRAUMA"
"CRP","S5332XA","TRAUMATIC RUPTURE OF LEFT ULNAR COLLATERAL LIGAMENT, INITIAL ENCOUNTER","TRAUMA"
"CRP","S5332XD","TRAUMATIC RUPTURE OF LEFT ULNAR COLLATERAL LIGAMENT, SUBSEQUENT ENCOUNTER","TRAUMA"
"CRP","S5332XS","TRAUMATIC RUPTURE OF LEFT ULNAR COLLATERAL LIGAMENT, SEQUELA","TRAUMA"
"CRP","S58011A","COMPLETE TRAUMATIC AMPUTATION AT ELBOW LEVEL, RIGHT ARM, INITIAL ENCOUNTER","TRAUMA"
"CRP","S58011D","COMPLETE TRAUMATIC AMPUTATION AT ELBOW LEVEL, RIGHT ARM, SUBSEQUENT ENCOUNTER","TRAUMA"
"CRP","S58011S","COMPLETE TRAUMATIC AMPUTATION AT ELBOW LEVEL, RIGHT ARM, SEQUELA","TRAUMA"
"CRP","S58012A","COMPLETE TRAUMATIC AMPUTATION AT ELBOW LEVEL, LEFT ARM, INITIAL ENCOUNTER","TRAUMA"
"CRP","S58012D","COMPLETE TRAUMATIC AMPUTATION AT ELBOW LEVEL, LEFT ARM, SUBSEQUENT ENCOUNTER","TRAUMA"
"CRP","S58012S","COMPLETE TRAUMATIC AMPUTATION AT ELBOW LEVEL, LEFT ARM, SEQUELA","TRAUMA"
"CRP","S58019A","COMPLETE TRAUMATIC AMPUTATION AT ELBOW LEVEL, UNSPECIFIED ARM, INITIAL ENCOUNTER","TRAUMA"
"CRP","S58019D","COMPLETE TRAUMATIC AMPUTATION AT ELBOW LEVEL, UNSPECIFIED ARM, SUBSEQUENT ENCOUNTER","TRAUMA"
"CRP","S58019S","COMPLETE TRAUMATIC AMPUTATION AT ELBOW LEVEL, UNSPECIFIED ARM, SEQUELA","TRAUMA"
"CRP","S58021A","PARTIAL TRAUMATIC AMPUTATION AT ELBOW LEVEL, RIGHT ARM, INITIAL ENCOUNTER","TRAUMA"
"CRP","S58021D","PARTIAL TRAUMATIC AMPUTATION AT ELBOW LEVEL, RIGHT ARM, SUBSEQUENT ENCOUNTER","TRAUMA"
"CRP","S58021S","PARTIAL TRAUMATIC AMPUTATION AT ELBOW LEVEL, RIGHT ARM, SEQUELA","TRAUMA"
"CRP","S58022A","PARTIAL TRAUMATIC AMPUTATION AT ELBOW LEVEL, LEFT ARM, INITIAL ENCOUNTER","TRAUMA"
"CRP","S58022D","PARTIAL TRAUMATIC AMPUTATION AT ELBOW LEVEL, LEFT ARM, SUBSEQUENT ENCOUNTER","TRAUMA"
"CRP","S58022S","PARTIAL TRAUMATIC AMPUTATION AT ELBOW LEVEL, LEFT ARM, SEQUELA","TRAUMA"
"CRP","S58029A","PARTIAL TRAUMATIC AMPUTATION AT ELBOW LEVEL, UNSPECIFIED ARM, INITIAL ENCOUNTER","TRAUMA"
"CRP","S58029D","PARTIAL TRAUMATIC AMPUTATION AT ELBOW LEVEL, UNSPECIFIED ARM, SUBSEQUENT ENCOUNTER","TRAUMA"
"CRP","S58029S","PARTIAL TRAUMATIC AMPUTATION AT ELBOW LEVEL, UNSPECIFIED ARM, SEQUELA","TRAUMA"
"CRP","S58111A","COMPLETE TRAUMATIC AMPUTATION AT LEVEL BETWEEN ELBOW AND WRIST, RIGHT ARM, INITIAL ENCOUNTER","TRAUMA"
"CRP","S58111D","COMPLETE TRAUMATIC AMPUTATION AT LEVEL BETWEEN ELBOW AND WRIST, RIGHT ARM, SUBSEQUENT ENCOUNTER","TRAUMA"
"CRP","S58111S","COMPLETE TRAUMATIC AMPUTATION AT LEVEL BETWEEN ELBOW AND WRIST, RIGHT ARM, SEQUELA","TRAUMA"
"CRP","S58112A","COMPLETE TRAUMATIC AMPUTATION AT LEVEL BETWEEN ELBOW AND WRIST, LEFT ARM, INITIAL ENCOUNTER","TRAUMA"
"CRP","S58112D","COMPLETE TRAUMATIC AMPUTATION AT LEVEL BETWEEN ELBOW AND WRIST, LEFT ARM, SUBSEQUENT ENCOUNTER","TRAUMA"
"CRP","S58112S","COMPLETE TRAUMATIC AMPUTATION AT LEVEL BETWEEN ELBOW AND WRIST, LEFT ARM, SEQUELA","TRAUMA"
"CRP","S58119A","COMPLETE TRAUMATIC AMPUTATION AT LEVEL BETWEEN ELBOW AND WRIST, UNSPECIFIED ARM, INITIAL ENCOUNTER","TRAUMA"
"CRP","S58119D","COMPLETE TRAUMATIC AMPUTATION AT LEVEL BETWEEN ELBOW AND WRIST, UNSPECIFIED ARM, SUBSEQUENT ENCOUNTER","TRAUMA"
"CRP","S58119S","COMPLETE TRAUMATIC AMPUTATION AT LEVEL BETWEEN ELBOW AND WRIST, UNSPECIFIED ARM, SEQUELA","TRAUMA"
"CRP","S58121A","PARTIAL TRAUMATIC AMPUTATION AT LEVEL BETWEEN ELBOW AND WRIST, RIGHT ARM, INITIAL ENCOUNTER","TRAUMA"
"CRP","S58121D","PARTIAL TRAUMATIC AMPUTATION AT LEVEL BETWEEN ELBOW AND WRIST, RIGHT ARM, SUBSEQUENT ENCOUNTER","TRAUMA"
"CRP","S58121S","PARTIAL TRAUMATIC AMPUTATION AT LEVEL BETWEEN ELBOW AND WRIST, RIGHT ARM, SEQUELA","TRAUMA"
"CRP","S58122A","PARTIAL TRAUMATIC AMPUTATION AT LEVEL BETWEEN ELBOW AND WRIST, LEFT ARM, INITIAL ENCOUNTER","TRAUMA"
"CRP","S58122D","PARTIAL TRAUMATIC AMPUTATION AT LEVEL BETWEEN ELBOW AND WRIST, LEFT ARM, SUBSEQUENT ENCOUNTER","TRAUMA"
"CRP","S58122S","PARTIAL TRAUMATIC AMPUTATION AT LEVEL BETWEEN ELBOW AND WRIST, LEFT ARM, SEQUELA","TRAUMA"
"CRP","S58129A","PARTIAL TRAUMATIC AMPUTATION AT LEVEL BETWEEN ELBOW AND WRIST, UNSPECIFIED ARM, INITIAL ENCOUNTER","TRAUMA"
"CRP","S58129D","PARTIAL TRAUMATIC AMPUTATION AT LEVEL BETWEEN ELBOW AND WRIST, UNSPECIFIED ARM, SUBSEQUENT ENCOUNTER","TRAUMA"
"CRP","S58129S","PARTIAL TRAUMATIC AMPUTATION AT LEVEL BETWEEN ELBOW AND WRIST, UNSPECIFIED ARM, SEQUELA","TRAUMA"
"CRP","S58911A","COMPLETE TRAUMATIC AMPUTATION OF RIGHT FOREARM, LEVEL UNSPECIFIED, INITIAL ENCOUNTER","TRAUMA"
"CRP","S58911D","COMPLETE TRAUMATIC AMPUTATION OF RIGHT FOREARM, LEVEL UNSPECIFIED, SUBSEQUENT ENCOUNTER","TRAUMA"
"CRP","S58911S","COMPLETE TRAUMATIC AMPUTATION OF RIGHT FOREARM, LEVEL UNSPECIFIED, SEQUELA","TRAUMA"
"CRP","S58912A","COMPLETE TRAUMATIC AMPUTATION OF LEFT FOREARM, LEVEL UNSPECIFIED, INITIAL ENCOUNTER","TRAUMA"
"CRP","S58912D","COMPLETE TRAUMATIC AMPUTATION OF LEFT FOREARM, LEVEL UNSPECIFIED, SUBSEQUENT ENCOUNTER","TRAUMA"
"CRP","S58912S","COMPLETE TRAUMATIC AMPUTATION OF LEFT FOREARM, LEVEL UNSPECIFIED, SEQUELA","TRAUMA"
"CRP","S58919A","COMPLETE TRAUMATIC AMPUTATION OF UNSPECIFIED FOREARM, LEVEL UNSPECIFIED, INITIAL ENCOUNTER","TRAUMA"
"CRP","S58919D","COMPLETE TRAUMATIC AMPUTATION OF UNSPECIFIED FOREARM, LEVEL UNSPECIFIED, SUBSEQUENT ENCOUNTER","TRAUMA"
"CRP","S58919S","COMPLETE TRAUMATIC AMPUTATION OF UNSPECIFIED FOREARM, LEVEL UNSPECIFIED, SEQUELA","TRAUMA"
"CRP","S58921A","PARTIAL TRAUMATIC AMPUTATION OF RIGHT FOREARM, LEVEL UNSPECIFIED, INITIAL ENCOUNTER","TRAUMA"
"CRP","S58921D","PARTIAL TRAUMATIC AMPUTATION OF RIGHT FOREARM, LEVEL UNSPECIFIED, SUBSEQUENT ENCOUNTER","TRAUMA"
"CRP","S58921S","PARTIAL TRAUMATIC AMPUTATION OF RIGHT FOREARM, LEVEL UNSPECIFIED, SEQUELA","TRAUMA"
"CRP","S58922A","PARTIAL TRAUMATIC AMPUTATION OF LEFT FOREARM, LEVEL UNSPECIFIED, INITIAL ENCOUNTER","TRAUMA"
"CRP","S58922D","PARTIAL TRAUMATIC AMPUTATION OF LEFT FOREARM, LEVEL UNSPECIFIED, SUBSEQUENT ENCOUNTER","TRAUMA"
"CRP","S58922S","PARTIAL TRAUMATIC AMPUTATION OF LEFT FOREARM, LEVEL UNSPECIFIED, SEQUELA","TRAUMA"
"CRP","S58929A","PARTIAL TRAUMATIC AMPUTATION OF UNSPECIFIED FOREARM, LEVEL UNSPECIFIED, INITIAL ENCOUNTER","TRAUMA"
"CRP","S58929D","PARTIAL TRAUMATIC AMPUTATION OF UNSPECIFIED FOREARM, LEVEL UNSPECIFIED, SUBSEQUENT ENCOUNTER","TRAUMA"
"CRP","S58929S","PARTIAL TRAUMATIC AMPUTATION OF UNSPECIFIED FOREARM, LEVEL UNSPECIFIED, SEQUELA","TRAUMA"
"CRP","S63301A","TRAUMATIC RUPTURE OF UNSPECIFIED LIGAMENT OF RIGHT WRIST, INITIAL ENCOUNTER","TRAUMA"
"CRP","S63301D","TRAUMATIC RUPTURE OF UNSPECIFIED LIGAMENT OF RIGHT WRIST, SUBSEQUENT ENCOUNTER","TRAUMA"
"CRP","S63301S","TRAUMATIC RUPTURE OF UNSPECIFIED LIGAMENT OF RIGHT WRIST, SEQUELA","TRAUMA"
"CRP","S63302A","TRAUMATIC RUPTURE OF UNSPECIFIED LIGAMENT OF LEFT WRIST, INITIAL ENCOUNTER","TRAUMA"
"CRP","S63302D","TRAUMATIC RUPTURE OF UNSPECIFIED LIGAMENT OF LEFT WRIST, SUBSEQUENT ENCOUNTER","TRAUMA"
"CRP","S63302S","TRAUMATIC RUPTURE OF UNSPECIFIED LIGAMENT OF LEFT WRIST, SEQUELA","TRAUMA"
"CRP","S63309A","TRAUMATIC RUPTURE OF UNSPECIFIED LIGAMENT OF UNSPECIFIED WRIST, INITIAL ENCOUNTER","TRAUMA"
"CRP","S63309D","TRAUMATIC RUPTURE OF UNSPECIFIED LIGAMENT OF UNSPECIFIED WRIST, SUBSEQUENT ENCOUNTER","TRAUMA"
"CRP","S63309S","TRAUMATIC RUPTURE OF UNSPECIFIED LIGAMENT OF UNSPECIFIED WRIST, SEQUELA","TRAUMA"
"CRP","S63311A","TRAUMATIC RUPTURE OF COLLATERAL LIGAMENT OF RIGHT WRIST, INITIAL ENCOUNTER","TRAUMA"
"CRP","S63311D","TRAUMATIC RUPTURE OF COLLATERAL LIGAMENT OF RIGHT WRIST, SUBSEQUENT ENCOUNTER","TRAUMA"
"CRP","S63311S","TRAUMATIC RUPTURE OF COLLATERAL LIGAMENT OF RIGHT WRIST, SEQUELA","TRAUMA"
"CRP","S63312A","TRAUMATIC RUPTURE OF COLLATERAL LIGAMENT OF LEFT WRIST, INITIAL ENCOUNTER","TRAUMA"
"CRP","S63312D","TRAUMATIC RUPTURE OF COLLATERAL LIGAMENT OF LEFT WRIST, SUBSEQUENT ENCOUNTER","TRAUMA"
"CRP","S63312S","TRAUMATIC RUPTURE OF COLLATERAL LIGAMENT OF LEFT WRIST, SEQUELA","TRAUMA"
"CRP","S63319A","TRAUMATIC RUPTURE OF COLLATERAL LIGAMENT OF UNSPECIFIED WRIST, INITIAL ENCOUNTER","TRAUMA"
"CRP","S63319D","TRAUMATIC RUPTURE OF COLLATERAL LIGAMENT OF UNSPECIFIED WRIST, SUBSEQUENT ENCOUNTER","TRAUMA"
"CRP","S63319S","TRAUMATIC RUPTURE OF COLLATERAL LIGAMENT OF UNSPECIFIED WRIST, SEQUELA","TRAUMA"
"CRP","S63321A","TRAUMATIC RUPTURE OF RIGHT RADIOCARPAL LIGAMENT, INITIAL ENCOUNTER","TRAUMA"
"CRP","S63321D","TRAUMATIC RUPTURE OF RIGHT RADIOCARPAL LIGAMENT, SUBSEQUENT ENCOUNTER","TRAUMA"
"CRP","S63321S","TRAUMATIC RUPTURE OF RIGHT RADIOCARPAL LIGAMENT, SEQUELA","TRAUMA"
"CRP","S63322A","TRAUMATIC RUPTURE OF LEFT RADIOCARPAL LIGAMENT, INITIAL ENCOUNTER","TRAUMA"
"CRP","S63322D","TRAUMATIC RUPTURE OF LEFT RADIOCARPAL LIGAMENT, SUBSEQUENT ENCOUNTER","TRAUMA"
"CRP","S63322S","TRAUMATIC RUPTURE OF LEFT RADIOCARPAL LIGAMENT, SEQUELA","TRAUMA"
"CRP","S63329A","TRAUMATIC RUPTURE OF UNSPECIFIED RADIOCARPAL LIGAMENT, INITIAL ENCOUNTER","TRAUMA"
"CRP","S63329D","TRAUMATIC RUPTURE OF UNSPECIFIED RADIOCARPAL LIGAMENT, SUBSEQUENT ENCOUNTER","TRAUMA"
"CRP","S63329S","TRAUMATIC RUPTURE OF UNSPECIFIED RADIOCARPAL LIGAMENT, SEQUELA","TRAUMA"
"CRP","S63331A","TRAUMATIC RUPTURE OF RIGHT ULNOCARPAL (PALMAR) LIGAMENT, INITIAL ENCOUNTER","TRAUMA"
"CRP","S63331D","TRAUMATIC RUPTURE OF RIGHT ULNOCARPAL (PALMAR) LIGAMENT, SUBSEQUENT ENCOUNTER","TRAUMA"
"CRP","S63331S","TRAUMATIC RUPTURE OF RIGHT ULNOCARPAL (PALMAR) LIGAMENT, SEQUELA","TRAUMA"
"CRP","S63332A","TRAUMATIC RUPTURE OF LEFT ULNOCARPAL (PALMAR) LIGAMENT, INITIAL ENCOUNTER","TRAUMA"
"CRP","S63332D","TRAUMATIC RUPTURE OF LEFT ULNOCARPAL (PALMAR) LIGAMENT, SUBSEQUENT ENCOUNTER","TRAUMA"
"CRP","S63332S","TRAUMATIC RUPTURE OF LEFT ULNOCARPAL (PALMAR) LIGAMENT, SEQUELA","TRAUMA"
"CRP","S63339A","TRAUMATIC RUPTURE OF UNSPECIFIED ULNOCARPAL (PALMAR) LIGAMENT, INITIAL ENCOUNTER","TRAUMA"
"CRP","S63339D","TRAUMATIC RUPTURE OF UNSPECIFIED ULNOCARPAL (PALMAR) LIGAMENT, SUBSEQUENT ENCOUNTER","TRAUMA"
"CRP","S63339S","TRAUMATIC RUPTURE OF UNSPECIFIED ULNOCARPAL (PALMAR) LIGAMENT, SEQUELA","TRAUMA"
"CRP","S63391A","TRAUMATIC RUPTURE OF OTHER LIGAMENT OF RIGHT WRIST, INITIAL ENCOUNTER","TRAUMA"
"CRP","S63391D","TRAUMATIC RUPTURE OF OTHER LIGAMENT OF RIGHT WRIST, SUBSEQUENT ENCOUNTER","TRAUMA"
"CRP","S63391S","TRAUMATIC RUPTURE OF OTHER LIGAMENT OF RIGHT WRIST, SEQUELA","TRAUMA"
"CRP","S63392A","TRAUMATIC RUPTURE OF OTHER LIGAMENT OF LEFT WRIST, INITIAL ENCOUNTER","TRAUMA"
"CRP","S63392D","TRAUMATIC RUPTURE OF OTHER LIGAMENT OF LEFT WRIST, SUBSEQUENT ENCOUNTER","TRAUMA"
"CRP","S63392S","TRAUMATIC RUPTURE OF OTHER LIGAMENT OF LEFT WRIST, SEQUELA","TRAUMA"
"CRP","S63399A","TRAUMATIC RUPTURE OF OTHER LIGAMENT OF UNSPECIFIED WRIST, INITIAL ENCOUNTER","TRAUMA"
"CRP","S63399D","TRAUMATIC RUPTURE OF OTHER LIGAMENT OF UNSPECIFIED WRIST, SUBSEQUENT ENCOUNTER","TRAUMA"
"CRP","S63399S","TRAUMATIC RUPTURE OF OTHER LIGAMENT OF UNSPECIFIED WRIST, SEQUELA","TRAUMA"
"CRP","S63400A","TRAUMATIC RUPTURE OF UNSPECIFIED LIGAMENT OF RIGHT INDEX FINGER AT METACARPOPHALANGEAL AND INTERPHALANGEAL JOINT, INITIAL ENCOUNTER","TRAUMA"
"CRP","S63400D","TRAUMATIC RUPTURE OF UNSPECIFIED LIGAMENT OF RIGHT INDEX FINGER AT METACARPOPHALANGEAL AND INTERPHALANGEAL JOINT, SUBSEQUENT ENCOUNTER","TRAUMA"
"CRP","S63400S","TRAUMATIC RUPTURE OF UNSPECIFIED LIGAMENT OF RIGHT INDEX FINGER AT METACARPOPHALANGEAL AND INTERPHALANGEAL JOINT, SEQUELA","TRAUMA"
"CRP","S63401A","TRAUMATIC RUPTURE OF UNSPECIFIED LIGAMENT OF LEFT INDEX FINGER AT METACARPOPHALANGEAL AND INTERPHALANGEAL JOINT, INITIAL ENCOUNTER","TRAUMA"
"CRP","S63401D","TRAUMATIC RUPTURE OF UNSPECIFIED LIGAMENT OF LEFT INDEX FINGER AT METACARPOPHALANGEAL AND INTERPHALANGEAL JOINT, SUBSEQUENT ENCOUNTER","TRAUMA"
"CRP","S63401S","TRAUMATIC RUPTURE OF UNSPECIFIED LIGAMENT OF LEFT INDEX FINGER AT METACARPOPHALANGEAL AND INTERPHALANGEAL JOINT, SEQUELA","TRAUMA"
"CRP","S63402A","TRAUMATIC RUPTURE OF UNSPECIFIED LIGAMENT OF RIGHT MIDDLE FINGER AT METACARPOPHALANGEAL AND INTERPHALANGEAL JOINT, INITIAL ENCOUNTER","TRAUMA"
"CRP","S63402D","TRAUMATIC RUPTURE OF UNSPECIFIED LIGAMENT OF RIGHT MIDDLE FINGER AT METACARPOPHALANGEAL AND INTERPHALANGEAL JOINT, SUBSEQUENT ENCOUNTER","TRAUMA"
"CRP","S63402S","TRAUMATIC RUPTURE OF UNSPECIFIED LIGAMENT OF RIGHT MIDDLE FINGER AT METACARPOPHALANGEAL AND INTERPHALANGEAL JOINT, SEQUELA","TRAUMA"
"CRP","S63403A","TRAUMATIC RUPTURE OF UNSPECIFIED LIGAMENT OF LEFT MIDDLE FINGER AT METACARPOPHALANGEAL AND INTERPHALANGEAL JOINT, INITIAL ENCOUNTER","TRAUMA"
"CRP","S63403D","TRAUMATIC RUPTURE OF UNSPECIFIED LIGAMENT OF LEFT MIDDLE FINGER AT METACARPOPHALANGEAL AND INTERPHALANGEAL JOINT, SUBSEQUENT ENCOUNTER","TRAUMA"
"CRP","S63403S","TRAUMATIC RUPTURE OF UNSPECIFIED LIGAMENT OF LEFT MIDDLE FINGER AT METACARPOPHALANGEAL AND INTERPHALANGEAL JOINT, SEQUELA","TRAUMA"
"CRP","S63404A","TRAUMATIC RUPTURE OF UNSPECIFIED LIGAMENT OF RIGHT RING FINGER AT METACARPOPHALANGEAL AND INTERPHALANGEAL JOINT, INITIAL ENCOUNTER","TRAUMA"
"CRP","S63404D","TRAUMATIC RUPTURE OF UNSPECIFIED LIGAMENT OF RIGHT RING FINGER AT METACARPOPHALANGEAL AND INTERPHALANGEAL JOINT, SUBSEQUENT ENCOUNTER","TRAUMA"
"CRP","S63404S","TRAUMATIC RUPTURE OF UNSPECIFIED LIGAMENT OF RIGHT RING FINGER AT METACARPOPHALANGEAL AND INTERPHALANGEAL JOINT, SEQUELA","TRAUMA"
"CRP","S63405A","TRAUMATIC RUPTURE OF UNSPECIFIED LIGAMENT OF LEFT RING FINGER AT METACARPOPHALANGEAL AND INTERPHALANGEAL JOINT, INITIAL ENCOUNTER","TRAUMA"
"CRP","S63405D","TRAUMATIC RUPTURE OF UNSPECIFIED LIGAMENT OF LEFT RING FINGER AT METACARPOPHALANGEAL AND INTERPHALANGEAL JOINT, SUBSEQUENT ENCOUNTER","TRAUMA"
"CRP","S63405S","TRAUMATIC RUPTURE OF UNSPECIFIED LIGAMENT OF LEFT RING FINGER AT METACARPOPHALANGEAL AND INTERPHALANGEAL JOINT, SEQUELA","TRAUMA"
"CRP","S63406A","TRAUMATIC RUPTURE OF UNSPECIFIED LIGAMENT OF RIGHT LITTLE FINGER AT METACARPOPHALANGEAL AND INTERPHALANGEAL JOINT, INITIAL ENCOUNTER","TRAUMA"
"CRP","S63406D","TRAUMATIC RUPTURE OF UNSPECIFIED LIGAMENT OF RIGHT LITTLE FINGER AT METACARPOPHALANGEAL AND INTERPHALANGEAL JOINT, SUBSEQUENT ENCOUNTER","TRAUMA"
"CRP","S63406S","TRAUMATIC RUPTURE OF UNSPECIFIED LIGAMENT OF RIGHT LITTLE FINGER AT METACARPOPHALANGEAL AND INTERPHALANGEAL JOINT, SEQUELA","TRAUMA"
"CRP","S63407A","TRAUMATIC RUPTURE OF UNSPECIFIED LIGAMENT OF LEFT LITTLE FINGER AT METACARPOPHALANGEAL AND INTERPHALANGEAL JOINT, INITIAL ENCOUNTER","TRAUMA"
"CRP","S63407D","TRAUMATIC RUPTURE OF UNSPECIFIED LIGAMENT OF LEFT LITTLE FINGER AT METACARPOPHALANGEAL AND INTERPHALANGEAL JOINT, SUBSEQUENT ENCOUNTER","TRAUMA"
"CRP","S63407S","TRAUMATIC RUPTURE OF UNSPECIFIED LIGAMENT OF LEFT LITTLE FINGER AT METACARPOPHALANGEAL AND INTERPHALANGEAL JOINT, SEQUELA","TRAUMA"
"CRP","S63408A","TRAUMATIC RUPTURE OF UNSPECIFIED LIGAMENT OF OTHER FINGER AT METACARPOPHALANGEAL AND INTERPHALANGEAL JOINT, INITIAL ENCOUNTER","TRAUMA"
"CRP","S63408D","TRAUMATIC RUPTURE OF UNSPECIFIED LIGAMENT OF OTHER FINGER AT METACARPOPHALANGEAL AND INTERPHALANGEAL JOINT, SUBSEQUENT ENCOUNTER","TRAUMA"
"CRP","S63408S","TRAUMATIC RUPTURE OF UNSPECIFIED LIGAMENT OF OTHER FINGER AT METACARPOPHALANGEAL AND INTERPHALANGEAL JOINT, SEQUELA","TRAUMA"
"CRP","S63409A","TRAUMATIC RUPTURE OF UNSPECIFIED LIGAMENT OF UNSPECIFIED FINGER AT METACARPOPHALANGEAL AND INTERPHALANGEAL JOINT, INITIAL ENCOUNTER","TRAUMA"
"CRP","S63409D","TRAUMATIC RUPTURE OF UNSPECIFIED LIGAMENT OF UNSPECIFIED FINGER AT METACARPOPHALANGEAL AND INTERPHALANGEAL JOINT, SUBSEQUENT ENCOUNTER","TRAUMA"
"CRP","S63409S","TRAUMATIC RUPTURE OF UNSPECIFIED LIGAMENT OF UNSPECIFIED FINGER AT METACARPOPHALANGEAL AND INTERPHALANGEAL JOINT, SEQUELA","TRAUMA"
"CRP","S63410A","TRAUMATIC RUPTURE OF COLLATERAL LIGAMENT OF RIGHT INDEX FINGER AT METACARPOPHALANGEAL AND INTERPHALANGEAL JOINT, INITIAL ENCOUNTER","TRAUMA"
"CRP","S63410D","TRAUMATIC RUPTURE OF COLLATERAL LIGAMENT OF RIGHT INDEX FINGER AT METACARPOPHALANGEAL AND INTERPHALANGEAL JOINT, SUBSEQUENT ENCOUNTER","TRAUMA"
"CRP","S63410S","TRAUMATIC RUPTURE OF COLLATERAL LIGAMENT OF RIGHT INDEX FINGER AT METACARPOPHALANGEAL AND INTERPHALANGEAL JOINT, SEQUELA","TRAUMA"
"CRP","S63411A","TRAUMATIC RUPTURE OF COLLATERAL LIGAMENT OF LEFT INDEX FINGER AT METACARPOPHALANGEAL AND INTERPHALANGEAL JOINT, INITIAL ENCOUNTER","TRAUMA"
"CRP","S63411D","TRAUMATIC RUPTURE OF COLLATERAL LIGAMENT OF LEFT INDEX FINGER AT METACARPOPHALANGEAL AND INTERPHALANGEAL JOINT, SUBSEQUENT ENCOUNTER","TRAUMA"
"CRP","S63411S","TRAUMATIC RUPTURE OF COLLATERAL LIGAMENT OF LEFT INDEX FINGER AT METACARPOPHALANGEAL AND INTERPHALANGEAL JOINT, SEQUELA","TRAUMA"
"CRP","S63412A","TRAUMATIC RUPTURE OF COLLATERAL LIGAMENT OF RIGHT MIDDLE FINGER AT METACARPOPHALANGEAL AND INTERPHALANGEAL JOINT, INITIAL ENCOUNTER","TRAUMA"
"CRP","S63412D","TRAUMATIC RUPTURE OF COLLATERAL LIGAMENT OF RIGHT MIDDLE FINGER AT METACARPOPHALANGEAL AND INTERPHALANGEAL JOINT, SUBSEQUENT ENCOUNTER","TRAUMA"
"CRP","S63412S","TRAUMATIC RUPTURE OF COLLATERAL LIGAMENT OF RIGHT MIDDLE FINGER AT METACARPOPHALANGEAL AND INTERPHALANGEAL JOINT, SEQUELA","TRAUMA"
"CRP","S63413A","TRAUMATIC RUPTURE OF COLLATERAL LIGAMENT OF LEFT MIDDLE FINGER AT METACARPOPHALANGEAL AND INTERPHALANGEAL JOINT, INITIAL ENCOUNTER","TRAUMA"
"CRP","S63413D","TRAUMATIC RUPTURE OF COLLATERAL LIGAMENT OF LEFT MIDDLE FINGER AT METACARPOPHALANGEAL AND INTERPHALANGEAL JOINT, SUBSEQUENT ENCOUNTER","TRAUMA"
"CRP","S63413S","TRAUMATIC RUPTURE OF COLLATERAL LIGAMENT OF LEFT MIDDLE FINGER AT METACARPOPHALANGEAL AND INTERPHALANGEAL JOINT, SEQUELA","TRAUMA"
"CRP","S63414A","TRAUMATIC RUPTURE OF COLLATERAL LIGAMENT OF RIGHT RING FINGER AT METACARPOPHALANGEAL AND INTERPHALANGEAL JOINT, INITIAL ENCOUNTER","TRAUMA"
"CRP","S63414D","TRAUMATIC RUPTURE OF COLLATERAL LIGAMENT OF RIGHT RING FINGER AT METACARPOPHALANGEAL AND INTERPHALANGEAL JOINT, SUBSEQUENT ENCOUNTER","TRAUMA"
"CRP","S63414S","TRAUMATIC RUPTURE OF COLLATERAL LIGAMENT OF RIGHT RING FINGER AT METACARPOPHALANGEAL AND INTERPHALANGEAL JOINT, SEQUELA","TRAUMA"
"CRP","S63415A","TRAUMATIC RUPTURE OF COLLATERAL LIGAMENT OF LEFT RING FINGER AT METACARPOPHALANGEAL AND INTERPHALANGEAL JOINT, INITIAL ENCOUNTER","TRAUMA"
"CRP","S63415D","TRAUMATIC RUPTURE OF COLLATERAL LIGAMENT OF LEFT RING FINGER AT METACARPOPHALANGEAL AND INTERPHALANGEAL JOINT, SUBSEQUENT ENCOUNTER","TRAUMA"
"CRP","S63415S","TRAUMATIC RUPTURE OF COLLATERAL LIGAMENT OF LEFT RING FINGER AT METACARPOPHALANGEAL AND INTERPHALANGEAL JOINT, SEQUELA","TRAUMA"
"CRP","S63416A","TRAUMATIC RUPTURE OF COLLATERAL LIGAMENT OF RIGHT LITTLE FINGER AT METACARPOPHALANGEAL AND INTERPHALANGEAL JOINT, INITIAL ENCOUNTER","TRAUMA"
"CRP","S63416D","TRAUMATIC RUPTURE OF COLLATERAL LIGAMENT OF RIGHT LITTLE FINGER AT METACARPOPHALANGEAL AND INTERPHALANGEAL JOINT, SUBSEQUENT ENCOUNTER","TRAUMA"
"CRP","S63416S","TRAUMATIC RUPTURE OF COLLATERAL LIGAMENT OF RIGHT LITTLE FINGER AT METACARPOPHALANGEAL AND INTERPHALANGEAL JOINT, SEQUELA","TRAUMA"
"CRP","S63417A","TRAUMATIC RUPTURE OF COLLATERAL LIGAMENT OF LEFT LITTLE FINGER AT METACARPOPHALANGEAL AND INTERPHALANGEAL JOINT, INITIAL ENCOUNTER","TRAUMA"
"CRP","S63417D","TRAUMATIC RUPTURE OF COLLATERAL LIGAMENT OF LEFT LITTLE FINGER AT METACARPOPHALANGEAL AND INTERPHALANGEAL JOINT, SUBSEQUENT ENCOUNTER","TRAUMA"
"CRP","S63417S","TRAUMATIC RUPTURE OF COLLATERAL LIGAMENT OF LEFT LITTLE FINGER AT METACARPOPHALANGEAL AND INTERPHALANGEAL JOINT, SEQUELA","TRAUMA"
"CRP","S63418A","TRAUMATIC RUPTURE OF COLLATERAL LIGAMENT OF OTHER FINGER AT METACARPOPHALANGEAL AND INTERPHALANGEAL JOINT, INITIAL ENCOUNTER","TRAUMA"
"CRP","S63418D","TRAUMATIC RUPTURE OF COLLATERAL LIGAMENT OF OTHER FINGER AT METACARPOPHALANGEAL AND INTERPHALANGEAL JOINT, SUBSEQUENT ENCOUNTER","TRAUMA"
"CRP","S63418S","TRAUMATIC RUPTURE OF COLLATERAL LIGAMENT OF OTHER FINGER AT METACARPOPHALANGEAL AND INTERPHALANGEAL JOINT, SEQUELA","TRAUMA"
"CRP","S63419A","TRAUMATIC RUPTURE OF COLLATERAL LIGAMENT OF UNSPECIFIED FINGER AT METACARPOPHALANGEAL AND INTERPHALANGEAL JOINT, INITIAL ENCOUNTER","TRAUMA"
"CRP","S63419D","TRAUMATIC RUPTURE OF COLLATERAL LIGAMENT OF UNSPECIFIED FINGER AT METACARPOPHALANGEAL AND INTERPHALANGEAL JOINT, SUBSEQUENT ENCOUNTER","TRAUMA"
"CRP","S63419S","TRAUMATIC RUPTURE OF COLLATERAL LIGAMENT OF UNSPECIFIED FINGER AT METACARPOPHALANGEAL AND INTERPHALANGEAL JOINT, SEQUELA","TRAUMA"
"CRP","S63420A","TRAUMATIC RUPTURE OF PALMAR LIGAMENT OF RIGHT INDEX FINGER AT METACARPOPHALANGEAL AND INTERPHALANGEAL JOINT, INITIAL ENCOUNTER","TRAUMA"
"CRP","S63420D","TRAUMATIC RUPTURE OF PALMAR LIGAMENT OF RIGHT INDEX FINGER AT METACARPOPHALANGEAL AND INTERPHALANGEAL JOINT, SUBSEQUENT ENCOUNTER","TRAUMA"
"CRP","S63420S","TRAUMATIC RUPTURE OF PALMAR LIGAMENT OF RIGHT INDEX FINGER AT METACARPOPHALANGEAL AND INTERPHALANGEAL JOINT, SEQUELA","TRAUMA"
"CRP","S63421A","TRAUMATIC RUPTURE OF PALMAR LIGAMENT OF LEFT INDEX FINGER AT METACARPOPHALANGEAL AND INTERPHALANGEAL JOINT, INITIAL ENCOUNTER","TRAUMA"
"CRP","S63421D","TRAUMATIC RUPTURE OF PALMAR LIGAMENT OF LEFT INDEX FINGER AT METACARPOPHALANGEAL AND INTERPHALANGEAL JOINT, SUBSEQUENT ENCOUNTER","TRAUMA"
"CRP","S63421S","TRAUMATIC RUPTURE OF PALMAR LIGAMENT OF LEFT INDEX FINGER AT METACARPOPHALANGEAL AND INTERPHALANGEAL JOINT, SEQUELA","TRAUMA"
"CRP","S63422A","TRAUMATIC RUPTURE OF PALMAR LIGAMENT OF RIGHT MIDDLE FINGER AT METACARPOPHALANGEAL AND INTERPHALANGEAL JOINT, INITIAL ENCOUNTER","TRAUMA"
"CRP","S63422D","TRAUMATIC RUPTURE OF PALMAR LIGAMENT OF RIGHT MIDDLE FINGER AT METACARPOPHALANGEAL AND INTERPHALANGEAL JOINT, SUBSEQUENT ENCOUNTER","TRAUMA"
"CRP","S63422S","TRAUMATIC RUPTURE OF PALMAR LIGAMENT OF RIGHT MIDDLE FINGER AT METACARPOPHALANGEAL AND INTERPHALANGEAL JOINT, SEQUELA","TRAUMA"
"CRP","S63423A","TRAUMATIC RUPTURE OF PALMAR LIGAMENT OF LEFT MIDDLE FINGER AT METACARPOPHALANGEAL AND INTERPHALANGEAL JOINT, INITIAL ENCOUNTER","TRAUMA"
"CRP","S63423D","TRAUMATIC RUPTURE OF PALMAR LIGAMENT OF LEFT MIDDLE FINGER AT METACARPOPHALANGEAL AND INTERPHALANGEAL JOINT, SUBSEQUENT ENCOUNTER","TRAUMA"
"CRP","S63423S","TRAUMATIC RUPTURE OF PALMAR LIGAMENT OF LEFT MIDDLE FINGER AT METACARPOPHALANGEAL AND INTERPHALANGEAL JOINT, SEQUELA","TRAUMA"
"CRP","S63424A","TRAUMATIC RUPTURE OF PALMAR LIGAMENT OF RIGHT RING FINGER AT METACARPOPHALANGEAL AND INTERPHALANGEAL JOINT, INITIAL ENCOUNTER","TRAUMA"
"CRP","S63424D","TRAUMATIC RUPTURE OF PALMAR LIGAMENT OF RIGHT RING FINGER AT METACARPOPHALANGEAL AND INTERPHALANGEAL JOINT, SUBSEQUENT ENCOUNTER","TRAUMA"
"CRP","S63424S","TRAUMATIC RUPTURE OF PALMAR LIGAMENT OF RIGHT RING FINGER AT METACARPOPHALANGEAL AND INTERPHALANGEAL JOINT, SEQUELA","TRAUMA"
"CRP","S63425A","TRAUMATIC RUPTURE OF PALMAR LIGAMENT OF LEFT RING FINGER AT METACARPOPHALANGEAL AND INTERPHALANGEAL JOINT, INITIAL ENCOUNTER","TRAUMA"
"CRP","S63425D","TRAUMATIC RUPTURE OF PALMAR LIGAMENT OF LEFT RING FINGER AT METACARPOPHALANGEAL AND INTERPHALANGEAL JOINT, SUBSEQUENT ENCOUNTER","TRAUMA"
"CRP","S63425S","TRAUMATIC RUPTURE OF PALMAR LIGAMENT OF LEFT RING FINGER AT METACARPOPHALANGEAL AND INTERPHALANGEAL JOINT, SEQUELA","TRAUMA"
"CRP","S63426A","TRAUMATIC RUPTURE OF PALMAR LIGAMENT OF RIGHT LITTLE FINGER AT METACARPOPHALANGEAL AND INTERPHALANGEAL JOINT, INITIAL ENCOUNTER","TRAUMA"
"CRP","S63426D","TRAUMATIC RUPTURE OF PALMAR LIGAMENT OF RIGHT LITTLE FINGER AT METACARPOPHALANGEAL AND INTERPHALANGEAL JOINT, SUBSEQUENT ENCOUNTER","TRAUMA"
"CRP","S63426S","TRAUMATIC RUPTURE OF PALMAR LIGAMENT OF RIGHT LITTLE FINGER AT METACARPOPHALANGEAL AND INTERPHALANGEAL JOINT, SEQUELA","TRAUMA"
"CRP","S63427A","TRAUMATIC RUPTURE OF PALMAR LIGAMENT OF LEFT LITTLE FINGER AT METACARPOPHALANGEAL AND INTERPHALANGEAL JOINT, INITIAL ENCOUNTER","TRAUMA"
"CRP","S63427D","TRAUMATIC RUPTURE OF PALMAR LIGAMENT OF LEFT LITTLE FINGER AT METACARPOPHALANGEAL AND INTERPHALANGEAL JOINT, SUBSEQUENT ENCOUNTER","TRAUMA"
"CRP","S63427S","TRAUMATIC RUPTURE OF PALMAR LIGAMENT OF LEFT LITTLE FINGER AT METACARPOPHALANGEAL AND INTERPHALANGEAL JOINT, SEQUELA","TRAUMA"
"CRP","S63428A","TRAUMATIC RUPTURE OF PALMAR LIGAMENT OF OTHER FINGER AT METACARPOPHALANGEAL AND INTERPHALANGEAL JOINT, INITIAL ENCOUNTER","TRAUMA"
"CRP","S63428D","TRAUMATIC RUPTURE OF PALMAR LIGAMENT OF OTHER FINGER AT METACARPOPHALANGEAL AND INTERPHALANGEAL JOINT, SUBSEQUENT ENCOUNTER","TRAUMA"
"CRP","S63428S","TRAUMATIC RUPTURE OF PALMAR LIGAMENT OF OTHER FINGER AT METACARPOPHALANGEAL AND INTERPHALANGEAL JOINT, SEQUELA","TRAUMA"
"CRP","S63429A","TRAUMATIC RUPTURE OF PALMAR LIGAMENT OF UNSPECIFIED FINGER AT METACARPOPHALANGEAL AND INTERPHALANGEAL JOINT, INITIAL ENCOUNTER","TRAUMA"
"CRP","S63429D","TRAUMATIC RUPTURE OF PALMAR LIGAMENT OF UNSPECIFIED FINGER AT METACARPOPHALANGEAL AND INTERPHALANGEAL JOINT, SUBSEQUENT ENCOUNTER","TRAUMA"
"CRP","S63429S","TRAUMATIC RUPTURE OF PALMAR LIGAMENT OF UNSPECIFIED FINGER AT METACARPOPHALANGEAL AND INTERPHALANGEAL JOINT, SEQUELA","TRAUMA"
"CRP","S63430A","TRAUMATIC RUPTURE OF VOLAR PLATE OF RIGHT INDEX FINGER AT METACARPOPHALANGEAL AND INTERPHALANGEAL JOINT, INITIAL ENCOUNTER","TRAUMA"
"CRP","S63430D","TRAUMATIC RUPTURE OF VOLAR PLATE OF RIGHT INDEX FINGER AT METACARPOPHALANGEAL AND INTERPHALANGEAL JOINT, SUBSEQUENT ENCOUNTER","TRAUMA"
"CRP","S63430S","TRAUMATIC RUPTURE OF VOLAR PLATE OF RIGHT INDEX FINGER AT METACARPOPHALANGEAL AND INTERPHALANGEAL JOINT, SEQUELA","TRAUMA"
"CRP","S63431A","TRAUMATIC RUPTURE OF VOLAR PLATE OF LEFT INDEX FINGER AT METACARPOPHALANGEAL AND INTERPHALANGEAL JOINT, INITIAL ENCOUNTER","TRAUMA"
"CRP","S63431D","TRAUMATIC RUPTURE OF VOLAR PLATE OF LEFT INDEX FINGER AT METACARPOPHALANGEAL AND INTERPHALANGEAL JOINT, SUBSEQUENT ENCOUNTER","TRAUMA"
"CRP","S63431S","TRAUMATIC RUPTURE OF VOLAR PLATE OF LEFT INDEX FINGER AT METACARPOPHALANGEAL AND INTERPHALANGEAL JOINT, SEQUELA","TRAUMA"
"CRP","S63432A","TRAUMATIC RUPTURE OF VOLAR PLATE OF RIGHT MIDDLE FINGER AT METACARPOPHALANGEAL AND INTERPHALANGEAL JOINT, INITIAL ENCOUNTER","TRAUMA"
"CRP","S63432D","TRAUMATIC RUPTURE OF VOLAR PLATE OF RIGHT MIDDLE FINGER AT METACARPOPHALANGEAL AND INTERPHALANGEAL JOINT, SUBSEQUENT ENCOUNTER","TRAUMA"
"CRP","S63432S","TRAUMATIC RUPTURE OF VOLAR PLATE OF RIGHT MIDDLE FINGER AT METACARPOPHALANGEAL AND INTERPHALANGEAL JOINT, SEQUELA","TRAUMA"
"CRP","S63433A","TRAUMATIC RUPTURE OF VOLAR PLATE OF LEFT MIDDLE FINGER AT METACARPOPHALANGEAL AND INTERPHALANGEAL JOINT, INITIAL ENCOUNTER","TRAUMA"
"CRP","S63433D","TRAUMATIC RUPTURE OF VOLAR PLATE OF LEFT MIDDLE FINGER AT METACARPOPHALANGEAL AND INTERPHALANGEAL JOINT, SUBSEQUENT ENCOUNTER","TRAUMA"
"CRP","S63433S","TRAUMATIC RUPTURE OF VOLAR PLATE OF LEFT MIDDLE FINGER AT METACARPOPHALANGEAL AND INTERPHALANGEAL JOINT, SEQUELA","TRAUMA"
"CRP","S63434A","TRAUMATIC RUPTURE OF VOLAR PLATE OF RIGHT RING FINGER AT METACARPOPHALANGEAL AND INTERPHALANGEAL JOINT, INITIAL ENCOUNTER","TRAUMA"
"CRP","S63434D","TRAUMATIC RUPTURE OF VOLAR PLATE OF RIGHT RING FINGER AT METACARPOPHALANGEAL AND INTERPHALANGEAL JOINT, SUBSEQUENT ENCOUNTER","TRAUMA"
"CRP","S63434S","TRAUMATIC RUPTURE OF VOLAR PLATE OF RIGHT RING FINGER AT METACARPOPHALANGEAL AND INTERPHALANGEAL JOINT, SEQUELA","TRAUMA"
"CRP","S63435A","TRAUMATIC RUPTURE OF VOLAR PLATE OF LEFT RING FINGER AT METACARPOPHALANGEAL AND INTERPHALANGEAL JOINT, INITIAL ENCOUNTER","TRAUMA"
"CRP","S63435D","TRAUMATIC RUPTURE OF VOLAR PLATE OF LEFT RING FINGER AT METACARPOPHALANGEAL AND INTERPHALANGEAL JOINT, SUBSEQUENT ENCOUNTER","TRAUMA"
"CRP","S63435S","TRAUMATIC RUPTURE OF VOLAR PLATE OF LEFT RING FINGER AT METACARPOPHALANGEAL AND INTERPHALANGEAL JOINT, SEQUELA","TRAUMA"
"CRP","S63436A","TRAUMATIC RUPTURE OF VOLAR PLATE OF RIGHT LITTLE FINGER AT METACARPOPHALANGEAL AND INTERPHALANGEAL JOINT, INITIAL ENCOUNTER","TRAUMA"
"CRP","S63436D","TRAUMATIC RUPTURE OF VOLAR PLATE OF RIGHT LITTLE FINGER AT METACARPOPHALANGEAL AND INTERPHALANGEAL JOINT, SUBSEQUENT ENCOUNTER","TRAUMA"
"CRP","S63436S","TRAUMATIC RUPTURE OF VOLAR PLATE OF RIGHT LITTLE FINGER AT METACARPOPHALANGEAL AND INTERPHALANGEAL JOINT, SEQUELA","TRAUMA"
"CRP","S63437A","TRAUMATIC RUPTURE OF VOLAR PLATE OF LEFT LITTLE FINGER AT METACARPOPHALANGEAL AND INTERPHALANGEAL JOINT, INITIAL ENCOUNTER","TRAUMA"
"CRP","S63437D","TRAUMATIC RUPTURE OF VOLAR PLATE OF LEFT LITTLE FINGER AT METACARPOPHALANGEAL AND INTERPHALANGEAL JOINT, SUBSEQUENT ENCOUNTER","TRAUMA"
"CRP","S63437S","TRAUMATIC RUPTURE OF VOLAR PLATE OF LEFT LITTLE FINGER AT METACARPOPHALANGEAL AND INTERPHALANGEAL JOINT, SEQUELA","TRAUMA"
"CRP","S63438A","TRAUMATIC RUPTURE OF VOLAR PLATE OF OTHER FINGER AT METACARPOPHALANGEAL AND INTERPHALANGEAL JOINT, INITIAL ENCOUNTER","TRAUMA"
"CRP","S63438D","TRAUMATIC RUPTURE OF VOLAR PLATE OF OTHER FINGER AT METACARPOPHALANGEAL AND INTERPHALANGEAL JOINT, SUBSEQUENT ENCOUNTER","TRAUMA"
"CRP","S63438S","TRAUMATIC RUPTURE OF VOLAR PLATE OF OTHER FINGER AT METACARPOPHALANGEAL AND INTERPHALANGEAL JOINT, SEQUELA","TRAUMA"
"CRP","S63439A","TRAUMATIC RUPTURE OF VOLAR PLATE OF UNSPECIFIED FINGER AT METACARPOPHALANGEAL AND INTERPHALANGEAL JOINT, INITIAL ENCOUNTER","TRAUMA"
"CRP","S63439D","TRAUMATIC RUPTURE OF VOLAR PLATE OF UNSPECIFIED FINGER AT METACARPOPHALANGEAL AND INTERPHALANGEAL JOINT, SUBSEQUENT ENCOUNTER","TRAUMA"
"CRP","S63439S","TRAUMATIC RUPTURE OF VOLAR PLATE OF UNSPECIFIED FINGER AT METACARPOPHALANGEAL AND INTERPHALANGEAL JOINT, SEQUELA","TRAUMA"
"CRP","S63490A","TRAUMATIC RUPTURE OF OTHER LIGAMENT OF RIGHT INDEX FINGER AT METACARPOPHALANGEAL AND INTERPHALANGEAL JOINT, INITIAL ENCOUNTER","TRAUMA"
"CRP","S63490D","TRAUMATIC RUPTURE OF OTHER LIGAMENT OF RIGHT INDEX FINGER AT METACARPOPHALANGEAL AND INTERPHALANGEAL JOINT, SUBSEQUENT ENCOUNTER","TRAUMA"
"CRP","S63490S","TRAUMATIC RUPTURE OF OTHER LIGAMENT OF RIGHT INDEX FINGER AT METACARPOPHALANGEAL AND INTERPHALANGEAL JOINT, SEQUELA","TRAUMA"
"CRP","S63491A","TRAUMATIC RUPTURE OF OTHER LIGAMENT OF LEFT INDEX FINGER AT METACARPOPHALANGEAL AND INTERPHALANGEAL JOINT, INITIAL ENCOUNTER","TRAUMA"
"CRP","S63491D","TRAUMATIC RUPTURE OF OTHER LIGAMENT OF LEFT INDEX FINGER AT METACARPOPHALANGEAL AND INTERPHALANGEAL JOINT, SUBSEQUENT ENCOUNTER","TRAUMA"
"CRP","S63491S","TRAUMATIC RUPTURE OF OTHER LIGAMENT OF LEFT INDEX FINGER AT METACARPOPHALANGEAL AND INTERPHALANGEAL JOINT, SEQUELA","TRAUMA"
"CRP","S63492A","TRAUMATIC RUPTURE OF OTHER LIGAMENT OF RIGHT MIDDLE FINGER AT METACARPOPHALANGEAL AND INTERPHALANGEAL JOINT, INITIAL ENCOUNTER","TRAUMA"
"CRP","S63492D","TRAUMATIC RUPTURE OF OTHER LIGAMENT OF RIGHT MIDDLE FINGER AT METACARPOPHALANGEAL AND INTERPHALANGEAL JOINT, SUBSEQUENT ENCOUNTER","TRAUMA"
"CRP","S63492S","TRAUMATIC RUPTURE OF OTHER LIGAMENT OF RIGHT MIDDLE FINGER AT METACARPOPHALANGEAL AND INTERPHALANGEAL JOINT, SEQUELA","TRAUMA"
"CRP","S63493A","TRAUMATIC RUPTURE OF OTHER LIGAMENT OF LEFT MIDDLE FINGER AT METACARPOPHALANGEAL AND INTERPHALANGEAL JOINT, INITIAL ENCOUNTER","TRAUMA"
"CRP","S63493D","TRAUMATIC RUPTURE OF OTHER LIGAMENT OF LEFT MIDDLE FINGER AT METACARPOPHALANGEAL AND INTERPHALANGEAL JOINT, SUBSEQUENT ENCOUNTER","TRAUMA"
"CRP","S63493S","TRAUMATIC RUPTURE OF OTHER LIGAMENT OF LEFT MIDDLE FINGER AT METACARPOPHALANGEAL AND INTERPHALANGEAL JOINT, SEQUELA","TRAUMA"
"CRP","S63494A","TRAUMATIC RUPTURE OF OTHER LIGAMENT OF RIGHT RING FINGER AT METACARPOPHALANGEAL AND INTERPHALANGEAL JOINT, INITIAL ENCOUNTER","TRAUMA"
"CRP","S63494D","TRAUMATIC RUPTURE OF OTHER LIGAMENT OF RIGHT RING FINGER AT METACARPOPHALANGEAL AND INTERPHALANGEAL JOINT, SUBSEQUENT ENCOUNTER","TRAUMA"
"CRP","S63494S","TRAUMATIC RUPTURE OF OTHER LIGAMENT OF RIGHT RING FINGER AT METACARPOPHALANGEAL AND INTERPHALANGEAL JOINT, SEQUELA","TRAUMA"
"CRP","S63495A","TRAUMATIC RUPTURE OF OTHER LIGAMENT OF LEFT RING FINGER AT METACARPOPHALANGEAL AND INTERPHALANGEAL JOINT, INITIAL ENCOUNTER","TRAUMA"
"CRP","S63495D","TRAUMATIC RUPTURE OF OTHER LIGAMENT OF LEFT RING FINGER AT METACARPOPHALANGEAL AND INTERPHALANGEAL JOINT, SUBSEQUENT ENCOUNTER","TRAUMA"
"CRP","S63495S","TRAUMATIC RUPTURE OF OTHER LIGAMENT OF LEFT RING FINGER AT METACARPOPHALANGEAL AND INTERPHALANGEAL JOINT, SEQUELA","TRAUMA"
"CRP","S63496A","TRAUMATIC RUPTURE OF OTHER LIGAMENT OF RIGHT LITTLE FINGER AT METACARPOPHALANGEAL AND INTERPHALANGEAL JOINT, INITIAL ENCOUNTER","TRAUMA"
"CRP","S63496D","TRAUMATIC RUPTURE OF OTHER LIGAMENT OF RIGHT LITTLE FINGER AT METACARPOPHALANGEAL AND INTERPHALANGEAL JOINT, SUBSEQUENT ENCOUNTER","TRAUMA"
"CRP","S63496S","TRAUMATIC RUPTURE OF OTHER LIGAMENT OF RIGHT LITTLE FINGER AT METACARPOPHALANGEAL AND INTERPHALANGEAL JOINT, SEQUELA","TRAUMA"
"CRP","S63497A","TRAUMATIC RUPTURE OF OTHER LIGAMENT OF LEFT LITTLE FINGER AT METACARPOPHALANGEAL AND INTERPHALANGEAL JOINT, INITIAL ENCOUNTER","TRAUMA"
"CRP","S63497D","TRAUMATIC RUPTURE OF OTHER LIGAMENT OF LEFT LITTLE FINGER AT METACARPOPHALANGEAL AND INTERPHALANGEAL JOINT, SUBSEQUENT ENCOUNTER","TRAUMA"
"CRP","S63497S","TRAUMATIC RUPTURE OF OTHER LIGAMENT OF LEFT LITTLE FINGER AT METACARPOPHALANGEAL AND INTERPHALANGEAL JOINT, SEQUELA","TRAUMA"
"CRP","S63498A","TRAUMATIC RUPTURE OF OTHER LIGAMENT OF OTHER FINGER AT METACARPOPHALANGEAL AND INTERPHALANGEAL JOINT, INITIAL ENCOUNTER","TRAUMA"
"CRP","S63498D","TRAUMATIC RUPTURE OF OTHER LIGAMENT OF OTHER FINGER AT METACARPOPHALANGEAL AND INTERPHALANGEAL JOINT, SUBSEQUENT ENCOUNTER","TRAUMA"
"CRP","S63498S","TRAUMATIC RUPTURE OF OTHER LIGAMENT OF OTHER FINGER AT METACARPOPHALANGEAL AND INTERPHALANGEAL JOINT, SEQUELA","TRAUMA"
"CRP","S63499A","TRAUMATIC RUPTURE OF OTHER LIGAMENT OF UNSPECIFIED FINGER AT METACARPOPHALANGEAL AND INTERPHALANGEAL JOINT, INITIAL ENCOUNTER","TRAUMA"
"CRP","S63499D","TRAUMATIC RUPTURE OF OTHER LIGAMENT OF UNSPECIFIED FINGER AT METACARPOPHALANGEAL AND INTERPHALANGEAL JOINT, SUBSEQUENT ENCOUNTER","TRAUMA"
"CRP","S63499S","TRAUMATIC RUPTURE OF OTHER LIGAMENT OF UNSPECIFIED FINGER AT METACARPOPHALANGEAL AND INTERPHALANGEAL JOINT, SEQUELA","TRAUMA"
"CRP","S68011A","COMPLETE TRAUMATIC METACARPOPHALANGEAL AMPUTATION OF RIGHT THUMB, INITIAL ENCOUNTER","TRAUMA"
"CRP","S68011D","COMPLETE TRAUMATIC METACARPOPHALANGEAL AMPUTATION OF RIGHT THUMB, SUBSEQUENT ENCOUNTER","TRAUMA"
"CRP","S68011S","COMPLETE TRAUMATIC METACARPOPHALANGEAL AMPUTATION OF RIGHT THUMB, SEQUELA","TRAUMA"
"CRP","S68012A","COMPLETE TRAUMATIC METACARPOPHALANGEAL AMPUTATION OF LEFT THUMB, INITIAL ENCOUNTER","TRAUMA"
"CRP","S68012D","COMPLETE TRAUMATIC METACARPOPHALANGEAL AMPUTATION OF LEFT THUMB, SUBSEQUENT ENCOUNTER","TRAUMA"
"CRP","S68012S","COMPLETE TRAUMATIC METACARPOPHALANGEAL AMPUTATION OF LEFT THUMB, SEQUELA","TRAUMA"
"CRP","S68019A","COMPLETE TRAUMATIC METACARPOPHALANGEAL AMPUTATION OF UNSPECIFIED THUMB, INITIAL ENCOUNTER","TRAUMA"
"CRP","S68019D","COMPLETE TRAUMATIC METACARPOPHALANGEAL AMPUTATION OF UNSPECIFIED THUMB, SUBSEQUENT ENCOUNTER","TRAUMA"
"CRP","S68019S","COMPLETE TRAUMATIC METACARPOPHALANGEAL AMPUTATION OF UNSPECIFIED THUMB, SEQUELA","TRAUMA"
"CRP","S68021A","PARTIAL TRAUMATIC METACARPOPHALANGEAL AMPUTATION OF RIGHT THUMB, INITIAL ENCOUNTER","TRAUMA"
"CRP","S68021D","PARTIAL TRAUMATIC METACARPOPHALANGEAL AMPUTATION OF RIGHT THUMB, SUBSEQUENT ENCOUNTER","TRAUMA"
"CRP","S68021S","PARTIAL TRAUMATIC METACARPOPHALANGEAL AMPUTATION OF RIGHT THUMB, SEQUELA","TRAUMA"
"CRP","S68022A","PARTIAL TRAUMATIC METACARPOPHALANGEAL AMPUTATION OF LEFT THUMB, INITIAL ENCOUNTER","TRAUMA"
"CRP","S68022D","PARTIAL TRAUMATIC METACARPOPHALANGEAL AMPUTATION OF LEFT THUMB, SUBSEQUENT ENCOUNTER","TRAUMA"
"CRP","S68022S","PARTIAL TRAUMATIC METACARPOPHALANGEAL AMPUTATION OF LEFT THUMB, SEQUELA","TRAUMA"
"CRP","S68029A","PARTIAL TRAUMATIC METACARPOPHALANGEAL AMPUTATION OF UNSPECIFIED THUMB, INITIAL ENCOUNTER","TRAUMA"
"CRP","S68029D","PARTIAL TRAUMATIC METACARPOPHALANGEAL AMPUTATION OF UNSPECIFIED THUMB, SUBSEQUENT ENCOUNTER","TRAUMA"
"CRP","S68029S","PARTIAL TRAUMATIC METACARPOPHALANGEAL AMPUTATION OF UNSPECIFIED THUMB, SEQUELA","TRAUMA"
"CRP","S68110A","COMPLETE TRAUMATIC METACARPOPHALANGEAL AMPUTATION OF RIGHT INDEX FINGER, INITIAL ENCOUNTER","TRAUMA"
"CRP","S68110D","COMPLETE TRAUMATIC METACARPOPHALANGEAL AMPUTATION OF RIGHT INDEX FINGER, SUBSEQUENT ENCOUNTER","TRAUMA"
"CRP","S68110S","COMPLETE TRAUMATIC METACARPOPHALANGEAL AMPUTATION OF RIGHT INDEX FINGER, SEQUELA","TRAUMA"
"CRP","S68111A","COMPLETE TRAUMATIC METACARPOPHALANGEAL AMPUTATION OF LEFT INDEX FINGER, INITIAL ENCOUNTER","TRAUMA"
"CRP","S68111D","COMPLETE TRAUMATIC METACARPOPHALANGEAL AMPUTATION OF LEFT INDEX FINGER, SUBSEQUENT ENCOUNTER","TRAUMA"
"CRP","S68111S","COMPLETE TRAUMATIC METACARPOPHALANGEAL AMPUTATION OF LEFT INDEX FINGER, SEQUELA","TRAUMA"
"CRP","S68112A","COMPLETE TRAUMATIC METACARPOPHALANGEAL AMPUTATION OF RIGHT MIDDLE FINGER, INITIAL ENCOUNTER","TRAUMA"
"CRP","S68112D","COMPLETE TRAUMATIC METACARPOPHALANGEAL AMPUTATION OF RIGHT MIDDLE FINGER, SUBSEQUENT ENCOUNTER","TRAUMA"
"CRP","S68112S","COMPLETE TRAUMATIC METACARPOPHALANGEAL AMPUTATION OF RIGHT MIDDLE FINGER, SEQUELA","TRAUMA"
"CRP","S68113A","COMPLETE TRAUMATIC METACARPOPHALANGEAL AMPUTATION OF LEFT MIDDLE FINGER, INITIAL ENCOUNTER","TRAUMA"
"CRP","S68113D","COMPLETE TRAUMATIC METACARPOPHALANGEAL AMPUTATION OF LEFT MIDDLE FINGER, SUBSEQUENT ENCOUNTER","TRAUMA"
"CRP","S68113S","COMPLETE TRAUMATIC METACARPOPHALANGEAL AMPUTATION OF LEFT MIDDLE FINGER, SEQUELA","TRAUMA"
"CRP","S68114A","COMPLETE TRAUMATIC METACARPOPHALANGEAL AMPUTATION OF RIGHT RING FINGER, INITIAL ENCOUNTER","TRAUMA"
"CRP","S68114D","COMPLETE TRAUMATIC METACARPOPHALANGEAL AMPUTATION OF RIGHT RING FINGER, SUBSEQUENT ENCOUNTER","TRAUMA"
"CRP","S68114S","COMPLETE TRAUMATIC METACARPOPHALANGEAL AMPUTATION OF RIGHT RING FINGER, SEQUELA","TRAUMA"
"CRP","S68115A","COMPLETE TRAUMATIC METACARPOPHALANGEAL AMPUTATION OF LEFT RING FINGER, INITIAL ENCOUNTER","TRAUMA"
"CRP","S68115D","COMPLETE TRAUMATIC METACARPOPHALANGEAL AMPUTATION OF LEFT RING FINGER, SUBSEQUENT ENCOUNTER","TRAUMA"
"CRP","S68115S","COMPLETE TRAUMATIC METACARPOPHALANGEAL AMPUTATION OF LEFT RING FINGER, SEQUELA","TRAUMA"
"CRP","S68116A","COMPLETE TRAUMATIC METACARPOPHALANGEAL AMPUTATION OF RIGHT LITTLE FINGER, INITIAL ENCOUNTER","TRAUMA"
"CRP","S68116D","COMPLETE TRAUMATIC METACARPOPHALANGEAL AMPUTATION OF RIGHT LITTLE FINGER, SUBSEQUENT ENCOUNTER","TRAUMA"
"CRP","S68116S","COMPLETE TRAUMATIC METACARPOPHALANGEAL AMPUTATION OF RIGHT LITTLE FINGER, SEQUELA","TRAUMA"
"CRP","S68117A","COMPLETE TRAUMATIC METACARPOPHALANGEAL AMPUTATION OF LEFT LITTLE FINGER, INITIAL ENCOUNTER","TRAUMA"
"CRP","S68117D","COMPLETE TRAUMATIC METACARPOPHALANGEAL AMPUTATION OF LEFT LITTLE FINGER, SUBSEQUENT ENCOUNTER","TRAUMA"
"CRP","S68117S","COMPLETE TRAUMATIC METACARPOPHALANGEAL AMPUTATION OF LEFT LITTLE FINGER, SEQUELA","TRAUMA"
"CRP","S68118A","COMPLETE TRAUMATIC METACARPOPHALANGEAL AMPUTATION OF OTHER FINGER, INITIAL ENCOUNTER","TRAUMA"
"CRP","S68118D","COMPLETE TRAUMATIC METACARPOPHALANGEAL AMPUTATION OF OTHER FINGER, SUBSEQUENT ENCOUNTER","TRAUMA"
"CRP","S68118S","COMPLETE TRAUMATIC METACARPOPHALANGEAL AMPUTATION OF OTHER FINGER, SEQUELA","TRAUMA"
"CRP","S68119A","COMPLETE TRAUMATIC METACARPOPHALANGEAL AMPUTATION OF UNSPECIFIED FINGER, INITIAL ENCOUNTER","TRAUMA"
"CRP","S68119D","COMPLETE TRAUMATIC METACARPOPHALANGEAL AMPUTATION OF UNSPECIFIED FINGER, SUBSEQUENT ENCOUNTER","TRAUMA"
"CRP","S68119S","COMPLETE TRAUMATIC METACARPOPHALANGEAL AMPUTATION OF UNSPECIFIED FINGER, SEQUELA","TRAUMA"
"CRP","S68120A","PARTIAL TRAUMATIC METACARPOPHALANGEAL AMPUTATION OF RIGHT INDEX FINGER, INITIAL ENCOUNTER","TRAUMA"
"CRP","S68120D","PARTIAL TRAUMATIC METACARPOPHALANGEAL AMPUTATION OF RIGHT INDEX FINGER, SUBSEQUENT ENCOUNTER","TRAUMA"
"CRP","S68120S","PARTIAL TRAUMATIC METACARPOPHALANGEAL AMPUTATION OF RIGHT INDEX FINGER, SEQUELA","TRAUMA"
"CRP","S68121A","PARTIAL TRAUMATIC METACARPOPHALANGEAL AMPUTATION OF LEFT INDEX FINGER, INITIAL ENCOUNTER","TRAUMA"
"CRP","S68121D","PARTIAL TRAUMATIC METACARPOPHALANGEAL AMPUTATION OF LEFT INDEX FINGER, SUBSEQUENT ENCOUNTER","TRAUMA"
"CRP","S68121S","PARTIAL TRAUMATIC METACARPOPHALANGEAL AMPUTATION OF LEFT INDEX FINGER, SEQUELA","TRAUMA"
"CRP","S68122A","PARTIAL TRAUMATIC METACARPOPHALANGEAL AMPUTATION OF RIGHT MIDDLE FINGER, INITIAL ENCOUNTER","TRAUMA"
"CRP","S68122D","PARTIAL TRAUMATIC METACARPOPHALANGEAL AMPUTATION OF RIGHT MIDDLE FINGER, SUBSEQUENT ENCOUNTER","TRAUMA"
"CRP","S68122S","PARTIAL TRAUMATIC METACARPOPHALANGEAL AMPUTATION OF RIGHT MIDDLE FINGER, SEQUELA","TRAUMA"
"CRP","S68123A","PARTIAL TRAUMATIC METACARPOPHALANGEAL AMPUTATION OF LEFT MIDDLE FINGER, INITIAL ENCOUNTER","TRAUMA"
"CRP","S68123D","PARTIAL TRAUMATIC METACARPOPHALANGEAL AMPUTATION OF LEFT MIDDLE FINGER, SUBSEQUENT ENCOUNTER","TRAUMA"
"CRP","S68123S","PARTIAL TRAUMATIC METACARPOPHALANGEAL AMPUTATION OF LEFT MIDDLE FINGER, SEQUELA","TRAUMA"
"CRP","S68124A","PARTIAL TRAUMATIC METACARPOPHALANGEAL AMPUTATION OF RIGHT RING FINGER, INITIAL ENCOUNTER","TRAUMA"
"CRP","S68124D","PARTIAL TRAUMATIC METACARPOPHALANGEAL AMPUTATION OF RIGHT RING FINGER, SUBSEQUENT ENCOUNTER","TRAUMA"
"CRP","S68124S","PARTIAL TRAUMATIC METACARPOPHALANGEAL AMPUTATION OF RIGHT RING FINGER, SEQUELA","TRAUMA"
"CRP","S68125A","PARTIAL TRAUMATIC METACARPOPHALANGEAL AMPUTATION OF LEFT RING FINGER, INITIAL ENCOUNTER","TRAUMA"
"CRP","S68125D","PARTIAL TRAUMATIC METACARPOPHALANGEAL AMPUTATION OF LEFT RING FINGER, SUBSEQUENT ENCOUNTER","TRAUMA"
"CRP","S68125S","PARTIAL TRAUMATIC METACARPOPHALANGEAL AMPUTATION OF LEFT RING FINGER, SEQUELA","TRAUMA"
"CRP","S68126A","PARTIAL TRAUMATIC METACARPOPHALANGEAL AMPUTATION OF RIGHT LITTLE FINGER, INITIAL ENCOUNTER","TRAUMA"
"CRP","S68126D","PARTIAL TRAUMATIC METACARPOPHALANGEAL AMPUTATION OF RIGHT LITTLE FINGER, SUBSEQUENT ENCOUNTER","TRAUMA"
"CRP","S68126S","PARTIAL TRAUMATIC METACARPOPHALANGEAL AMPUTATION OF RIGHT LITTLE FINGER, SEQUELA","TRAUMA"
"CRP","S68127A","PARTIAL TRAUMATIC METACARPOPHALANGEAL AMPUTATION OF LEFT LITTLE FINGER, INITIAL ENCOUNTER","TRAUMA"
"CRP","S68127D","PARTIAL TRAUMATIC METACARPOPHALANGEAL AMPUTATION OF LEFT LITTLE FINGER, SUBSEQUENT ENCOUNTER","TRAUMA"
"CRP","S68127S","PARTIAL TRAUMATIC METACARPOPHALANGEAL AMPUTATION OF LEFT LITTLE FINGER, SEQUELA","TRAUMA"
"CRP","S68128A","PARTIAL TRAUMATIC METACARPOPHALANGEAL AMPUTATION OF OTHER FINGER, INITIAL ENCOUNTER","TRAUMA"
"CRP","S68128D","PARTIAL TRAUMATIC METACARPOPHALANGEAL AMPUTATION OF OTHER FINGER, SUBSEQUENT ENCOUNTER","TRAUMA"
"CRP","S68128S","PARTIAL TRAUMATIC METACARPOPHALANGEAL AMPUTATION OF OTHER FINGER, SEQUELA","TRAUMA"
"CRP","S68129A","PARTIAL TRAUMATIC METACARPOPHALANGEAL AMPUTATION OF UNSPECIFIED FINGER, INITIAL ENCOUNTER","TRAUMA"
"CRP","S68129D","PARTIAL TRAUMATIC METACARPOPHALANGEAL AMPUTATION OF UNSPECIFIED FINGER, SUBSEQUENT ENCOUNTER","TRAUMA"
"CRP","S68129S","PARTIAL TRAUMATIC METACARPOPHALANGEAL AMPUTATION OF UNSPECIFIED FINGER, SEQUELA","TRAUMA"
"CRP","S68411A","COMPLETE TRAUMATIC AMPUTATION OF RIGHT HAND AT WRIST LEVEL, INITIAL ENCOUNTER","TRAUMA"
"CRP","S68411D","COMPLETE TRAUMATIC AMPUTATION OF RIGHT HAND AT WRIST LEVEL, SUBSEQUENT ENCOUNTER","TRAUMA"
"CRP","S68411S","COMPLETE TRAUMATIC AMPUTATION OF RIGHT HAND AT WRIST LEVEL, SEQUELA","TRAUMA"
"CRP","S68412A","COMPLETE TRAUMATIC AMPUTATION OF LEFT HAND AT WRIST LEVEL, INITIAL ENCOUNTER","TRAUMA"
"CRP","S68412D","COMPLETE TRAUMATIC AMPUTATION OF LEFT HAND AT WRIST LEVEL, SUBSEQUENT ENCOUNTER","TRAUMA"
"CRP","S68412S","COMPLETE TRAUMATIC AMPUTATION OF LEFT HAND AT WRIST LEVEL, SEQUELA","TRAUMA"
"CRP","S68419A","COMPLETE TRAUMATIC AMPUTATION OF UNSPECIFIED HAND AT WRIST LEVEL, INITIAL ENCOUNTER","TRAUMA"
"CRP","S68419D","COMPLETE TRAUMATIC AMPUTATION OF UNSPECIFIED HAND AT WRIST LEVEL, SUBSEQUENT ENCOUNTER","TRAUMA"
"CRP","S68419S","COMPLETE TRAUMATIC AMPUTATION OF UNSPECIFIED HAND AT WRIST LEVEL, SEQUELA","TRAUMA"
"CRP","S68421A","PARTIAL TRAUMATIC AMPUTATION OF RIGHT HAND AT WRIST LEVEL, INITIAL ENCOUNTER","TRAUMA"
"CRP","S68421D","PARTIAL TRAUMATIC AMPUTATION OF RIGHT HAND AT WRIST LEVEL, SUBSEQUENT ENCOUNTER","TRAUMA"
"CRP","S68421S","PARTIAL TRAUMATIC AMPUTATION OF RIGHT HAND AT WRIST LEVEL, SEQUELA","TRAUMA"
"CRP","S68422A","PARTIAL TRAUMATIC AMPUTATION OF LEFT HAND AT WRIST LEVEL, INITIAL ENCOUNTER","TRAUMA"
"CRP","S68422D","PARTIAL TRAUMATIC AMPUTATION OF LEFT HAND AT WRIST LEVEL, SUBSEQUENT ENCOUNTER","TRAUMA"
"CRP","S68422S","PARTIAL TRAUMATIC AMPUTATION OF LEFT HAND AT WRIST LEVEL, SEQUELA","TRAUMA"
"CRP","S68429A","PARTIAL TRAUMATIC AMPUTATION OF UNSPECIFIED HAND AT WRIST LEVEL, INITIAL ENCOUNTER","TRAUMA"
"CRP","S68429D","PARTIAL TRAUMATIC AMPUTATION OF UNSPECIFIED HAND AT WRIST LEVEL, SUBSEQUENT ENCOUNTER","TRAUMA"
"CRP","S68429S","PARTIAL TRAUMATIC AMPUTATION OF UNSPECIFIED HAND AT WRIST LEVEL, SEQUELA","TRAUMA"
"CRP","S68511A","COMPLETE TRAUMATIC TRANSPHALANGEAL AMPUTATION OF RIGHT THUMB, INITIAL ENCOUNTER","TRAUMA"
"CRP","S68511D","COMPLETE TRAUMATIC TRANSPHALANGEAL AMPUTATION OF RIGHT THUMB, SUBSEQUENT ENCOUNTER","TRAUMA"
"CRP","S68511S","COMPLETE TRAUMATIC TRANSPHALANGEAL AMPUTATION OF RIGHT THUMB, SEQUELA","TRAUMA"
"CRP","S68512A","COMPLETE TRAUMATIC TRANSPHALANGEAL AMPUTATION OF LEFT THUMB, INITIAL ENCOUNTER","TRAUMA"
"CRP","S68512D","COMPLETE TRAUMATIC TRANSPHALANGEAL AMPUTATION OF LEFT THUMB, SUBSEQUENT ENCOUNTER","TRAUMA"
"CRP","S68512S","COMPLETE TRAUMATIC TRANSPHALANGEAL AMPUTATION OF LEFT THUMB, SEQUELA","TRAUMA"
"CRP","S68519A","COMPLETE TRAUMATIC TRANSPHALANGEAL AMPUTATION OF UNSPECIFIED THUMB, INITIAL ENCOUNTER","TRAUMA"
"CRP","S68519D","COMPLETE TRAUMATIC TRANSPHALANGEAL AMPUTATION OF UNSPECIFIED THUMB, SUBSEQUENT ENCOUNTER","TRAUMA"
"CRP","S68519S","COMPLETE TRAUMATIC TRANSPHALANGEAL AMPUTATION OF UNSPECIFIED THUMB, SEQUELA","TRAUMA"
"CRP","S68521A","PARTIAL TRAUMATIC TRANSPHALANGEAL AMPUTATION OF RIGHT THUMB, INITIAL ENCOUNTER","TRAUMA"
"CRP","S68521D","PARTIAL TRAUMATIC TRANSPHALANGEAL AMPUTATION OF RIGHT THUMB, SUBSEQUENT ENCOUNTER","TRAUMA"
"CRP","S68521S","PARTIAL TRAUMATIC TRANSPHALANGEAL AMPUTATION OF RIGHT THUMB, SEQUELA","TRAUMA"
"CRP","S68522A","PARTIAL TRAUMATIC TRANSPHALANGEAL AMPUTATION OF LEFT THUMB, INITIAL ENCOUNTER","TRAUMA"
"CRP","S68522D","PARTIAL TRAUMATIC TRANSPHALANGEAL AMPUTATION OF LEFT THUMB, SUBSEQUENT ENCOUNTER","TRAUMA"
"CRP","S68522S","PARTIAL TRAUMATIC TRANSPHALANGEAL AMPUTATION OF LEFT THUMB, SEQUELA","TRAUMA"
"CRP","S68529A","PARTIAL TRAUMATIC TRANSPHALANGEAL AMPUTATION OF UNSPECIFIED THUMB, INITIAL ENCOUNTER","TRAUMA"
"CRP","S68529D","PARTIAL TRAUMATIC TRANSPHALANGEAL AMPUTATION OF UNSPECIFIED THUMB, SUBSEQUENT ENCOUNTER","TRAUMA"
"CRP","S68529S","PARTIAL TRAUMATIC TRANSPHALANGEAL AMPUTATION OF UNSPECIFIED THUMB, SEQUELA","TRAUMA"
"CRP","S68610A","COMPLETE TRAUMATIC TRANSPHALANGEAL AMPUTATION OF RIGHT INDEX FINGER, INITIAL ENCOUNTER","TRAUMA"
"CRP","S68610D","COMPLETE TRAUMATIC TRANSPHALANGEAL AMPUTATION OF RIGHT INDEX FINGER, SUBSEQUENT ENCOUNTER","TRAUMA"
"CRP","S68610S","COMPLETE TRAUMATIC TRANSPHALANGEAL AMPUTATION OF RIGHT INDEX FINGER, SEQUELA","TRAUMA"
"CRP","S68611A","COMPLETE TRAUMATIC TRANSPHALANGEAL AMPUTATION OF LEFT INDEX FINGER, INITIAL ENCOUNTER","TRAUMA"
"CRP","S68611D","COMPLETE TRAUMATIC TRANSPHALANGEAL AMPUTATION OF LEFT INDEX FINGER, SUBSEQUENT ENCOUNTER","TRAUMA"
"CRP","S68611S","COMPLETE TRAUMATIC TRANSPHALANGEAL AMPUTATION OF LEFT INDEX FINGER, SEQUELA","TRAUMA"
"CRP","S68612A","COMPLETE TRAUMATIC TRANSPHALANGEAL AMPUTATION OF RIGHT MIDDLE FINGER, INITIAL ENCOUNTER","TRAUMA"
"CRP","S68612D","COMPLETE TRAUMATIC TRANSPHALANGEAL AMPUTATION OF RIGHT MIDDLE FINGER, SUBSEQUENT ENCOUNTER","TRAUMA"
"CRP","S68612S","COMPLETE TRAUMATIC TRANSPHALANGEAL AMPUTATION OF RIGHT MIDDLE FINGER, SEQUELA","TRAUMA"
"CRP","S68613A","COMPLETE TRAUMATIC TRANSPHALANGEAL AMPUTATION OF LEFT MIDDLE FINGER, INITIAL ENCOUNTER","TRAUMA"
"CRP","S68613D","COMPLETE TRAUMATIC TRANSPHALANGEAL AMPUTATION OF LEFT MIDDLE FINGER, SUBSEQUENT ENCOUNTER","TRAUMA"
"CRP","S68613S","COMPLETE TRAUMATIC TRANSPHALANGEAL AMPUTATION OF LEFT MIDDLE FINGER, SEQUELA","TRAUMA"
"CRP","S68614A","COMPLETE TRAUMATIC TRANSPHALANGEAL AMPUTATION OF RIGHT RING FINGER, INITIAL ENCOUNTER","TRAUMA"
"CRP","S68614D","COMPLETE TRAUMATIC TRANSPHALANGEAL AMPUTATION OF RIGHT RING FINGER, SUBSEQUENT ENCOUNTER","TRAUMA"
"CRP","S68614S","COMPLETE TRAUMATIC TRANSPHALANGEAL AMPUTATION OF RIGHT RING FINGER, SEQUELA","TRAUMA"
"CRP","S68615A","COMPLETE TRAUMATIC TRANSPHALANGEAL AMPUTATION OF LEFT RING FINGER, INITIAL ENCOUNTER","TRAUMA"
"CRP","S68615D","COMPLETE TRAUMATIC TRANSPHALANGEAL AMPUTATION OF LEFT RING FINGER, SUBSEQUENT ENCOUNTER","TRAUMA"
"CRP","S68615S","COMPLETE TRAUMATIC TRANSPHALANGEAL AMPUTATION OF LEFT RING FINGER, SEQUELA","TRAUMA"
"CRP","S68616A","COMPLETE TRAUMATIC TRANSPHALANGEAL AMPUTATION OF RIGHT LITTLE FINGER, INITIAL ENCOUNTER","TRAUMA"
"CRP","S68616D","COMPLETE TRAUMATIC TRANSPHALANGEAL AMPUTATION OF RIGHT LITTLE FINGER, SUBSEQUENT ENCOUNTER","TRAUMA"
"CRP","S68616S","COMPLETE TRAUMATIC TRANSPHALANGEAL AMPUTATION OF RIGHT LITTLE FINGER, SEQUELA","TRAUMA"
"CRP","S68617A","COMPLETE TRAUMATIC TRANSPHALANGEAL AMPUTATION OF LEFT LITTLE FINGER, INITIAL ENCOUNTER","TRAUMA"
"CRP","S68617D","COMPLETE TRAUMATIC TRANSPHALANGEAL AMPUTATION OF LEFT LITTLE FINGER, SUBSEQUENT ENCOUNTER","TRAUMA"
"CRP","S68617S","COMPLETE TRAUMATIC TRANSPHALANGEAL AMPUTATION OF LEFT LITTLE FINGER, SEQUELA","TRAUMA"
"CRP","S68618A","COMPLETE TRAUMATIC TRANSPHALANGEAL AMPUTATION OF OTHER FINGER, INITIAL ENCOUNTER","TRAUMA"
"CRP","S68618D","COMPLETE TRAUMATIC TRANSPHALANGEAL AMPUTATION OF OTHER FINGER, SUBSEQUENT ENCOUNTER","TRAUMA"
"CRP","S68618S","COMPLETE TRAUMATIC TRANSPHALANGEAL AMPUTATION OF OTHER FINGER, SEQUELA","TRAUMA"
"CRP","S68619A","COMPLETE TRAUMATIC TRANSPHALANGEAL AMPUTATION OF UNSPECIFIED FINGER, INITIAL ENCOUNTER","TRAUMA"
"CRP","S68619D","COMPLETE TRAUMATIC TRANSPHALANGEAL AMPUTATION OF UNSPECIFIED FINGER, SUBSEQUENT ENCOUNTER","TRAUMA"
"CRP","S68619S","COMPLETE TRAUMATIC TRANSPHALANGEAL AMPUTATION OF UNSPECIFIED FINGER, SEQUELA","TRAUMA"
"CRP","S68620A","PARTIAL TRAUMATIC TRANSPHALANGEAL AMPUTATION OF RIGHT INDEX FINGER, INITIAL ENCOUNTER","TRAUMA"
"CRP","S68620D","PARTIAL TRAUMATIC TRANSPHALANGEAL AMPUTATION OF RIGHT INDEX FINGER, SUBSEQUENT ENCOUNTER","TRAUMA"
"CRP","S68620S","PARTIAL TRAUMATIC TRANSPHALANGEAL AMPUTATION OF RIGHT INDEX FINGER, SEQUELA","TRAUMA"
"CRP","S68621A","PARTIAL TRAUMATIC TRANSPHALANGEAL AMPUTATION OF LEFT INDEX FINGER, INITIAL ENCOUNTER","TRAUMA"
"CRP","S68621D","PARTIAL TRAUMATIC TRANSPHALANGEAL AMPUTATION OF LEFT INDEX FINGER, SUBSEQUENT ENCOUNTER","TRAUMA"
"CRP","S68621S","PARTIAL TRAUMATIC TRANSPHALANGEAL AMPUTATION OF LEFT INDEX FINGER, SEQUELA","TRAUMA"
"CRP","S68622A","PARTIAL TRAUMATIC TRANSPHALANGEAL AMPUTATION OF RIGHT MIDDLE FINGER, INITIAL ENCOUNTER","TRAUMA"
"CRP","S68622D","PARTIAL TRAUMATIC TRANSPHALANGEAL AMPUTATION OF RIGHT MIDDLE FINGER, SUBSEQUENT ENCOUNTER","TRAUMA"
"CRP","S68622S","PARTIAL TRAUMATIC TRANSPHALANGEAL AMPUTATION OF RIGHT MIDDLE FINGER, SEQUELA","TRAUMA"
"CRP","S68623A","PARTIAL TRAUMATIC TRANSPHALANGEAL AMPUTATION OF LEFT MIDDLE FINGER, INITIAL ENCOUNTER","TRAUMA"
"CRP","S68623D","PARTIAL TRAUMATIC TRANSPHALANGEAL AMPUTATION OF LEFT MIDDLE FINGER, SUBSEQUENT ENCOUNTER","TRAUMA"
"CRP","S68623S","PARTIAL TRAUMATIC TRANSPHALANGEAL AMPUTATION OF LEFT MIDDLE FINGER, SEQUELA","TRAUMA"
"CRP","S68624A","PARTIAL TRAUMATIC TRANSPHALANGEAL AMPUTATION OF RIGHT RING FINGER, INITIAL ENCOUNTER","TRAUMA"
"CRP","S68624D","PARTIAL TRAUMATIC TRANSPHALANGEAL AMPUTATION OF RIGHT RING FINGER, SUBSEQUENT ENCOUNTER","TRAUMA"
"CRP","S68624S","PARTIAL TRAUMATIC TRANSPHALANGEAL AMPUTATION OF RIGHT RING FINGER, SEQUELA","TRAUMA"
"CRP","S68625A","PARTIAL TRAUMATIC TRANSPHALANGEAL AMPUTATION OF LEFT RING FINGER, INITIAL ENCOUNTER","TRAUMA"
"CRP","S68625D","PARTIAL TRAUMATIC TRANSPHALANGEAL AMPUTATION OF LEFT RING FINGER, SUBSEQUENT ENCOUNTER","TRAUMA"
"CRP","S68625S","PARTIAL TRAUMATIC TRANSPHALANGEAL AMPUTATION OF LEFT RING FINGER, SEQUELA","TRAUMA"
"CRP","S68626A","PARTIAL TRAUMATIC TRANSPHALANGEAL AMPUTATION OF RIGHT LITTLE FINGER, INITIAL ENCOUNTER","TRAUMA"
"CRP","S68626D","PARTIAL TRAUMATIC TRANSPHALANGEAL AMPUTATION OF RIGHT LITTLE FINGER, SUBSEQUENT ENCOUNTER","TRAUMA"
"CRP","S68626S","PARTIAL TRAUMATIC TRANSPHALANGEAL AMPUTATION OF RIGHT LITTLE FINGER, SEQUELA","TRAUMA"
"CRP","S68627A","PARTIAL TRAUMATIC TRANSPHALANGEAL AMPUTATION OF LEFT LITTLE FINGER, INITIAL ENCOUNTER","TRAUMA"
"CRP","S68627D","PARTIAL TRAUMATIC TRANSPHALANGEAL AMPUTATION OF LEFT LITTLE FINGER, SUBSEQUENT ENCOUNTER","TRAUMA"
"CRP","S68627S","PARTIAL TRAUMATIC TRANSPHALANGEAL AMPUTATION OF LEFT LITTLE FINGER, SEQUELA","TRAUMA"
"CRP","S68628A","PARTIAL TRAUMATIC TRANSPHALANGEAL AMPUTATION OF OTHER FINGER, INITIAL ENCOUNTER","TRAUMA"
"CRP","S68628D","PARTIAL TRAUMATIC TRANSPHALANGEAL AMPUTATION OF OTHER FINGER, SUBSEQUENT ENCOUNTER","TRAUMA"
"CRP","S68628S","PARTIAL TRAUMATIC TRANSPHALANGEAL AMPUTATION OF OTHER FINGER, SEQUELA","TRAUMA"
"CRP","S68629A","PARTIAL TRAUMATIC TRANSPHALANGEAL AMPUTATION OF UNSPECIFIED FINGER, INITIAL ENCOUNTER","TRAUMA"
"CRP","S68629D","PARTIAL TRAUMATIC TRANSPHALANGEAL AMPUTATION OF UNSPECIFIED FINGER, SUBSEQUENT ENCOUNTER","TRAUMA"
"CRP","S68629S","PARTIAL TRAUMATIC TRANSPHALANGEAL AMPUTATION OF UNSPECIFIED FINGER, SEQUELA","TRAUMA"
"CRP","S68711A","COMPLETE TRAUMATIC TRANSMETACARPAL AMPUTATION OF RIGHT HAND, INITIAL ENCOUNTER","TRAUMA"
"CRP","S68711D","COMPLETE TRAUMATIC TRANSMETACARPAL AMPUTATION OF RIGHT HAND, SUBSEQUENT ENCOUNTER","TRAUMA"
"CRP","S68711S","COMPLETE TRAUMATIC TRANSMETACARPAL AMPUTATION OF RIGHT HAND, SEQUELA","TRAUMA"
"CRP","S68712A","COMPLETE TRAUMATIC TRANSMETACARPAL AMPUTATION OF LEFT HAND, INITIAL ENCOUNTER","TRAUMA"
"CRP","S68712D","COMPLETE TRAUMATIC TRANSMETACARPAL AMPUTATION OF LEFT HAND, SUBSEQUENT ENCOUNTER","TRAUMA"
"CRP","S68712S","COMPLETE TRAUMATIC TRANSMETACARPAL AMPUTATION OF LEFT HAND, SEQUELA","TRAUMA"
"CRP","S68719A","COMPLETE TRAUMATIC TRANSMETACARPAL AMPUTATION OF UNSPECIFIED HAND, INITIAL ENCOUNTER","TRAUMA"
"CRP","S68719D","COMPLETE TRAUMATIC TRANSMETACARPAL AMPUTATION OF UNSPECIFIED HAND, SUBSEQUENT ENCOUNTER","TRAUMA"
"CRP","S68719S","COMPLETE TRAUMATIC TRANSMETACARPAL AMPUTATION OF UNSPECIFIED HAND, SEQUELA","TRAUMA"
"CRP","S68721A","PARTIAL TRAUMATIC TRANSMETACARPAL AMPUTATION OF RIGHT HAND, INITIAL ENCOUNTER","TRAUMA"
"CRP","S68721D","PARTIAL TRAUMATIC TRANSMETACARPAL AMPUTATION OF RIGHT HAND, SUBSEQUENT ENCOUNTER","TRAUMA"
"CRP","S68721S","PARTIAL TRAUMATIC TRANSMETACARPAL AMPUTATION OF RIGHT HAND, SEQUELA","TRAUMA"
"CRP","S68722A","PARTIAL TRAUMATIC TRANSMETACARPAL AMPUTATION OF LEFT HAND, INITIAL ENCOUNTER","TRAUMA"
"CRP","S68722D","PARTIAL TRAUMATIC TRANSMETACARPAL AMPUTATION OF LEFT HAND, SUBSEQUENT ENCOUNTER","TRAUMA"
"CRP","S68722S","PARTIAL TRAUMATIC TRANSMETACARPAL AMPUTATION OF LEFT HAND, SEQUELA","TRAUMA"
"CRP","S68729A","PARTIAL TRAUMATIC TRANSMETACARPAL AMPUTATION OF UNSPECIFIED HAND, INITIAL ENCOUNTER","TRAUMA"
"CRP","S68729D","PARTIAL TRAUMATIC TRANSMETACARPAL AMPUTATION OF UNSPECIFIED HAND, SUBSEQUENT ENCOUNTER","TRAUMA"
"CRP","S68729S","PARTIAL TRAUMATIC TRANSMETACARPAL AMPUTATION OF UNSPECIFIED HAND, SEQUELA","TRAUMA"
"CRP","S78011A","COMPLETE TRAUMATIC AMPUTATION AT RIGHT HIP JOINT, INITIAL ENCOUNTER","TRAUMA"
"CRP","S78011D","COMPLETE TRAUMATIC AMPUTATION AT RIGHT HIP JOINT, SUBSEQUENT ENCOUNTER","TRAUMA"
"CRP","S78011S","COMPLETE TRAUMATIC AMPUTATION AT RIGHT HIP JOINT, SEQUELA","TRAUMA"
"CRP","S78012A","COMPLETE TRAUMATIC AMPUTATION AT LEFT HIP JOINT, INITIAL ENCOUNTER","TRAUMA"
"CRP","S78012D","COMPLETE TRAUMATIC AMPUTATION AT LEFT HIP JOINT, SUBSEQUENT ENCOUNTER","TRAUMA"
"CRP","S78012S","COMPLETE TRAUMATIC AMPUTATION AT LEFT HIP JOINT, SEQUELA","TRAUMA"
"CRP","S78019A","COMPLETE TRAUMATIC AMPUTATION AT UNSPECIFIED HIP JOINT, INITIAL ENCOUNTER","TRAUMA"
"CRP","S78019D","COMPLETE TRAUMATIC AMPUTATION AT UNSPECIFIED HIP JOINT, SUBSEQUENT ENCOUNTER","TRAUMA"
"CRP","S78019S","COMPLETE TRAUMATIC AMPUTATION AT UNSPECIFIED HIP JOINT, SEQUELA","TRAUMA"
"CRP","S78021A","PARTIAL TRAUMATIC AMPUTATION AT RIGHT HIP JOINT, INITIAL ENCOUNTER","TRAUMA"
"CRP","S78021D","PARTIAL TRAUMATIC AMPUTATION AT RIGHT HIP JOINT, SUBSEQUENT ENCOUNTER","TRAUMA"
"CRP","S78021S","PARTIAL TRAUMATIC AMPUTATION AT RIGHT HIP JOINT, SEQUELA","TRAUMA"
"CRP","S78022A","PARTIAL TRAUMATIC AMPUTATION AT LEFT HIP JOINT, INITIAL ENCOUNTER","TRAUMA"
"CRP","S78022D","PARTIAL TRAUMATIC AMPUTATION AT LEFT HIP JOINT, SUBSEQUENT ENCOUNTER","TRAUMA"
"CRP","S78022S","PARTIAL TRAUMATIC AMPUTATION AT LEFT HIP JOINT, SEQUELA","TRAUMA"
"CRP","S78029A","PARTIAL TRAUMATIC AMPUTATION AT UNSPECIFIED HIP JOINT, INITIAL ENCOUNTER","TRAUMA"
"CRP","S78029D","PARTIAL TRAUMATIC AMPUTATION AT UNSPECIFIED HIP JOINT, SUBSEQUENT ENCOUNTER","TRAUMA"
"CRP","S78029S","PARTIAL TRAUMATIC AMPUTATION AT UNSPECIFIED HIP JOINT, SEQUELA","TRAUMA"
"CRP","S78111A","COMPLETE TRAUMATIC AMPUTATION AT LEVEL BETWEEN RIGHT HIP AND KNEE, INITIAL ENCOUNTER","TRAUMA"
"CRP","S78111D","COMPLETE TRAUMATIC AMPUTATION AT LEVEL BETWEEN RIGHT HIP AND KNEE, SUBSEQUENT ENCOUNTER","TRAUMA"
"CRP","S78111S","COMPLETE TRAUMATIC AMPUTATION AT LEVEL BETWEEN RIGHT HIP AND KNEE, SEQUELA","TRAUMA"
"CRP","S78112A","COMPLETE TRAUMATIC AMPUTATION AT LEVEL BETWEEN LEFT HIP AND KNEE, INITIAL ENCOUNTER","TRAUMA"
"CRP","S78112D","COMPLETE TRAUMATIC AMPUTATION AT LEVEL BETWEEN LEFT HIP AND KNEE, SUBSEQUENT ENCOUNTER","TRAUMA"
"CRP","S78112S","COMPLETE TRAUMATIC AMPUTATION AT LEVEL BETWEEN LEFT HIP AND KNEE, SEQUELA","TRAUMA"
"CRP","S78119A","COMPLETE TRAUMATIC AMPUTATION AT LEVEL BETWEEN UNSPECIFIED HIP AND KNEE, INITIAL ENCOUNTER","TRAUMA"
"CRP","S78119D","COMPLETE TRAUMATIC AMPUTATION AT LEVEL BETWEEN UNSPECIFIED HIP AND KNEE, SUBSEQUENT ENCOUNTER","TRAUMA"
"CRP","S78119S","COMPLETE TRAUMATIC AMPUTATION AT LEVEL BETWEEN UNSPECIFIED HIP AND KNEE, SEQUELA","TRAUMA"
"CRP","S78121A","PARTIAL TRAUMATIC AMPUTATION AT LEVEL BETWEEN RIGHT HIP AND KNEE, INITIAL ENCOUNTER","TRAUMA"
"CRP","S78121D","PARTIAL TRAUMATIC AMPUTATION AT LEVEL BETWEEN RIGHT HIP AND KNEE, SUBSEQUENT ENCOUNTER","TRAUMA"
"CRP","S78121S","PARTIAL TRAUMATIC AMPUTATION AT LEVEL BETWEEN RIGHT HIP AND KNEE, SEQUELA","TRAUMA"
"CRP","S78122A","PARTIAL TRAUMATIC AMPUTATION AT LEVEL BETWEEN LEFT HIP AND KNEE, INITIAL ENCOUNTER","TRAUMA"
"CRP","S78122D","PARTIAL TRAUMATIC AMPUTATION AT LEVEL BETWEEN LEFT HIP AND KNEE, SUBSEQUENT ENCOUNTER","TRAUMA"
"CRP","S78122S","PARTIAL TRAUMATIC AMPUTATION AT LEVEL BETWEEN LEFT HIP AND KNEE, SEQUELA","TRAUMA"
"CRP","S78129A","PARTIAL TRAUMATIC AMPUTATION AT LEVEL BETWEEN UNSPECIFIED HIP AND KNEE, INITIAL ENCOUNTER","TRAUMA"
"CRP","S78129D","PARTIAL TRAUMATIC AMPUTATION AT LEVEL BETWEEN UNSPECIFIED HIP AND KNEE, SUBSEQUENT ENCOUNTER","TRAUMA"
"CRP","S78129S","PARTIAL TRAUMATIC AMPUTATION AT LEVEL BETWEEN UNSPECIFIED HIP AND KNEE, SEQUELA","TRAUMA"
"CRP","S78911A","COMPLETE TRAUMATIC AMPUTATION OF RIGHT HIP AND THIGH, LEVEL UNSPECIFIED, INITIAL ENCOUNTER","TRAUMA"
"CRP","S78911D","COMPLETE TRAUMATIC AMPUTATION OF RIGHT HIP AND THIGH, LEVEL UNSPECIFIED, SUBSEQUENT ENCOUNTER","TRAUMA"
"CRP","S78911S","COMPLETE TRAUMATIC AMPUTATION OF RIGHT HIP AND THIGH, LEVEL UNSPECIFIED, SEQUELA","TRAUMA"
"CRP","S78912A","COMPLETE TRAUMATIC AMPUTATION OF LEFT HIP AND THIGH, LEVEL UNSPECIFIED, INITIAL ENCOUNTER","TRAUMA"
"CRP","S78912D","COMPLETE TRAUMATIC AMPUTATION OF LEFT HIP AND THIGH, LEVEL UNSPECIFIED, SUBSEQUENT ENCOUNTER","TRAUMA"
"CRP","S78912S","COMPLETE TRAUMATIC AMPUTATION OF LEFT HIP AND THIGH, LEVEL UNSPECIFIED, SEQUELA","TRAUMA"
"CRP","S78919A","COMPLETE TRAUMATIC AMPUTATION OF UNSPECIFIED HIP AND THIGH, LEVEL UNSPECIFIED, INITIAL ENCOUNTER","TRAUMA"
"CRP","S78919D","COMPLETE TRAUMATIC AMPUTATION OF UNSPECIFIED HIP AND THIGH, LEVEL UNSPECIFIED, SUBSEQUENT ENCOUNTER","TRAUMA"
"CRP","S78919S","COMPLETE TRAUMATIC AMPUTATION OF UNSPECIFIED HIP AND THIGH, LEVEL UNSPECIFIED, SEQUELA","TRAUMA"
"CRP","S78921A","PARTIAL TRAUMATIC AMPUTATION OF RIGHT HIP AND THIGH, LEVEL UNSPECIFIED, INITIAL ENCOUNTER","TRAUMA"
"CRP","S78921D","PARTIAL TRAUMATIC AMPUTATION OF RIGHT HIP AND THIGH, LEVEL UNSPECIFIED, SUBSEQUENT ENCOUNTER","TRAUMA"
"CRP","S78921S","PARTIAL TRAUMATIC AMPUTATION OF RIGHT HIP AND THIGH, LEVEL UNSPECIFIED, SEQUELA","TRAUMA"
"CRP","S78922A","PARTIAL TRAUMATIC AMPUTATION OF LEFT HIP AND THIGH, LEVEL UNSPECIFIED, INITIAL ENCOUNTER","TRAUMA"
"CRP","S78922D","PARTIAL TRAUMATIC AMPUTATION OF LEFT HIP AND THIGH, LEVEL UNSPECIFIED, SUBSEQUENT ENCOUNTER","TRAUMA"
"CRP","S78922S","PARTIAL TRAUMATIC AMPUTATION OF LEFT HIP AND THIGH, LEVEL UNSPECIFIED, SEQUELA","TRAUMA"
"CRP","S78929A","PARTIAL TRAUMATIC AMPUTATION OF UNSPECIFIED HIP AND THIGH, LEVEL UNSPECIFIED, INITIAL ENCOUNTER","TRAUMA"
"CRP","S78929D","PARTIAL TRAUMATIC AMPUTATION OF UNSPECIFIED HIP AND THIGH, LEVEL UNSPECIFIED, SUBSEQUENT ENCOUNTER","TRAUMA"
"CRP","S78929S","PARTIAL TRAUMATIC AMPUTATION OF UNSPECIFIED HIP AND THIGH, LEVEL UNSPECIFIED, SEQUELA","TRAUMA"
"CRP","S88011A","COMPLETE TRAUMATIC AMPUTATION AT KNEE LEVEL, RIGHT LOWER LEG, INITIAL ENCOUNTER","TRAUMA"
"CRP","S88011D","COMPLETE TRAUMATIC AMPUTATION AT KNEE LEVEL, RIGHT LOWER LEG, SUBSEQUENT ENCOUNTER","TRAUMA"
"CRP","S88011S","COMPLETE TRAUMATIC AMPUTATION AT KNEE LEVEL, RIGHT LOWER LEG, SEQUELA","TRAUMA"
"CRP","S88012A","COMPLETE TRAUMATIC AMPUTATION AT KNEE LEVEL, LEFT LOWER LEG, INITIAL ENCOUNTER","TRAUMA"
"CRP","S88012D","COMPLETE TRAUMATIC AMPUTATION AT KNEE LEVEL, LEFT LOWER LEG, SUBSEQUENT ENCOUNTER","TRAUMA"
"CRP","S88012S","COMPLETE TRAUMATIC AMPUTATION AT KNEE LEVEL, LEFT LOWER LEG, SEQUELA","TRAUMA"
"CRP","S88019A","COMPLETE TRAUMATIC AMPUTATION AT KNEE LEVEL, UNSPECIFIED LOWER LEG, INITIAL ENCOUNTER","TRAUMA"
"CRP","S88019D","COMPLETE TRAUMATIC AMPUTATION AT KNEE LEVEL, UNSPECIFIED LOWER LEG, SUBSEQUENT ENCOUNTER","TRAUMA"
"CRP","S88019S","COMPLETE TRAUMATIC AMPUTATION AT KNEE LEVEL, UNSPECIFIED LOWER LEG, SEQUELA","TRAUMA"
"CRP","S88021A","PARTIAL TRAUMATIC AMPUTATION AT KNEE LEVEL, RIGHT LOWER LEG, INITIAL ENCOUNTER","TRAUMA"
"CRP","S88021D","PARTIAL TRAUMATIC AMPUTATION AT KNEE LEVEL, RIGHT LOWER LEG, SUBSEQUENT ENCOUNTER","TRAUMA"
"CRP","S88021S","PARTIAL TRAUMATIC AMPUTATION AT KNEE LEVEL, RIGHT LOWER LEG, SEQUELA","TRAUMA"
"CRP","S88022A","PARTIAL TRAUMATIC AMPUTATION AT KNEE LEVEL, LEFT LOWER LEG, INITIAL ENCOUNTER","TRAUMA"
"CRP","S88022D","PARTIAL TRAUMATIC AMPUTATION AT KNEE LEVEL, LEFT LOWER LEG, SUBSEQUENT ENCOUNTER","TRAUMA"
"CRP","S88022S","PARTIAL TRAUMATIC AMPUTATION AT KNEE LEVEL, LEFT LOWER LEG, SEQUELA","TRAUMA"
"CRP","S88029A","PARTIAL TRAUMATIC AMPUTATION AT KNEE LEVEL, UNSPECIFIED LOWER LEG, INITIAL ENCOUNTER","TRAUMA"
"CRP","S88029D","PARTIAL TRAUMATIC AMPUTATION AT KNEE LEVEL, UNSPECIFIED LOWER LEG, SUBSEQUENT ENCOUNTER","TRAUMA"
"CRP","S88029S","PARTIAL TRAUMATIC AMPUTATION AT KNEE LEVEL, UNSPECIFIED LOWER LEG, SEQUELA","TRAUMA"
"CRP","S88111A","COMPLETE TRAUMATIC AMPUTATION AT LEVEL BETWEEN KNEE AND ANKLE, RIGHT LOWER LEG, INITIAL ENCOUNTER","TRAUMA"
"CRP","S88111D","COMPLETE TRAUMATIC AMPUTATION AT LEVEL BETWEEN KNEE AND ANKLE, RIGHT LOWER LEG, SUBSEQUENT ENCOUNTER","TRAUMA"
"CRP","S88111S","COMPLETE TRAUMATIC AMPUTATION AT LEVEL BETWEEN KNEE AND ANKLE, RIGHT LOWER LEG, SEQUELA","TRAUMA"
"CRP","S88112A","COMPLETE TRAUMATIC AMPUTATION AT LEVEL BETWEEN KNEE AND ANKLE, LEFT LOWER LEG, INITIAL ENCOUNTER","TRAUMA"
"CRP","S88112D","COMPLETE TRAUMATIC AMPUTATION AT LEVEL BETWEEN KNEE AND ANKLE, LEFT LOWER LEG, SUBSEQUENT ENCOUNTER","TRAUMA"
"CRP","S88112S","COMPLETE TRAUMATIC AMPUTATION AT LEVEL BETWEEN KNEE AND ANKLE, LEFT LOWER LEG, SEQUELA","TRAUMA"
"CRP","S88119A","COMPLETE TRAUMATIC AMPUTATION AT LEVEL BETWEEN KNEE AND ANKLE, UNSPECIFIED LOWER LEG, INITIAL ENCOUNTER","TRAUMA"
"CRP","S88119D","COMPLETE TRAUMATIC AMPUTATION AT LEVEL BETWEEN KNEE AND ANKLE, UNSPECIFIED LOWER LEG, SUBSEQUENT ENCOUNTER","TRAUMA"
"CRP","S88119S","COMPLETE TRAUMATIC AMPUTATION AT LEVEL BETWEEN KNEE AND ANKLE, UNSPECIFIED LOWER LEG, SEQUELA","TRAUMA"
"CRP","S88121A","PARTIAL TRAUMATIC AMPUTATION AT LEVEL BETWEEN KNEE AND ANKLE, RIGHT LOWER LEG, INITIAL ENCOUNTER","TRAUMA"
"CRP","S88121D","PARTIAL TRAUMATIC AMPUTATION AT LEVEL BETWEEN KNEE AND ANKLE, RIGHT LOWER LEG, SUBSEQUENT ENCOUNTER","TRAUMA"
"CRP","S88121S","PARTIAL TRAUMATIC AMPUTATION AT LEVEL BETWEEN KNEE AND ANKLE, RIGHT LOWER LEG, SEQUELA","TRAUMA"
"CRP","S88122A","PARTIAL TRAUMATIC AMPUTATION AT LEVEL BETWEEN KNEE AND ANKLE, LEFT LOWER LEG, INITIAL ENCOUNTER","TRAUMA"
"CRP","S88122D","PARTIAL TRAUMATIC AMPUTATION AT LEVEL BETWEEN KNEE AND ANKLE, LEFT LOWER LEG, SUBSEQUENT ENCOUNTER","TRAUMA"
"CRP","S88122S","PARTIAL TRAUMATIC AMPUTATION AT LEVEL BETWEEN KNEE AND ANKLE, LEFT LOWER LEG, SEQUELA","TRAUMA"
"CRP","S88129A","PARTIAL TRAUMATIC AMPUTATION AT LEVEL BETWEEN KNEE AND ANKLE, UNSPECIFIED LOWER LEG, INITIAL ENCOUNTER","TRAUMA"
"CRP","S88129D","PARTIAL TRAUMATIC AMPUTATION AT LEVEL BETWEEN KNEE AND ANKLE, UNSPECIFIED LOWER LEG, SUBSEQUENT ENCOUNTER","TRAUMA"
"CRP","S88129S","PARTIAL TRAUMATIC AMPUTATION AT LEVEL BETWEEN KNEE AND ANKLE, UNSPECIFIED LOWER LEG, SEQUELA","TRAUMA"
"CRP","S88911A","COMPLETE TRAUMATIC AMPUTATION OF RIGHT LOWER LEG, LEVEL UNSPECIFIED, INITIAL ENCOUNTER","TRAUMA"
"CRP","S88911D","COMPLETE TRAUMATIC AMPUTATION OF RIGHT LOWER LEG, LEVEL UNSPECIFIED, SUBSEQUENT ENCOUNTER","TRAUMA"
"CRP","S88911S","COMPLETE TRAUMATIC AMPUTATION OF RIGHT LOWER LEG, LEVEL UNSPECIFIED, SEQUELA","TRAUMA"
"CRP","S88912A","COMPLETE TRAUMATIC AMPUTATION OF LEFT LOWER LEG, LEVEL UNSPECIFIED, INITIAL ENCOUNTER","TRAUMA"
"CRP","S88912D","COMPLETE TRAUMATIC AMPUTATION OF LEFT LOWER LEG, LEVEL UNSPECIFIED, SUBSEQUENT ENCOUNTER","TRAUMA"
"CRP","S88912S","COMPLETE TRAUMATIC AMPUTATION OF LEFT LOWER LEG, LEVEL UNSPECIFIED, SEQUELA","TRAUMA"
"CRP","S88919A","COMPLETE TRAUMATIC AMPUTATION OF UNSPECIFIED LOWER LEG, LEVEL UNSPECIFIED, INITIAL ENCOUNTER","TRAUMA"
"CRP","S88919D","COMPLETE TRAUMATIC AMPUTATION OF UNSPECIFIED LOWER LEG, LEVEL UNSPECIFIED, SUBSEQUENT ENCOUNTER","TRAUMA"
"CRP","S88919S","COMPLETE TRAUMATIC AMPUTATION OF UNSPECIFIED LOWER LEG, LEVEL UNSPECIFIED, SEQUELA","TRAUMA"
"CRP","S88921A","PARTIAL TRAUMATIC AMPUTATION OF RIGHT LOWER LEG, LEVEL UNSPECIFIED, INITIAL ENCOUNTER","TRAUMA"
"CRP","S88921D","PARTIAL TRAUMATIC AMPUTATION OF RIGHT LOWER LEG, LEVEL UNSPECIFIED, SUBSEQUENT ENCOUNTER","TRAUMA"
"CRP","S88921S","PARTIAL TRAUMATIC AMPUTATION OF RIGHT LOWER LEG, LEVEL UNSPECIFIED, SEQUELA","TRAUMA"
"CRP","S88922A","PARTIAL TRAUMATIC AMPUTATION OF LEFT LOWER LEG, LEVEL UNSPECIFIED, INITIAL ENCOUNTER","TRAUMA"
"CRP","S88922D","PARTIAL TRAUMATIC AMPUTATION OF LEFT LOWER LEG, LEVEL UNSPECIFIED, SUBSEQUENT ENCOUNTER","TRAUMA"
"CRP","S88922S","PARTIAL TRAUMATIC AMPUTATION OF LEFT LOWER LEG, LEVEL UNSPECIFIED, SEQUELA","TRAUMA"
"CRP","S88929A","PARTIAL TRAUMATIC AMPUTATION OF UNSPECIFIED LOWER LEG, LEVEL UNSPECIFIED, INITIAL ENCOUNTER","TRAUMA"
"CRP","S88929D","PARTIAL TRAUMATIC AMPUTATION OF UNSPECIFIED LOWER LEG, LEVEL UNSPECIFIED, SUBSEQUENT ENCOUNTER","TRAUMA"
"CRP","S88929S","PARTIAL TRAUMATIC AMPUTATION OF UNSPECIFIED LOWER LEG, LEVEL UNSPECIFIED, SEQUELA","TRAUMA"
"CRP","S98011A","COMPLETE TRAUMATIC AMPUTATION OF RIGHT FOOT AT ANKLE LEVEL, INITIAL ENCOUNTER","TRAUMA"
"CRP","S98011D","COMPLETE TRAUMATIC AMPUTATION OF RIGHT FOOT AT ANKLE LEVEL, SUBSEQUENT ENCOUNTER","TRAUMA"
"CRP","S98011S","COMPLETE TRAUMATIC AMPUTATION OF RIGHT FOOT AT ANKLE LEVEL, SEQUELA","TRAUMA"
"CRP","S98012A","COMPLETE TRAUMATIC AMPUTATION OF LEFT FOOT AT ANKLE LEVEL, INITIAL ENCOUNTER","TRAUMA"
"CRP","S98012D","COMPLETE TRAUMATIC AMPUTATION OF LEFT FOOT AT ANKLE LEVEL, SUBSEQUENT ENCOUNTER","TRAUMA"
"CRP","S98012S","COMPLETE TRAUMATIC AMPUTATION OF LEFT FOOT AT ANKLE LEVEL, SEQUELA","TRAUMA"
"CRP","S98019A","COMPLETE TRAUMATIC AMPUTATION OF UNSPECIFIED FOOT AT ANKLE LEVEL, INITIAL ENCOUNTER","TRAUMA"
"CRP","S98019D","COMPLETE TRAUMATIC AMPUTATION OF UNSPECIFIED FOOT AT ANKLE LEVEL, SUBSEQUENT ENCOUNTER","TRAUMA"
"CRP","S98019S","COMPLETE TRAUMATIC AMPUTATION OF UNSPECIFIED FOOT AT ANKLE LEVEL, SEQUELA","TRAUMA"
"CRP","S98021A","PARTIAL TRAUMATIC AMPUTATION OF RIGHT FOOT AT ANKLE LEVEL, INITIAL ENCOUNTER","TRAUMA"
"CRP","S98021D","PARTIAL TRAUMATIC AMPUTATION OF RIGHT FOOT AT ANKLE LEVEL, SUBSEQUENT ENCOUNTER","TRAUMA"
"CRP","S98021S","PARTIAL TRAUMATIC AMPUTATION OF RIGHT FOOT AT ANKLE LEVEL, SEQUELA","TRAUMA"
"CRP","S98022A","PARTIAL TRAUMATIC AMPUTATION OF LEFT FOOT AT ANKLE LEVEL, INITIAL ENCOUNTER","TRAUMA"
"CRP","S98022D","PARTIAL TRAUMATIC AMPUTATION OF LEFT FOOT AT ANKLE LEVEL, SUBSEQUENT ENCOUNTER","TRAUMA"
"CRP","S98022S","PARTIAL TRAUMATIC AMPUTATION OF LEFT FOOT AT ANKLE LEVEL, SEQUELA","TRAUMA"
"CRP","S98029A","PARTIAL TRAUMATIC AMPUTATION OF UNSPECIFIED FOOT AT ANKLE LEVEL, INITIAL ENCOUNTER","TRAUMA"
"CRP","S98029D","PARTIAL TRAUMATIC AMPUTATION OF UNSPECIFIED FOOT AT ANKLE LEVEL, SUBSEQUENT ENCOUNTER","TRAUMA"
"CRP","S98029S","PARTIAL TRAUMATIC AMPUTATION OF UNSPECIFIED FOOT AT ANKLE LEVEL, SEQUELA","TRAUMA"
"CRP","S98111A","COMPLETE TRAUMATIC AMPUTATION OF RIGHT GREAT TOE, INITIAL ENCOUNTER","TRAUMA"
"CRP","S98111D","COMPLETE TRAUMATIC AMPUTATION OF RIGHT GREAT TOE, SUBSEQUENT ENCOUNTER","TRAUMA"
"CRP","S98111S","COMPLETE TRAUMATIC AMPUTATION OF RIGHT GREAT TOE, SEQUELA","TRAUMA"
"CRP","S98112A","COMPLETE TRAUMATIC AMPUTATION OF LEFT GREAT TOE, INITIAL ENCOUNTER","TRAUMA"
"CRP","S98112D","COMPLETE TRAUMATIC AMPUTATION OF LEFT GREAT TOE, SUBSEQUENT ENCOUNTER","TRAUMA"
"CRP","S98112S","COMPLETE TRAUMATIC AMPUTATION OF LEFT GREAT TOE, SEQUELA","TRAUMA"
"CRP","S98119A","COMPLETE TRAUMATIC AMPUTATION OF UNSPECIFIED GREAT TOE, INITIAL ENCOUNTER","TRAUMA"
"CRP","S98119D","COMPLETE TRAUMATIC AMPUTATION OF UNSPECIFIED GREAT TOE, SUBSEQUENT ENCOUNTER","TRAUMA"
"CRP","S98119S","COMPLETE TRAUMATIC AMPUTATION OF UNSPECIFIED GREAT TOE, SEQUELA","TRAUMA"
"CRP","S98121A","PARTIAL TRAUMATIC AMPUTATION OF RIGHT GREAT TOE, INITIAL ENCOUNTER","TRAUMA"
"CRP","S98121D","PARTIAL TRAUMATIC AMPUTATION OF RIGHT GREAT TOE, SUBSEQUENT ENCOUNTER","TRAUMA"
"CRP","S98121S","PARTIAL TRAUMATIC AMPUTATION OF RIGHT GREAT TOE, SEQUELA","TRAUMA"
"CRP","S98122A","PARTIAL TRAUMATIC AMPUTATION OF LEFT GREAT TOE, INITIAL ENCOUNTER","TRAUMA"
"CRP","S98122D","PARTIAL TRAUMATIC AMPUTATION OF LEFT GREAT TOE, SUBSEQUENT ENCOUNTER","TRAUMA"
"CRP","S98122S","PARTIAL TRAUMATIC AMPUTATION OF LEFT GREAT TOE, SEQUELA","TRAUMA"
"CRP","S98129A","PARTIAL TRAUMATIC AMPUTATION OF UNSPECIFIED GREAT TOE, INITIAL ENCOUNTER","TRAUMA"
"CRP","S98129D","PARTIAL TRAUMATIC AMPUTATION OF UNSPECIFIED GREAT TOE, SUBSEQUENT ENCOUNTER","TRAUMA"
"CRP","S98129S","PARTIAL TRAUMATIC AMPUTATION OF UNSPECIFIED GREAT TOE, SEQUELA","TRAUMA"
"CRP","S98131A","COMPLETE TRAUMATIC AMPUTATION OF ONE RIGHT LESSER TOE, INITIAL ENCOUNTER","TRAUMA"
"CRP","S98131D","COMPLETE TRAUMATIC AMPUTATION OF ONE RIGHT LESSER TOE, SUBSEQUENT ENCOUNTER","TRAUMA"
"CRP","S98131S","COMPLETE TRAUMATIC AMPUTATION OF ONE RIGHT LESSER TOE, SEQUELA","TRAUMA"
"CRP","S98132A","COMPLETE TRAUMATIC AMPUTATION OF ONE LEFT LESSER TOE, INITIAL ENCOUNTER","TRAUMA"
"CRP","S98132D","COMPLETE TRAUMATIC AMPUTATION OF ONE LEFT LESSER TOE, SUBSEQUENT ENCOUNTER","TRAUMA"
"CRP","S98132S","COMPLETE TRAUMATIC AMPUTATION OF ONE LEFT LESSER TOE, SEQUELA","TRAUMA"
"CRP","S98139A","COMPLETE TRAUMATIC AMPUTATION OF ONE UNSPECIFIED LESSER TOE, INITIAL ENCOUNTER","TRAUMA"
"CRP","S98139D","COMPLETE TRAUMATIC AMPUTATION OF ONE UNSPECIFIED LESSER TOE, SUBSEQUENT ENCOUNTER","TRAUMA"
"CRP","S98139S","COMPLETE TRAUMATIC AMPUTATION OF ONE UNSPECIFIED LESSER TOE, SEQUELA","TRAUMA"
"CRP","S98141A","PARTIAL TRAUMATIC AMPUTATION OF ONE RIGHT LESSER TOE, INITIAL ENCOUNTER","TRAUMA"
"CRP","S98141D","PARTIAL TRAUMATIC AMPUTATION OF ONE RIGHT LESSER TOE, SUBSEQUENT ENCOUNTER","TRAUMA"
"CRP","S98141S","PARTIAL TRAUMATIC AMPUTATION OF ONE RIGHT LESSER TOE, SEQUELA","TRAUMA"
"CRP","S98142A","PARTIAL TRAUMATIC AMPUTATION OF ONE LEFT LESSER TOE, INITIAL ENCOUNTER","TRAUMA"
"CRP","S98142D","PARTIAL TRAUMATIC AMPUTATION OF ONE LEFT LESSER TOE, SUBSEQUENT ENCOUNTER","TRAUMA"
"CRP","S98142S","PARTIAL TRAUMATIC AMPUTATION OF ONE LEFT LESSER TOE, SEQUELA","TRAUMA"
"CRP","S98149A","PARTIAL TRAUMATIC AMPUTATION OF ONE UNSPECIFIED LESSER TOE, INITIAL ENCOUNTER","TRAUMA"
"CRP","S98149D","PARTIAL TRAUMATIC AMPUTATION OF ONE UNSPECIFIED LESSER TOE, SUBSEQUENT ENCOUNTER","TRAUMA"
"CRP","S98149S","PARTIAL TRAUMATIC AMPUTATION OF ONE UNSPECIFIED LESSER TOE, SEQUELA","TRAUMA"
"CRP","S98211A","COMPLETE TRAUMATIC AMPUTATION OF TWO OR MORE RIGHT LESSER TOES, INITIAL ENCOUNTER","TRAUMA"
"CRP","S98211D","COMPLETE TRAUMATIC AMPUTATION OF TWO OR MORE RIGHT LESSER TOES, SUBSEQUENT ENCOUNTER","TRAUMA"
"CRP","S98211S","COMPLETE TRAUMATIC AMPUTATION OF TWO OR MORE RIGHT LESSER TOES, SEQUELA","TRAUMA"
"CRP","S98212A","COMPLETE TRAUMATIC AMPUTATION OF TWO OR MORE LEFT LESSER TOES, INITIAL ENCOUNTER","TRAUMA"
"CRP","S98212D","COMPLETE TRAUMATIC AMPUTATION OF TWO OR MORE LEFT LESSER TOES, SUBSEQUENT ENCOUNTER","TRAUMA"
"CRP","S98212S","COMPLETE TRAUMATIC AMPUTATION OF TWO OR MORE LEFT LESSER TOES, SEQUELA","TRAUMA"
"CRP","S98219A","COMPLETE TRAUMATIC AMPUTATION OF TWO OR MORE UNSPECIFIED LESSER TOES, INITIAL ENCOUNTER","TRAUMA"
"CRP","S98219D","COMPLETE TRAUMATIC AMPUTATION OF TWO OR MORE UNSPECIFIED LESSER TOES, SUBSEQUENT ENCOUNTER","TRAUMA"
"CRP","S98219S","COMPLETE TRAUMATIC AMPUTATION OF TWO OR MORE UNSPECIFIED LESSER TOES, SEQUELA","TRAUMA"
"CRP","S98221A","PARTIAL TRAUMATIC AMPUTATION OF TWO OR MORE RIGHT LESSER TOES, INITIAL ENCOUNTER","TRAUMA"
"CRP","S98221D","PARTIAL TRAUMATIC AMPUTATION OF TWO OR MORE RIGHT LESSER TOES, SUBSEQUENT ENCOUNTER","TRAUMA"
"CRP","S98221S","PARTIAL TRAUMATIC AMPUTATION OF TWO OR MORE RIGHT LESSER TOES, SEQUELA","TRAUMA"
"CRP","S98222A","PARTIAL TRAUMATIC AMPUTATION OF TWO OR MORE LEFT LESSER TOES, INITIAL ENCOUNTER","TRAUMA"
"CRP","S98222D","PARTIAL TRAUMATIC AMPUTATION OF TWO OR MORE LEFT LESSER TOES, SUBSEQUENT ENCOUNTER","TRAUMA"
"CRP","S98222S","PARTIAL TRAUMATIC AMPUTATION OF TWO OR MORE LEFT LESSER TOES, SEQUELA","TRAUMA"
"CRP","S98229A","PARTIAL TRAUMATIC AMPUTATION OF TWO OR MORE UNSPECIFIED LESSER TOES, INITIAL ENCOUNTER","TRAUMA"
"CRP","S98229D","PARTIAL TRAUMATIC AMPUTATION OF TWO OR MORE UNSPECIFIED LESSER TOES, SUBSEQUENT ENCOUNTER","TRAUMA"
"CRP","S98229S","PARTIAL TRAUMATIC AMPUTATION OF TWO OR MORE UNSPECIFIED LESSER TOES, SEQUELA","TRAUMA"
"CRP","S98311A","COMPLETE TRAUMATIC AMPUTATION OF RIGHT MIDFOOT, INITIAL ENCOUNTER","TRAUMA"
"CRP","S98311D","COMPLETE TRAUMATIC AMPUTATION OF RIGHT MIDFOOT, SUBSEQUENT ENCOUNTER","TRAUMA"
"CRP","S98311S","COMPLETE TRAUMATIC AMPUTATION OF RIGHT MIDFOOT, SEQUELA","TRAUMA"
"CRP","S98312A","COMPLETE TRAUMATIC AMPUTATION OF LEFT MIDFOOT, INITIAL ENCOUNTER","TRAUMA"
"CRP","S98312D","COMPLETE TRAUMATIC AMPUTATION OF LEFT MIDFOOT, SUBSEQUENT ENCOUNTER","TRAUMA"
"CRP","S98312S","COMPLETE TRAUMATIC AMPUTATION OF LEFT MIDFOOT, SEQUELA","TRAUMA"
"CRP","S98319A","COMPLETE TRAUMATIC AMPUTATION OF UNSPECIFIED MIDFOOT, INITIAL ENCOUNTER","TRAUMA"
"CRP","S98319D","COMPLETE TRAUMATIC AMPUTATION OF UNSPECIFIED MIDFOOT, SUBSEQUENT ENCOUNTER","TRAUMA"
"CRP","S98319S","COMPLETE TRAUMATIC AMPUTATION OF UNSPECIFIED MIDFOOT, SEQUELA","TRAUMA"
"CRP","S98321A","PARTIAL TRAUMATIC AMPUTATION OF RIGHT MIDFOOT, INITIAL ENCOUNTER","TRAUMA"
"CRP","S98321D","PARTIAL TRAUMATIC AMPUTATION OF RIGHT MIDFOOT, SUBSEQUENT ENCOUNTER","TRAUMA"
"CRP","S98321S","PARTIAL TRAUMATIC AMPUTATION OF RIGHT MIDFOOT, SEQUELA","TRAUMA"
"CRP","S98322A","PARTIAL TRAUMATIC AMPUTATION OF LEFT MIDFOOT, INITIAL ENCOUNTER","TRAUMA"
"CRP","S98322D","PARTIAL TRAUMATIC AMPUTATION OF LEFT MIDFOOT, SUBSEQUENT ENCOUNTER","TRAUMA"
"CRP","S98322S","PARTIAL TRAUMATIC AMPUTATION OF LEFT MIDFOOT, SEQUELA","TRAUMA"
"CRP","S98329A","PARTIAL TRAUMATIC AMPUTATION OF UNSPECIFIED MIDFOOT, INITIAL ENCOUNTER","TRAUMA"
"CRP","S98329D","PARTIAL TRAUMATIC AMPUTATION OF UNSPECIFIED MIDFOOT, SUBSEQUENT ENCOUNTER","TRAUMA"
"CRP","S98329S","PARTIAL TRAUMATIC AMPUTATION OF UNSPECIFIED MIDFOOT, SEQUELA","TRAUMA"
"CRP","S98911A","COMPLETE TRAUMATIC AMPUTATION OF RIGHT FOOT, LEVEL UNSPECIFIED, INITIAL ENCOUNTER","TRAUMA"
"CRP","S98911D","COMPLETE TRAUMATIC AMPUTATION OF RIGHT FOOT, LEVEL UNSPECIFIED, SUBSEQUENT ENCOUNTER","TRAUMA"
"CRP","S98911S","COMPLETE TRAUMATIC AMPUTATION OF RIGHT FOOT, LEVEL UNSPECIFIED, SEQUELA","TRAUMA"
"CRP","S98912A","COMPLETE TRAUMATIC AMPUTATION OF LEFT FOOT, LEVEL UNSPECIFIED, INITIAL ENCOUNTER","TRAUMA"
"CRP","S98912D","COMPLETE TRAUMATIC AMPUTATION OF LEFT FOOT, LEVEL UNSPECIFIED, SUBSEQUENT ENCOUNTER","TRAUMA"
"CRP","S98912S","COMPLETE TRAUMATIC AMPUTATION OF LEFT FOOT, LEVEL UNSPECIFIED, SEQUELA","TRAUMA"
"CRP","S98919A","COMPLETE TRAUMATIC AMPUTATION OF UNSPECIFIED FOOT, LEVEL UNSPECIFIED, INITIAL ENCOUNTER","TRAUMA"
"CRP","S98919D","COMPLETE TRAUMATIC AMPUTATION OF UNSPECIFIED FOOT, LEVEL UNSPECIFIED, SUBSEQUENT ENCOUNTER","TRAUMA"
"CRP","S98919S","COMPLETE TRAUMATIC AMPUTATION OF UNSPECIFIED FOOT, LEVEL UNSPECIFIED, SEQUELA","TRAUMA"
"CRP","S98921A","PARTIAL TRAUMATIC AMPUTATION OF RIGHT FOOT, LEVEL UNSPECIFIED, INITIAL ENCOUNTER","TRAUMA"
"CRP","S98921D","PARTIAL TRAUMATIC AMPUTATION OF RIGHT FOOT, LEVEL UNSPECIFIED, SUBSEQUENT ENCOUNTER","TRAUMA"
"CRP","S98921S","PARTIAL TRAUMATIC AMPUTATION OF RIGHT FOOT, LEVEL UNSPECIFIED, SEQUELA","TRAUMA"
"CRP","S98922A","PARTIAL TRAUMATIC AMPUTATION OF LEFT FOOT, LEVEL UNSPECIFIED, INITIAL ENCOUNTER","TRAUMA"
"CRP","S98922D","PARTIAL TRAUMATIC AMPUTATION OF LEFT FOOT, LEVEL UNSPECIFIED, SUBSEQUENT ENCOUNTER","TRAUMA"
"CRP","S98922S","PARTIAL TRAUMATIC AMPUTATION OF LEFT FOOT, LEVEL UNSPECIFIED, SEQUELA","TRAUMA"
"CRP","S98929A","PARTIAL TRAUMATIC AMPUTATION OF UNSPECIFIED FOOT, LEVEL UNSPECIFIED, INITIAL ENCOUNTER","TRAUMA"
"CRP","S98929D","PARTIAL TRAUMATIC AMPUTATION OF UNSPECIFIED FOOT, LEVEL UNSPECIFIED, SUBSEQUENT ENCOUNTER","TRAUMA"
"CRP","S98929S","PARTIAL TRAUMATIC AMPUTATION OF UNSPECIFIED FOOT, LEVEL UNSPECIFIED, SEQUELA","TRAUMA"
"CRP","T6701XA","HEATSTROKE AND SUNSTROKE, INITIAL ENCOUNTER","STROKE"
"CRP","T6701XD","HEATSTROKE AND SUNSTROKE, SUBSEQUENT ENCOUNTER","STROKE"
"CRP","T6701XS","HEATSTROKE AND SUNSTROKE, SEQUELA","STROKE"
"CRP","T6702XA","EXERTIONAL HEATSTROKE, INITIAL ENCOUNTER","STROKE"
"CRP","T6702XD","EXERTIONAL HEATSTROKE, SUBSEQUENT ENCOUNTER","STROKE"
"CRP","T6702XS","EXERTIONAL HEATSTROKE, SEQUELA","STROKE"
"CRP","T6709XA","OTHER HEATSTROKE AND SUNSTROKE, INITIAL ENCOUNTER","STROKE"
"CRP","T6709XD","OTHER HEATSTROKE AND SUNSTROKE, SUBSEQUENT ENCOUNTER","STROKE"
"CRP","T6709XS","OTHER HEATSTROKE AND SUNSTROKE, SEQUELA","STROKE"
"CRP","T700XXA","OTITIC BAROTRAUMA, INITIAL ENCOUNTER","TRAUMA"
"CRP","T700XXD","OTITIC BAROTRAUMA, SUBSEQUENT ENCOUNTER","TRAUMA"
"CRP","T700XXS","OTITIC BAROTRAUMA, SEQUELA","TRAUMA"
"CRP","T701XXA","SINUS BAROTRAUMA, INITIAL ENCOUNTER","TRAUMA"
"CRP","T701XXD","SINUS BAROTRAUMA, SUBSEQUENT ENCOUNTER","TRAUMA"
"CRP","T701XXS","SINUS BAROTRAUMA, SEQUELA","TRAUMA"
"CRP","T7522XA","TRAUMATIC VASOSPASTIC SYNDROME, INITIAL ENCOUNTER","TRAUMA"
"CRP","T7522XD","TRAUMATIC VASOSPASTIC SYNDROME, SUBSEQUENT ENCOUNTER","TRAUMA"
"CRP","T7522XS","TRAUMATIC VASOSPASTIC SYNDROME, SEQUELA","TRAUMA"
"CRP","T790XXA","AIR EMBOLISM (TRAUMATIC), INITIAL ENCOUNTER","TRAUMA"
"CRP","T790XXD","AIR EMBOLISM (TRAUMATIC), SUBSEQUENT ENCOUNTER","TRAUMA"
"CRP","T790XXS","AIR EMBOLISM (TRAUMATIC), SEQUELA","TRAUMA"
"CRP","T791XXA","FAT EMBOLISM (TRAUMATIC), INITIAL ENCOUNTER","TRAUMA"
"CRP","T791XXD","FAT EMBOLISM (TRAUMATIC), SUBSEQUENT ENCOUNTER","TRAUMA"
"CRP","T791XXS","FAT EMBOLISM (TRAUMATIC), SEQUELA","TRAUMA"
"CRP","T792XXA","TRAUMATIC SECONDARY AND RECURRENT HEMORRHAGE AND SEROMA, INITIAL ENCOUNTER","TRAUMA"
"CRP","T792XXD","TRAUMATIC SECONDARY AND RECURRENT HEMORRHAGE AND SEROMA, SUBSEQUENT ENCOUNTER","TRAUMA"
"CRP","T792XXS","TRAUMATIC SECONDARY AND RECURRENT HEMORRHAGE AND SEROMA, SEQUELA","TRAUMA"
"CRP","T794XXA","TRAUMATIC SHOCK, INITIAL ENCOUNTER","TRAUMA"
"CRP","T794XXD","TRAUMATIC SHOCK, SUBSEQUENT ENCOUNTER","TRAUMA"
"CRP","T794XXS","TRAUMATIC SHOCK, SEQUELA","TRAUMA"
"CRP","T795XXA","TRAUMATIC ANURIA, INITIAL ENCOUNTER","TRAUMA"
"CRP","T795XXD","TRAUMATIC ANURIA, SUBSEQUENT ENCOUNTER","TRAUMA"
"CRP","T795XXS","TRAUMATIC ANURIA, SEQUELA","TRAUMA"
"CRP","T796XXA","TRAUMATIC ISCHEMIA OF MUSCLE, INITIAL ENCOUNTER","TRAUMA"
"CRP","T796XXD","TRAUMATIC ISCHEMIA OF MUSCLE, SUBSEQUENT ENCOUNTER","TRAUMA"
"CRP","T796XXS","TRAUMATIC ISCHEMIA OF MUSCLE, SEQUELA","TRAUMA"
"CRP","T797XXA","TRAUMATIC SUBCUTANEOUS EMPHYSEMA, INITIAL ENCOUNTER","TRAUMA"
"CRP","T797XXD","TRAUMATIC SUBCUTANEOUS EMPHYSEMA, SUBSEQUENT ENCOUNTER","TRAUMA"
"CRP","T797XXS","TRAUMATIC SUBCUTANEOUS EMPHYSEMA, SEQUELA","TRAUMA"
"CRP","T798XXA","OTHER EARLY COMPLICATIONS OF TRAUMA, INITIAL ENCOUNTER","TRAUMA"
"CRP","T798XXD","OTHER EARLY COMPLICATIONS OF TRAUMA, SUBSEQUENT ENCOUNTER","TRAUMA"
"CRP","T798XXS","OTHER EARLY COMPLICATIONS OF TRAUMA, SEQUELA","TRAUMA"
"CRP","T799XXA","UNSPECIFIED EARLY COMPLICATION OF TRAUMA, INITIAL ENCOUNTER","TRAUMA"
"CRP","T799XXD","UNSPECIFIED EARLY COMPLICATION OF TRAUMA, SUBSEQUENT ENCOUNTER","TRAUMA"
"CRP","T799XXS","UNSPECIFIED EARLY COMPLICATION OF TRAUMA, SEQUELA","TRAUMA"
"CRP","T79A11A","TRAUMATIC COMPARTMENT SYNDROME OF RIGHT UPPER EXTREMITY, INITIAL ENCOUNTER","TRAUMA"
"CRP","T79A11D","TRAUMATIC COMPARTMENT SYNDROME OF RIGHT UPPER EXTREMITY, SUBSEQUENT ENCOUNTER","TRAUMA"
"CRP","T79A11S","TRAUMATIC COMPARTMENT SYNDROME OF RIGHT UPPER EXTREMITY, SEQUELA","TRAUMA"
"CRP","T79A12A","TRAUMATIC COMPARTMENT SYNDROME OF LEFT UPPER EXTREMITY, INITIAL ENCOUNTER","TRAUMA"
"CRP","T79A12D","TRAUMATIC COMPARTMENT SYNDROME OF LEFT UPPER EXTREMITY, SUBSEQUENT ENCOUNTER","TRAUMA"
"CRP","T79A12S","TRAUMATIC COMPARTMENT SYNDROME OF LEFT UPPER EXTREMITY, SEQUELA","TRAUMA"
"CRP","T79A19A","TRAUMATIC COMPARTMENT SYNDROME OF UNSPECIFIED UPPER EXTREMITY, INITIAL ENCOUNTER","TRAUMA"
"CRP","T79A19D","TRAUMATIC COMPARTMENT SYNDROME OF UNSPECIFIED UPPER EXTREMITY, SUBSEQUENT ENCOUNTER","TRAUMA"
"CRP","T79A19S","TRAUMATIC COMPARTMENT SYNDROME OF UNSPECIFIED UPPER EXTREMITY, SEQUELA","TRAUMA"
"CRP","T79A21A","TRAUMATIC COMPARTMENT SYNDROME OF RIGHT LOWER EXTREMITY, INITIAL ENCOUNTER","TRAUMA"
"CRP","T79A21D","TRAUMATIC COMPARTMENT SYNDROME OF RIGHT LOWER EXTREMITY, SUBSEQUENT ENCOUNTER","TRAUMA"
"CRP","T79A21S","TRAUMATIC COMPARTMENT SYNDROME OF RIGHT LOWER EXTREMITY, SEQUELA","TRAUMA"
"CRP","T79A22A","TRAUMATIC COMPARTMENT SYNDROME OF LEFT LOWER EXTREMITY, INITIAL ENCOUNTER","TRAUMA"
"CRP","T79A22D","TRAUMATIC COMPARTMENT SYNDROME OF LEFT LOWER EXTREMITY, SUBSEQUENT ENCOUNTER","TRAUMA"
"CRP","T79A22S","TRAUMATIC COMPARTMENT SYNDROME OF LEFT LOWER EXTREMITY, SEQUELA","TRAUMA"
"CRP","T79A29A","TRAUMATIC COMPARTMENT SYNDROME OF UNSPECIFIED LOWER EXTREMITY, INITIAL ENCOUNTER","TRAUMA"
"CRP","T79A29D","TRAUMATIC COMPARTMENT SYNDROME OF UNSPECIFIED LOWER EXTREMITY, SUBSEQUENT ENCOUNTER","TRAUMA"
"CRP","T79A29S","TRAUMATIC COMPARTMENT SYNDROME OF UNSPECIFIED LOWER EXTREMITY, SEQUELA","TRAUMA"
"CRP","T79A3XA","TRAUMATIC COMPARTMENT SYNDROME OF ABDOMEN, INITIAL ENCOUNTER","TRAUMA"
"CRP","T79A3XD","TRAUMATIC COMPARTMENT SYNDROME OF ABDOMEN, SUBSEQUENT ENCOUNTER","TRAUMA"
"CRP","T79A3XS","TRAUMATIC COMPARTMENT SYNDROME OF ABDOMEN, SEQUELA","TRAUMA"
"CRP","T79A9XA","TRAUMATIC COMPARTMENT SYNDROME OF OTHER SITES, INITIAL ENCOUNTER","TRAUMA"
"CRP","T79A9XD","TRAUMATIC COMPARTMENT SYNDROME OF OTHER SITES, SUBSEQUENT ENCOUNTER","TRAUMA"
"CRP","T79A9XS","TRAUMATIC COMPARTMENT SYNDROME OF OTHER SITES, SEQUELA","TRAUMA"
"CRP","T80211A","BLOODSTREAM INFECTION DUE TO CENTRAL VENOUS CATHETER, INITIAL ENCOUNTER","INFECTION"
"CRP","T80211D","BLOODSTREAM INFECTION DUE TO CENTRAL VENOUS CATHETER, SUBSEQUENT ENCOUNTER","INFECTION"
"CRP","T80211S","BLOODSTREAM INFECTION DUE TO CENTRAL VENOUS CATHETER, SEQUELA","INFECTION"
"CRP","T80212A","LOCAL INFECTION DUE TO CENTRAL VENOUS CATHETER, INITIAL ENCOUNTER","INFECTION"
"CRP","T80212D","LOCAL INFECTION DUE TO CENTRAL VENOUS CATHETER, SUBSEQUENT ENCOUNTER","INFECTION"
"CRP","T80212S","LOCAL INFECTION DUE TO CENTRAL VENOUS CATHETER, SEQUELA","INFECTION"
"CRP","T80218A","OTHER INFECTION DUE TO CENTRAL VENOUS CATHETER, INITIAL ENCOUNTER","INFECTION"
"CRP","T80218D","OTHER INFECTION DUE TO CENTRAL VENOUS CATHETER, SUBSEQUENT ENCOUNTER","INFECTION"
"CRP","T80218S","OTHER INFECTION DUE TO CENTRAL VENOUS CATHETER, SEQUELA","INFECTION"
"CRP","T80219A","UNSPECIFIED INFECTION DUE TO CENTRAL VENOUS CATHETER, INITIAL ENCOUNTER","INFECTION"
"CRP","T80219D","UNSPECIFIED INFECTION DUE TO CENTRAL VENOUS CATHETER, SUBSEQUENT ENCOUNTER","INFECTION"
"CRP","T80219S","UNSPECIFIED INFECTION DUE TO CENTRAL VENOUS CATHETER, SEQUELA","INFECTION"
"CRP","T8022XA","ACUTE INFECTION FOLLOWING TRANSFUSION, INFUSION, OR INJECTION OF BLOOD AND BLOOD PRODUCTS, INITIAL ENCOUNTER","INFECTION"
"CRP","T8022XD","ACUTE INFECTION FOLLOWING TRANSFUSION, INFUSION, OR INJECTION OF BLOOD AND BLOOD PRODUCTS, SUBSEQUENT ENCOUNTER","INFECTION"
"CRP","T8022XS","ACUTE INFECTION FOLLOWING TRANSFUSION, INFUSION, OR INJECTION OF BLOOD AND BLOOD PRODUCTS, SEQUELA","INFECTION"
"CRP","T8029XA","INFECTION FOLLOWING OTHER INFUSION, TRANSFUSION AND THERAPEUTIC INJECTION, INITIAL ENCOUNTER","INFECTION"
"CRP","T8029XD","INFECTION FOLLOWING OTHER INFUSION, TRANSFUSION AND THERAPEUTIC INJECTION, SUBSEQUENT ENCOUNTER","INFECTION"
"CRP","T8029XS","INFECTION FOLLOWING OTHER INFUSION, TRANSFUSION AND THERAPEUTIC INJECTION, SEQUELA","INFECTION"
"CRP","T8133XA","DISRUPTION OF TRAUMATIC INJURY WOUND REPAIR, INITIAL ENCOUNTER","TRAUMA"
"CRP","T8133XD","DISRUPTION OF TRAUMATIC INJURY WOUND REPAIR, SUBSEQUENT ENCOUNTER","TRAUMA"
"CRP","T8133XS","DISRUPTION OF TRAUMATIC INJURY WOUND REPAIR, SEQUELA","TRAUMA"
"CRP","T8140XA","INFECTION FOLLOWING A PROCEDURE, UNSPECIFIED, INITIAL ENCOUNTER","INFECTION"
"CRP","T8140XD","INFECTION FOLLOWING A PROCEDURE, UNSPECIFIED, SUBSEQUENT ENCOUNTER","INFECTION"
"CRP","T8140XS","INFECTION FOLLOWING A PROCEDURE, UNSPECIFIED, SEQUELA","INFECTION"
"CRP","T8141XA","INFECTION FOLLOWING A PROCEDURE, SUPERFICIAL INCISIONAL SURGICAL SITE, INITIAL ENCOUNTER","INFECTION"
"CRP","T8141XD","INFECTION FOLLOWING A PROCEDURE, SUPERFICIAL INCISIONAL SURGICAL SITE, SUBSEQUENT ENCOUNTER","INFECTION"
"CRP","T8141XS","INFECTION FOLLOWING A PROCEDURE, SUPERFICIAL INCISIONAL SURGICAL SITE, SEQUELA","INFECTION"
"CRP","T8142XA","INFECTION FOLLOWING A PROCEDURE, DEEP INCISIONAL SURGICAL SITE, INITIAL ENCOUNTER","INFECTION"
"CRP","T8142XD","INFECTION FOLLOWING A PROCEDURE, DEEP INCISIONAL SURGICAL SITE, SUBSEQUENT ENCOUNTER","INFECTION"
"CRP","T8142XS","INFECTION FOLLOWING A PROCEDURE, DEEP INCISIONAL SURGICAL SITE, SEQUELA","INFECTION"
"CRP","T8143XA","INFECTION FOLLOWING A PROCEDURE, ORGAN AND SPACE SURGICAL SITE, INITIAL ENCOUNTER","INFECTION"
"CRP","T8143XD","INFECTION FOLLOWING A PROCEDURE, ORGAN AND SPACE SURGICAL SITE, SUBSEQUENT ENCOUNTER","INFECTION"
"CRP","T8143XS","INFECTION FOLLOWING A PROCEDURE, ORGAN AND SPACE SURGICAL SITE, SEQUELA","INFECTION"
"CRP","T8144XA","SEPSIS FOLLOWING A PROCEDURE, INITIAL ENCOUNTER","SEPSIS"
"CRP","T8144XD","SEPSIS FOLLOWING A PROCEDURE, SUBSEQUENT ENCOUNTER","SEPSIS"
"CRP","T8144XS","SEPSIS FOLLOWING A PROCEDURE, SEQUELA","SEPSIS"
"CRP","T8149XA","INFECTION FOLLOWING A PROCEDURE, OTHER SURGICAL SITE, INITIAL ENCOUNTER","INFECTION"
"CRP","T8149XD","INFECTION FOLLOWING A PROCEDURE, OTHER SURGICAL SITE, SUBSEQUENT ENCOUNTER","INFECTION"
"CRP","T8149XS","INFECTION FOLLOWING A PROCEDURE, OTHER SURGICAL SITE, SEQUELA","INFECTION"
"CRP","T826XXA","INFECTION AND INFLAMMATORY REACTION DUE TO CARDIAC VALVE PROSTHESIS, INITIAL ENCOUNTER","INFECTION"
"CRP","T826XXD","INFECTION AND INFLAMMATORY REACTION DUE TO CARDIAC VALVE PROSTHESIS, SUBSEQUENT ENCOUNTER","INFECTION"
"CRP","T826XXS","INFECTION AND INFLAMMATORY REACTION DUE TO CARDIAC VALVE PROSTHESIS, SEQUELA","INFECTION"
"CRP","T827XXA","INFECTION AND INFLAMMATORY REACTION DUE TO OTHER CARDIAC AND VASCULAR DEVICES, IMPLANTS AND GRAFTS, INITIAL ENCOUNTER","INFECTION"
"CRP","T827XXD","INFECTION AND INFLAMMATORY REACTION DUE TO OTHER CARDIAC AND VASCULAR DEVICES, IMPLANTS AND GRAFTS, SUBSEQUENT ENCOUNTER","INFECTION"
"CRP","T827XXS","INFECTION AND INFLAMMATORY REACTION DUE TO OTHER CARDIAC AND VASCULAR DEVICES, IMPLANTS AND GRAFTS, SEQUELA","INFECTION"
"CRP","T83510A","INFECTION AND INFLAMMATORY REACTION DUE TO CYSTOSTOMY CATHETER, INITIAL ENCOUNTER","INFECTION"
"CRP","T83510D","INFECTION AND INFLAMMATORY REACTION DUE TO CYSTOSTOMY CATHETER, SUBSEQUENT ENCOUNTER","INFECTION"
"CRP","T83510S","INFECTION AND INFLAMMATORY REACTION DUE TO CYSTOSTOMY CATHETER, SEQUELA","INFECTION"
"CRP","T83511A","INFECTION AND INFLAMMATORY REACTION DUE TO INDWELLING URETHRAL CATHETER, INITIAL ENCOUNTER","INFECTION"
"CRP","T83511D","INFECTION AND INFLAMMATORY REACTION DUE TO INDWELLING URETHRAL CATHETER, SUBSEQUENT ENCOUNTER","INFECTION"
"CRP","T83511S","INFECTION AND INFLAMMATORY REACTION DUE TO INDWELLING URETHRAL CATHETER, SEQUELA","INFECTION"
"CRP","T83512A","INFECTION AND INFLAMMATORY REACTION DUE TO NEPHROSTOMY CATHETER, INITIAL ENCOUNTER","INFECTION"
"CRP","T83512D","INFECTION AND INFLAMMATORY REACTION DUE TO NEPHROSTOMY CATHETER, SUBSEQUENT ENCOUNTER","INFECTION"
"CRP","T83512S","INFECTION AND INFLAMMATORY REACTION DUE TO NEPHROSTOMY CATHETER, SEQUELA","INFECTION"
"CRP","T83518A","INFECTION AND INFLAMMATORY REACTION DUE TO OTHER URINARY CATHETER, INITIAL ENCOUNTER","INFECTION"
"CRP","T83518D","INFECTION AND INFLAMMATORY REACTION DUE TO OTHER URINARY CATHETER, SUBSEQUENT ENCOUNTER","INFECTION"
"CRP","T83518S","INFECTION AND INFLAMMATORY REACTION DUE TO OTHER URINARY CATHETER, SEQUELA","INFECTION"
"CRP","T83590A","INFECTION AND INFLAMMATORY REACTION DUE TO IMPLANTED URINARY NEUROSTIMULATION DEVICE, INITIAL ENCOUNTER","INFECTION"
"CRP","T83590D","INFECTION AND INFLAMMATORY REACTION DUE TO IMPLANTED URINARY NEUROSTIMULATION DEVICE, SUBSEQUENT ENCOUNTER","INFECTION"
"CRP","T83590S","INFECTION AND INFLAMMATORY REACTION DUE TO IMPLANTED URINARY NEUROSTIMULATION DEVICE, SEQUELA","INFECTION"
"CRP","T83591A","INFECTION AND INFLAMMATORY REACTION DUE TO IMPLANTED URINARY SPHINCTER, INITIAL ENCOUNTER","INFECTION"
"CRP","T83591D","INFECTION AND INFLAMMATORY REACTION DUE TO IMPLANTED URINARY SPHINCTER, SUBSEQUENT ENCOUNTER","INFECTION"
"CRP","T83591S","INFECTION AND INFLAMMATORY REACTION DUE TO IMPLANTED URINARY SPHINCTER, SEQUELA","INFECTION"
"CRP","T83592A","INFECTION AND INFLAMMATORY REACTION DUE TO INDWELLING URETERAL STENT, INITIAL ENCOUNTER","INFECTION"
"CRP","T83592D","INFECTION AND INFLAMMATORY REACTION DUE TO INDWELLING URETERAL STENT, SUBSEQUENT ENCOUNTER","INFECTION"
"CRP","T83592S","INFECTION AND INFLAMMATORY REACTION DUE TO INDWELLING URETERAL STENT, SEQUELA","INFECTION"
"CRP","T83593A","INFECTION AND INFLAMMATORY REACTION DUE TO OTHER URINARY STENTS, INITIAL ENCOUNTER","INFECTION"
"CRP","T83593D","INFECTION AND INFLAMMATORY REACTION DUE TO OTHER URINARY STENTS, SUBSEQUENT ENCOUNTER","INFECTION"
"CRP","T83593S","INFECTION AND INFLAMMATORY REACTION DUE TO OTHER URINARY STENTS, SEQUELA","INFECTION"
"CRP","T83598A","INFECTION AND INFLAMMATORY REACTION DUE TO OTHER PROSTHETIC DEVICE, IMPLANT AND GRAFT IN URINARY SYSTEM, INITIAL ENCOUNTER","INFECTION"
"CRP","T83598D","INFECTION AND INFLAMMATORY REACTION DUE TO OTHER PROSTHETIC DEVICE, IMPLANT AND GRAFT IN URINARY SYSTEM, SUBSEQUENT ENCOUNTER","INFECTION"
"CRP","T83598S","INFECTION AND INFLAMMATORY REACTION DUE TO OTHER PROSTHETIC DEVICE, IMPLANT AND GRAFT IN URINARY SYSTEM, SEQUELA","INFECTION"
"CRP","T8361XA","INFECTION AND INFLAMMATORY REACTION DUE TO IMPLANTED PENILE PROSTHESIS, INITIAL ENCOUNTER","INFECTION"
"CRP","T8361XD","INFECTION AND INFLAMMATORY REACTION DUE TO IMPLANTED PENILE PROSTHESIS, SUBSEQUENT ENCOUNTER","INFECTION"
"CRP","T8361XS","INFECTION AND INFLAMMATORY REACTION DUE TO IMPLANTED PENILE PROSTHESIS, SEQUELA","INFECTION"
"CRP","T8362XA","INFECTION AND INFLAMMATORY REACTION DUE TO IMPLANTED TESTICULAR PROSTHESIS, INITIAL ENCOUNTER","INFECTION"
"CRP","T8362XD","INFECTION AND INFLAMMATORY REACTION DUE TO IMPLANTED TESTICULAR PROSTHESIS, SUBSEQUENT ENCOUNTER","INFECTION"
"CRP","T8362XS","INFECTION AND INFLAMMATORY REACTION DUE TO IMPLANTED TESTICULAR PROSTHESIS, SEQUELA","INFECTION"
"CRP","T8369XA","INFECTION AND INFLAMMATORY REACTION DUE TO OTHER PROSTHETIC DEVICE, IMPLANT AND GRAFT IN GENITAL TRACT, INITIAL ENCOUNTER","INFECTION"
"CRP","T8369XD","INFECTION AND INFLAMMATORY REACTION DUE TO OTHER PROSTHETIC DEVICE, IMPLANT AND GRAFT IN GENITAL TRACT, SUBSEQUENT ENCOUNTER","INFECTION"
"CRP","T8369XS","INFECTION AND INFLAMMATORY REACTION DUE TO OTHER PROSTHETIC DEVICE, IMPLANT AND GRAFT IN GENITAL TRACT, SEQUELA","INFECTION"
"CRP","T8450XA","INFECTION AND INFLAMMATORY REACTION DUE TO UNSPECIFIED INTERNAL JOINT PROSTHESIS, INITIAL ENCOUNTER","INFECTION"
"CRP","T8450XD","INFECTION AND INFLAMMATORY REACTION DUE TO UNSPECIFIED INTERNAL JOINT PROSTHESIS, SUBSEQUENT ENCOUNTER","INFECTION"
"CRP","T8450XS","INFECTION AND INFLAMMATORY REACTION DUE TO UNSPECIFIED INTERNAL JOINT PROSTHESIS, SEQUELA","INFECTION"
"CRP","T8451XA","INFECTION AND INFLAMMATORY REACTION DUE TO INTERNAL RIGHT HIP PROSTHESIS, INITIAL ENCOUNTER","INFECTION"
"CRP","T8451XD","INFECTION AND INFLAMMATORY REACTION DUE TO INTERNAL RIGHT HIP PROSTHESIS, SUBSEQUENT ENCOUNTER","INFECTION"
"CRP","T8451XS","INFECTION AND INFLAMMATORY REACTION DUE TO INTERNAL RIGHT HIP PROSTHESIS, SEQUELA","INFECTION"
"CRP","T8452XA","INFECTION AND INFLAMMATORY REACTION DUE TO INTERNAL LEFT HIP PROSTHESIS, INITIAL ENCOUNTER","INFECTION"
"CRP","T8452XD","INFECTION AND INFLAMMATORY REACTION DUE TO INTERNAL LEFT HIP PROSTHESIS, SUBSEQUENT ENCOUNTER","INFECTION"
"CRP","T8452XS","INFECTION AND INFLAMMATORY REACTION DUE TO INTERNAL LEFT HIP PROSTHESIS, SEQUELA","INFECTION"
"CRP","T8453XA","INFECTION AND INFLAMMATORY REACTION DUE TO INTERNAL RIGHT KNEE PROSTHESIS, INITIAL ENCOUNTER","INFECTION"
"CRP","T8453XD","INFECTION AND INFLAMMATORY REACTION DUE TO INTERNAL RIGHT KNEE PROSTHESIS, SUBSEQUENT ENCOUNTER","INFECTION"
"CRP","T8453XS","INFECTION AND INFLAMMATORY REACTION DUE TO INTERNAL RIGHT KNEE PROSTHESIS, SEQUELA","INFECTION"
"CRP","T8454XA","INFECTION AND INFLAMMATORY REACTION DUE TO INTERNAL LEFT KNEE PROSTHESIS, INITIAL ENCOUNTER","INFECTION"
"CRP","T8454XD","INFECTION AND INFLAMMATORY REACTION DUE TO INTERNAL LEFT KNEE PROSTHESIS, SUBSEQUENT ENCOUNTER","INFECTION"
"CRP","T8454XS","INFECTION AND INFLAMMATORY REACTION DUE TO INTERNAL LEFT KNEE PROSTHESIS, SEQUELA","INFECTION"
"CRP","T8459XA","INFECTION AND INFLAMMATORY REACTION DUE TO OTHER INTERNAL JOINT PROSTHESIS, INITIAL ENCOUNTER","INFECTION"
"CRP","T8459XD","INFECTION AND INFLAMMATORY REACTION DUE TO OTHER INTERNAL JOINT PROSTHESIS, SUBSEQUENT ENCOUNTER","INFECTION"
"CRP","T8459XS","INFECTION AND INFLAMMATORY REACTION DUE TO OTHER INTERNAL JOINT PROSTHESIS, SEQUELA","INFECTION"
"CRP","T8460XA","INFECTION AND INFLAMMATORY REACTION DUE TO INTERNAL FIXATION DEVICE OF UNSPECIFIED SITE, INITIAL ENCOUNTER","INFECTION"
"CRP","T8460XD","INFECTION AND INFLAMMATORY REACTION DUE TO INTERNAL FIXATION DEVICE OF UNSPECIFIED SITE, SUBSEQUENT ENCOUNTER","INFECTION"
"CRP","T8460XS","INFECTION AND INFLAMMATORY REACTION DUE TO INTERNAL FIXATION DEVICE OF UNSPECIFIED SITE, SEQUELA","INFECTION"
"CRP","T84610A","INFECTION AND INFLAMMATORY REACTION DUE TO INTERNAL FIXATION DEVICE OF RIGHT HUMERUS, INITIAL ENCOUNTER","INFECTION"
"CRP","T84610D","INFECTION AND INFLAMMATORY REACTION DUE TO INTERNAL FIXATION DEVICE OF RIGHT HUMERUS, SUBSEQUENT ENCOUNTER","INFECTION"
"CRP","T84610S","INFECTION AND INFLAMMATORY REACTION DUE TO INTERNAL FIXATION DEVICE OF RIGHT HUMERUS, SEQUELA","INFECTION"
"CRP","T84611A","INFECTION AND INFLAMMATORY REACTION DUE TO INTERNAL FIXATION DEVICE OF LEFT HUMERUS, INITIAL ENCOUNTER","INFECTION"
"CRP","T84611D","INFECTION AND INFLAMMATORY REACTION DUE TO INTERNAL FIXATION DEVICE OF LEFT HUMERUS, SUBSEQUENT ENCOUNTER","INFECTION"
"CRP","T84611S","INFECTION AND INFLAMMATORY REACTION DUE TO INTERNAL FIXATION DEVICE OF LEFT HUMERUS, SEQUELA","INFECTION"
"CRP","T84612A","INFECTION AND INFLAMMATORY REACTION DUE TO INTERNAL FIXATION DEVICE OF RIGHT RADIUS, INITIAL ENCOUNTER","INFECTION"
"CRP","T84612D","INFECTION AND INFLAMMATORY REACTION DUE TO INTERNAL FIXATION DEVICE OF RIGHT RADIUS, SUBSEQUENT ENCOUNTER","INFECTION"
"CRP","T84612S","INFECTION AND INFLAMMATORY REACTION DUE TO INTERNAL FIXATION DEVICE OF RIGHT RADIUS, SEQUELA","INFECTION"
"CRP","T84613A","INFECTION AND INFLAMMATORY REACTION DUE TO INTERNAL FIXATION DEVICE OF LEFT RADIUS, INITIAL ENCOUNTER","INFECTION"
"CRP","T84613D","INFECTION AND INFLAMMATORY REACTION DUE TO INTERNAL FIXATION DEVICE OF LEFT RADIUS, SUBSEQUENT ENCOUNTER","INFECTION"
"CRP","T84613S","INFECTION AND INFLAMMATORY REACTION DUE TO INTERNAL FIXATION DEVICE OF LEFT RADIUS, SEQUELA","INFECTION"
"CRP","T84614A","INFECTION AND INFLAMMATORY REACTION DUE TO INTERNAL FIXATION DEVICE OF RIGHT ULNA, INITIAL ENCOUNTER","INFECTION"
"CRP","T84614D","INFECTION AND INFLAMMATORY REACTION DUE TO INTERNAL FIXATION DEVICE OF RIGHT ULNA, SUBSEQUENT ENCOUNTER","INFECTION"
"CRP","T84614S","INFECTION AND INFLAMMATORY REACTION DUE TO INTERNAL FIXATION DEVICE OF RIGHT ULNA, SEQUELA","INFECTION"
"CRP","T84615A","INFECTION AND INFLAMMATORY REACTION DUE TO INTERNAL FIXATION DEVICE OF LEFT ULNA, INITIAL ENCOUNTER","INFECTION"
"CRP","T84615D","INFECTION AND INFLAMMATORY REACTION DUE TO INTERNAL FIXATION DEVICE OF LEFT ULNA, SUBSEQUENT ENCOUNTER","INFECTION"
"CRP","T84615S","INFECTION AND INFLAMMATORY REACTION DUE TO INTERNAL FIXATION DEVICE OF LEFT ULNA, SEQUELA","INFECTION"
"CRP","T84619A","INFECTION AND INFLAMMATORY REACTION DUE TO INTERNAL FIXATION DEVICE OF UNSPECIFIED BONE OF ARM, INITIAL ENCOUNTER","INFECTION"
"CRP","T84619D","INFECTION AND INFLAMMATORY REACTION DUE TO INTERNAL FIXATION DEVICE OF UNSPECIFIED BONE OF ARM, SUBSEQUENT ENCOUNTER","INFECTION"
"CRP","T84619S","INFECTION AND INFLAMMATORY REACTION DUE TO INTERNAL FIXATION DEVICE OF UNSPECIFIED BONE OF ARM, SEQUELA","INFECTION"
"CRP","T84620A","INFECTION AND INFLAMMATORY REACTION DUE TO INTERNAL FIXATION DEVICE OF RIGHT FEMUR, INITIAL ENCOUNTER","INFECTION"
"CRP","T84620D","INFECTION AND INFLAMMATORY REACTION DUE TO INTERNAL FIXATION DEVICE OF RIGHT FEMUR, SUBSEQUENT ENCOUNTER","INFECTION"
"CRP","T84620S","INFECTION AND INFLAMMATORY REACTION DUE TO INTERNAL FIXATION DEVICE OF RIGHT FEMUR, SEQUELA","INFECTION"
"CRP","T84621A","INFECTION AND INFLAMMATORY REACTION DUE TO INTERNAL FIXATION DEVICE OF LEFT FEMUR, INITIAL ENCOUNTER","INFECTION"
"CRP","T84621D","INFECTION AND INFLAMMATORY REACTION DUE TO INTERNAL FIXATION DEVICE OF LEFT FEMUR, SUBSEQUENT ENCOUNTER","INFECTION"
"CRP","T84621S","INFECTION AND INFLAMMATORY REACTION DUE TO INTERNAL FIXATION DEVICE OF LEFT FEMUR, SEQUELA","INFECTION"
"CRP","T84622A","INFECTION AND INFLAMMATORY REACTION DUE TO INTERNAL FIXATION DEVICE OF RIGHT TIBIA, INITIAL ENCOUNTER","INFECTION"
"CRP","T84622D","INFECTION AND INFLAMMATORY REACTION DUE TO INTERNAL FIXATION DEVICE OF RIGHT TIBIA, SUBSEQUENT ENCOUNTER","INFECTION"
"CRP","T84622S","INFECTION AND INFLAMMATORY REACTION DUE TO INTERNAL FIXATION DEVICE OF RIGHT TIBIA, SEQUELA","INFECTION"
"CRP","T84623A","INFECTION AND INFLAMMATORY REACTION DUE TO INTERNAL FIXATION DEVICE OF LEFT TIBIA, INITIAL ENCOUNTER","INFECTION"
"CRP","T84623D","INFECTION AND INFLAMMATORY REACTION DUE TO INTERNAL FIXATION DEVICE OF LEFT TIBIA, SUBSEQUENT ENCOUNTER","INFECTION"
"CRP","T84623S","INFECTION AND INFLAMMATORY REACTION DUE TO INTERNAL FIXATION DEVICE OF LEFT TIBIA, SEQUELA","INFECTION"
"CRP","T84624A","INFECTION AND INFLAMMATORY REACTION DUE TO INTERNAL FIXATION DEVICE OF RIGHT FIBULA, INITIAL ENCOUNTER","INFECTION"
"CRP","T84624D","INFECTION AND INFLAMMATORY REACTION DUE TO INTERNAL FIXATION DEVICE OF RIGHT FIBULA, SUBSEQUENT ENCOUNTER","INFECTION"
"CRP","T84624S","INFECTION AND INFLAMMATORY REACTION DUE TO INTERNAL FIXATION DEVICE OF RIGHT FIBULA, SEQUELA","INFECTION"
"CRP","T84625A","INFECTION AND INFLAMMATORY REACTION DUE TO INTERNAL FIXATION DEVICE OF LEFT FIBULA, INITIAL ENCOUNTER","INFECTION"
"CRP","T84625D","INFECTION AND INFLAMMATORY REACTION DUE TO INTERNAL FIXATION DEVICE OF LEFT FIBULA, SUBSEQUENT ENCOUNTER","INFECTION"
"CRP","T84625S","INFECTION AND INFLAMMATORY REACTION DUE TO INTERNAL FIXATION DEVICE OF LEFT FIBULA, SEQUELA","INFECTION"
"CRP","T84629A","INFECTION AND INFLAMMATORY REACTION DUE TO INTERNAL FIXATION DEVICE OF UNSPECIFIED BONE OF LEG, INITIAL ENCOUNTER","INFECTION"
"CRP","T84629D","INFECTION AND INFLAMMATORY REACTION DUE TO INTERNAL FIXATION DEVICE OF UNSPECIFIED BONE OF LEG, SUBSEQUENT ENCOUNTER","INFECTION"
"CRP","T84629S","INFECTION AND INFLAMMATORY REACTION DUE TO INTERNAL FIXATION DEVICE OF UNSPECIFIED BONE OF LEG, SEQUELA","INFECTION"
"CRP","T8463XA","INFECTION AND INFLAMMATORY REACTION DUE TO INTERNAL FIXATION DEVICE OF SPINE, INITIAL ENCOUNTER","INFECTION"
"CRP","T8463XD","INFECTION AND INFLAMMATORY REACTION DUE TO INTERNAL FIXATION DEVICE OF SPINE, SUBSEQUENT ENCOUNTER","INFECTION"
"CRP","T8463XS","INFECTION AND INFLAMMATORY REACTION DUE TO INTERNAL FIXATION DEVICE OF SPINE, SEQUELA","INFECTION"
"CRP","T8469XA","INFECTION AND INFLAMMATORY REACTION DUE TO INTERNAL FIXATION DEVICE OF OTHER SITE, INITIAL ENCOUNTER","INFECTION"
"CRP","T8469XD","INFECTION AND INFLAMMATORY REACTION DUE TO INTERNAL FIXATION DEVICE OF OTHER SITE, SUBSEQUENT ENCOUNTER","INFECTION"
"CRP","T8469XS","INFECTION AND INFLAMMATORY REACTION DUE TO INTERNAL FIXATION DEVICE OF OTHER SITE, SEQUELA","INFECTION"
"CRP","T847XXA","INFECTION AND INFLAMMATORY REACTION DUE TO OTHER INTERNAL ORTHOPEDIC PROSTHETIC DEVICES, IMPLANTS AND GRAFTS, INITIAL ENCOUNTER","INFECTION"
"CRP","T847XXD","INFECTION AND INFLAMMATORY REACTION DUE TO OTHER INTERNAL ORTHOPEDIC PROSTHETIC DEVICES, IMPLANTS AND GRAFTS, SUBSEQUENT ENCOUNTER","INFECTION"
"CRP","T847XXS","INFECTION AND INFLAMMATORY REACTION DUE TO OTHER INTERNAL ORTHOPEDIC PROSTHETIC DEVICES, IMPLANTS AND GRAFTS, SEQUELA","INFECTION"
"CRP","T8571XA","INFECTION AND INFLAMMATORY REACTION DUE TO PERITONEAL DIALYSIS CATHETER, INITIAL ENCOUNTER","INFECTION"
"CRP","T8571XD","INFECTION AND INFLAMMATORY REACTION DUE TO PERITONEAL DIALYSIS CATHETER, SUBSEQUENT ENCOUNTER","INFECTION"
"CRP","T8571XS","INFECTION AND INFLAMMATORY REACTION DUE TO PERITONEAL DIALYSIS CATHETER, SEQUELA","INFECTION"
"CRP","T8572XA","INFECTION AND INFLAMMATORY REACTION DUE TO INSULIN PUMP, INITIAL ENCOUNTER","INFECTION"
"CRP","T8572XD","INFECTION AND INFLAMMATORY REACTION DUE TO INSULIN PUMP, SUBSEQUENT ENCOUNTER","INFECTION"
"CRP","T8572XS","INFECTION AND INFLAMMATORY REACTION DUE TO INSULIN PUMP, SEQUELA","INFECTION"
"CRP","T85730A","INFECTION AND INFLAMMATORY REACTION DUE TO VENTRICULAR INTRACRANIAL (COMMUNICATING) SHUNT, INITIAL ENCOUNTER","INFECTION"
"CRP","T85730D","INFECTION AND INFLAMMATORY REACTION DUE TO VENTRICULAR INTRACRANIAL (COMMUNICATING) SHUNT, SUBSEQUENT ENCOUNTER","INFECTION"
"CRP","T85730S","INFECTION AND INFLAMMATORY REACTION DUE TO VENTRICULAR INTRACRANIAL (COMMUNICATING) SHUNT, SEQUELA","INFECTION"
"CRP","T85731A","INFECTION AND INFLAMMATORY REACTION DUE TO IMPLANTED ELECTRONIC NEUROSTIMULATOR OF BRAIN, ELECTRODE (LEAD), INITIAL ENCOUNTER","INFECTION"
"CRP","T85731D","INFECTION AND INFLAMMATORY REACTION DUE TO IMPLANTED ELECTRONIC NEUROSTIMULATOR OF BRAIN, ELECTRODE (LEAD), SUBSEQUENT ENCOUNTER","INFECTION"
"CRP","T85731S","INFECTION AND INFLAMMATORY REACTION DUE TO IMPLANTED ELECTRONIC NEUROSTIMULATOR OF BRAIN, ELECTRODE (LEAD), SEQUELA","INFECTION"
"CRP","T85732A","INFECTION AND INFLAMMATORY REACTION DUE TO IMPLANTED ELECTRONIC NEUROSTIMULATOR OF PERIPHERAL NERVE, ELECTRODE (LEAD), INITIAL ENCOUNTER","INFECTION"
"CRP","T85732D","INFECTION AND INFLAMMATORY REACTION DUE TO IMPLANTED ELECTRONIC NEUROSTIMULATOR OF PERIPHERAL NERVE, ELECTRODE (LEAD), SUBSEQUENT ENCOUNTER","INFECTION"
"CRP","T85732S","INFECTION AND INFLAMMATORY REACTION DUE TO IMPLANTED ELECTRONIC NEUROSTIMULATOR OF PERIPHERAL NERVE, ELECTRODE (LEAD), SEQUELA","INFECTION"
"CRP","T85733A","INFECTION AND INFLAMMATORY REACTION DUE TO IMPLANTED ELECTRONIC NEUROSTIMULATOR OF SPINAL CORD, ELECTRODE (LEAD), INITIAL ENCOUNTER","INFECTION"
"CRP","T85733D","INFECTION AND INFLAMMATORY REACTION DUE TO IMPLANTED ELECTRONIC NEUROSTIMULATOR OF SPINAL CORD, ELECTRODE (LEAD), SUBSEQUENT ENCOUNTER","INFECTION"
"CRP","T85733S","INFECTION AND INFLAMMATORY REACTION DUE TO IMPLANTED ELECTRONIC NEUROSTIMULATOR OF SPINAL CORD, ELECTRODE (LEAD), SEQUELA","INFECTION"
"CRP","T85734A","INFECTION AND INFLAMMATORY REACTION DUE TO IMPLANTED ELECTRONIC NEUROSTIMULATOR, GENERATOR, INITIAL ENCOUNTER","INFECTION"
"CRP","T85734D","INFECTION AND INFLAMMATORY REACTION DUE TO IMPLANTED ELECTRONIC NEUROSTIMULATOR, GENERATOR, SUBSEQUENT ENCOUNTER","INFECTION"
"CRP","T85734S","INFECTION AND INFLAMMATORY REACTION DUE TO IMPLANTED ELECTRONIC NEUROSTIMULATOR, GENERATOR, SEQUELA","INFECTION"
"CRP","T85735A","INFECTION AND INFLAMMATORY REACTION DUE TO CRANIAL OR SPINAL INFUSION CATHETER, INITIAL ENCOUNTER","INFECTION"
"CRP","T85735D","INFECTION AND INFLAMMATORY REACTION DUE TO CRANIAL OR SPINAL INFUSION CATHETER, SUBSEQUENT ENCOUNTER","INFECTION"
"CRP","T85735S","INFECTION AND INFLAMMATORY REACTION DUE TO CRANIAL OR SPINAL INFUSION CATHETER, SEQUELA","INFECTION"
"CRP","T85738A","INFECTION AND INFLAMMATORY REACTION DUE TO OTHER NERVOUS SYSTEM DEVICE, IMPLANT OR GRAFT, INITIAL ENCOUNTER","INFECTION"
"CRP","T85738D","INFECTION AND INFLAMMATORY REACTION DUE TO OTHER NERVOUS SYSTEM DEVICE, IMPLANT OR GRAFT, SUBSEQUENT ENCOUNTER","INFECTION"
"CRP","T85738S","INFECTION AND INFLAMMATORY REACTION DUE TO OTHER NERVOUS SYSTEM DEVICE, IMPLANT OR GRAFT, SEQUELA","INFECTION"
"CRP","T8579XA","INFECTION AND INFLAMMATORY REACTION DUE TO OTHER INTERNAL PROSTHETIC DEVICES, IMPLANTS AND GRAFTS, INITIAL ENCOUNTER","INFECTION"
"CRP","T8579XD","INFECTION AND INFLAMMATORY REACTION DUE TO OTHER INTERNAL PROSTHETIC DEVICES, IMPLANTS AND GRAFTS, SUBSEQUENT ENCOUNTER","INFECTION"
"CRP","T8579XS","INFECTION AND INFLAMMATORY REACTION DUE TO OTHER INTERNAL PROSTHETIC DEVICES, IMPLANTS AND GRAFTS, SEQUELA","INFECTION"
"CRP","T8603","BONE MARROW TRANSPLANT INFECTION","INFECTION"
"CRP","T8613","KIDNEY TRANSPLANT INFECTION","INFECTION"
"CRP","T8623","HEART TRANSPLANT INFECTION","INFECTION"
"CRP","T8633","HEART-LUNG TRANSPLANT INFECTION","INFECTION"
"CRP","T8643","LIVER TRANSPLANT INFECTION","INFECTION"
"CRP","T86812","LUNG TRANSPLANT INFECTION","INFECTION"
"CRP","T86822","SKIN GRAFT (ALLOGRAFT) (AUTOGRAFT) INFECTION","INFECTION"
"CRP","T86832","BONE GRAFT INFECTION","INFECTION"
"CRP","T868421","CORNEAL TRANSPLANT INFECTION, RIGHT EYE","INFECTION"
"CRP","T868422","CORNEAL TRANSPLANT INFECTION, LEFT EYE","INFECTION"
"CRP","T868423","CORNEAL TRANSPLANT INFECTION, BILATERAL","INFECTION"
"CRP","T868429","CORNEAL TRANSPLANT INFECTION, UNSPECIFIED EYE","INFECTION"
"CRP","T86852","INTESTINE TRANSPLANT INFECTION","INFECTION"
"CRP","T86892","OTHER TRANSPLANTED TISSUE INFECTION","INFECTION"
"CRP","T8693","UNSPECIFIED TRANSPLANTED ORGAN AND TISSUE INFECTION","INFECTION"
"CRP","T8740","INFECTION OF AMPUTATION STUMP, UNSPECIFIED EXTREMITY","INFECTION"
"CRP","T8741","INFECTION OF AMPUTATION STUMP, RIGHT UPPER EXTREMITY","INFECTION"
"CRP","T8742","INFECTION OF AMPUTATION STUMP, LEFT UPPER EXTREMITY","INFECTION"
"CRP","T8743","INFECTION OF AMPUTATION STUMP, RIGHT LOWER EXTREMITY","INFECTION"
"CRP","T8744","INFECTION OF AMPUTATION STUMP, LEFT LOWER EXTREMITY","INFECTION"
"CRP","T880XXA","INFECTION FOLLOWING IMMUNIZATION, INITIAL ENCOUNTER","INFECTION"
"CRP","T880XXD","INFECTION FOLLOWING IMMUNIZATION, SUBSEQUENT ENCOUNTER","INFECTION"
"CRP","T880XXS","INFECTION FOLLOWING IMMUNIZATION, SEQUELA","INFECTION"
"CRP","Z113","ENCOUNTER FOR SCREENING FOR INFECTIONS WITH A PREDOMINANTLY SEXUAL MODE OF TRANSMISSION","INFECTION"
"CRP","Z117","ENCOUNTER FOR TESTING FOR LATENT TUBERCULOSIS INFECTION","INFECTION"
"CRP","Z13850","ENCOUNTER FOR SCREENING FOR TRAUMATIC BRAIN INJURY","TRAUMA"
"CRP","Z15060","GENETIC SUSCEPTIBILITY TO COLORECTAL CANCER","CANCER"
"CRP","Z191","HORMONE SENSITIVE MALIGNANCY STATUS","MALIGNANCY"
"CRP","Z192","HORMONE RESISTANT MALIGNANCY STATUS","MALIGNANCY"
"CRP","Z202","CONTACT WITH AND (SUSPECTED) EXPOSURE TO INFECTIONS WITH A PREDOMINANTLY SEXUAL MODE OF TRANSMISSION","INFECTION"
"CRP","Z205","CONTACT WITH AND (SUSPECTED) EXPOSURE TO VIRAL HEPATITIS","HEPATITIS"
"CRP","Z21","ASYMPTOMATIC HUMAN IMMUNODEFICIENCY VIRUS [HIV] INFECTION STATUS","INFECTION"
"CRP","Z224","CARRIER OF INFECTIONS WITH A PREDOMINANTLY SEXUAL MODE OF TRANSMISSION","INFECTION"
"CRP","Z226","CARRIER OF HUMAN T-LYMPHOTROPIC VIRUS TYPE-1 [HTLV-1] INFECTION","INFECTION"
"CRP","Z51A","ENCOUNTER FOR SEPSIS AFTERCARE","SEPSIS"
"CRP","Z823","FAMILY HISTORY OF STROKE","STROKE"
"CRP","Z8261","FAMILY HISTORY OF ARTHRITIS","ARTHRITIS"
"CRP","Z8614","PERSONAL HISTORY OF METHICILLIN RESISTANT STAPHYLOCOCCUS AUREUS INFECTION","INFECTION"
"CRP","Z8615","PERSONAL HISTORY OF LATENT TUBERCULOSIS INFECTION","INFECTION"
"CRP","Z8661","PERSONAL HISTORY OF INFECTIONS OF THE CENTRAL NERVOUS SYSTEM","INFECTION"
"CRP","Z8701","PERSONAL HISTORY OF PNEUMONIA (RECURRENT)","PNEUMONIA"
"CRP","Z87440","PERSONAL HISTORY OF URINARY (TRACT) INFECTIONS","INFECTION; URINARY.*TRACT.*INFECTION"
"CRP","Z8761","PERSONAL HISTORY OF (CORRECTED) NECROTIZING ENTEROCOLITIS OF NEWBORN","COLITIS"
"CRP","Z8781","PERSONAL HISTORY OF (HEALED) TRAUMATIC FRACTURE","TRAUMA"
"CRP","Z87820","PERSONAL HISTORY OF TRAUMATIC BRAIN INJURY","TRAUMA"
"CRP","Z87828","PERSONAL HISTORY OF OTHER (HEALED) PHYSICAL INJURY AND TRAUMA","TRAUMA"
"CRP","Z9149","OTHER PERSONAL HISTORY OF PSYCHOLOGICAL TRAUMA, NOT ELSEWHERE CLASSIFIED","TRAUMA"
"HCST","D510","VITAMIN B12 DEFICIENCY ANEMIA DUE TO INTRINSIC FACTOR DEFICIENCY","VITAMIN.*DEFICIENCY; VITAMIN.*B12.*DEFICIENCY; B12.*DEFICIENCY"
"HCST","D511","VITAMIN B12 DEFICIENCY ANEMIA DUE TO SELECTIVE VITAMIN B12 MALABSORPTION WITH PROTEINURIA","VITAMIN.*DEFICIENCY; VITAMIN.*B12.*DEFICIENCY; B12.*DEFICIENCY"
"HCST","D512","TRANSCOBALAMIN II DEFICIENCY","COBALAMIN.*DEFICIENCY"
"HCST","D513","OTHER DIETARY VITAMIN B12 DEFICIENCY ANEMIA","VITAMIN.*DEFICIENCY; VITAMIN.*B12.*DEFICIENCY; B12.*DEFICIENCY"
"HCST","D518","OTHER VITAMIN B12 DEFICIENCY ANEMIAS","VITAMIN.*DEFICIENCY; VITAMIN.*B12.*DEFICIENCY; B12.*DEFICIENCY"
"HCST","D519","VITAMIN B12 DEFICIENCY ANEMIA, UNSPECIFIED","VITAMIN.*DEFICIENCY; VITAMIN.*B12.*DEFICIENCY; B12.*DEFICIENCY"
"HCST","D520","DIETARY FOLATE DEFICIENCY ANEMIA","FOLATE.*DEFICIENCY"
"HCST","D521","DRUG-INDUCED FOLATE DEFICIENCY ANEMIA","FOLATE.*DEFICIENCY"
"HCST","D528","OTHER FOLATE DEFICIENCY ANEMIAS","FOLATE.*DEFICIENCY"
"HCST","D529","FOLATE DEFICIENCY ANEMIA, UNSPECIFIED","FOLATE.*DEFICIENCY"
"HCST","E500","VITAMIN A DEFICIENCY WITH CONJUNCTIVAL XEROSIS","VITAMIN.*DEFICIENCY"
"HCST","E501","VITAMIN A DEFICIENCY WITH BITOT'S SPOT AND CONJUNCTIVAL XEROSIS","VITAMIN.*DEFICIENCY"
"HCST","E502","VITAMIN A DEFICIENCY WITH CORNEAL XEROSIS","VITAMIN.*DEFICIENCY"
"HCST","E503","VITAMIN A DEFICIENCY WITH CORNEAL ULCERATION AND XEROSIS","VITAMIN.*DEFICIENCY"
"HCST","E504","VITAMIN A DEFICIENCY WITH KERATOMALACIA","VITAMIN.*DEFICIENCY"
"HCST","E505","VITAMIN A DEFICIENCY WITH NIGHT BLINDNESS","VITAMIN.*DEFICIENCY"
"HCST","E506","VITAMIN A DEFICIENCY WITH XEROPHTHALMIC SCARS OF CORNEA","VITAMIN.*DEFICIENCY"
"HCST","E507","OTHER OCULAR MANIFESTATIONS OF VITAMIN A DEFICIENCY","VITAMIN.*DEFICIENCY"
"HCST","E508","OTHER MANIFESTATIONS OF VITAMIN A DEFICIENCY","VITAMIN.*DEFICIENCY"
"HCST","E509","VITAMIN A DEFICIENCY, UNSPECIFIED","VITAMIN.*DEFICIENCY"
"HCST","E531","PYRIDOXINE DEFICIENCY","PYRIDOXINE.*DEFICIENCY"
"HCST","E539","VITAMIN B DEFICIENCY, UNSPECIFIED","VITAMIN.*DEFICIENCY"
"HCST","E559","VITAMIN D DEFICIENCY, UNSPECIFIED","VITAMIN.*DEFICIENCY"
"HCST","E569","VITAMIN DEFICIENCY, UNSPECIFIED","VITAMIN.*DEFICIENCY"
"HCST","E641","SEQUELAE OF VITAMIN A DEFICIENCY","VITAMIN.*DEFICIENCY"
"HCST","E642","SEQUELAE OF VITAMIN C DEFICIENCY","VITAMIN.*DEFICIENCY"
"HCST","E7211","HOMOCYSTINURIA","HOMOCYSTINURIA"
"HCST","E7212","METHYLENETETRAHYDROFOLATE REDUCTASE DEFICIENCY","FOLATE.*DEFICIENCY; METHYLENETETRAHYDROFOLATE.*REDUCTASE.*DEFICIENCY"
"HCST","E8889","OTHER SPECIFIED METABOLIC DISORDERS","METABOLIC.*DISORDER"
"HCST","E889","METABOLIC DISORDER, UNSPECIFIED","METABOLIC.*DISORDER"
"HCST","E8989","OTHER POSTPROCEDURAL ENDOCRINE AND METABOLIC COMPLICATIONS AND DISORDERS","METABOLIC.*DISORDER"
"HCST","H18031","CORNEAL DEPOSITS IN METABOLIC DISORDERS, RIGHT EYE","METABOLIC.*DISORDER"
"HCST","H18032","CORNEAL DEPOSITS IN METABOLIC DISORDERS, LEFT EYE","METABOLIC.*DISORDER"
"HCST","H18033","CORNEAL DEPOSITS IN METABOLIC DISORDERS, BILATERAL","METABOLIC.*DISORDER"
"HCST","H18039","CORNEAL DEPOSITS IN METABOLIC DISORDERS, UNSPECIFIED EYE","METABOLIC.*DISORDER"
"HCST","O0333","METABOLIC DISORDER FOLLOWING INCOMPLETE SPONTANEOUS ABORTION","METABOLIC.*DISORDER"
"HCST","O0383","METABOLIC DISORDER FOLLOWING COMPLETE OR UNSPECIFIED SPONTANEOUS ABORTION","METABOLIC.*DISORDER"
"HCST","O0483","METABOLIC DISORDER FOLLOWING (INDUCED) TERMINATION OF PREGNANCY","METABOLIC.*DISORDER"
"HCST","O0733","METABOLIC DISORDER FOLLOWING FAILED ATTEMPTED TERMINATION OF PREGNANCY","METABOLIC.*DISORDER"
"HCST","O085","METABOLIC DISORDERS FOLLOWING AN ECTOPIC AND MOLAR PREGNANCY","METABOLIC.*DISORDER"
"HCST","Z13228","ENCOUNTER FOR SCREENING FOR OTHER METABOLIC DISORDERS","METABOLIC.*DISORDER"
"TRIG","E782","MIXED HYPERLIPIDEMIA","HYPERLIPIDEMIA; MIXED.*HYPERLIPIDEMIA"
"TRIG","E7849","OTHER HYPERLIPIDEMIA","HYPERLIPIDEMIA"
"TRIG","E785","HYPERLIPIDEMIA, UNSPECIFIED","HYPERLIPIDEMIA"
"TRIG","E88810","METABOLIC SYNDROME","METABOLIC.*SYNDROME"
